"PricePerNight","Region","UserIncome","Booked?","Nights"
329,"Las Vegas",113208,1,2
555,"Miami",179905,1,1
384,"New York",189653,1,5
597,"Miami",165597,1,5
623,"Washington",140525,0,0
221,"Chicago",82470,1,3
438,"Washington",45518,1,5
602,"Miami",68625,0,0
448,"Miami",158447,1,2
405,"Miami",29423,1,3
631,"Las Vegas",151132,0,0
404,"Chicago",99229,1,5
505,"Las Vegas",43426,0,0
458,"Hawaii",189777,1,4
246,"Las Vegas",30265,1,1
605,"Miami",167895,1,3
311,"Hawaii",113344,1,2
219,"Washington",135383,1,5
348,"Miami",66902,1,5
630,"Miami",58742,0,0
600,"Washington",138411,1,1
512,"Hawaii",30290,0,0
488,"Hawaii",117126,1,5
647,"New York",192229,1,2
495,"New York",192839,1,4
519,"Washington",87995,1,4
445,"Chicago",190971,1,3
467,"Las Vegas",27957,0,0
330,"Las Vegas",149335,1,4
266,"Las Vegas",98017,1,4
633,"Washington",69180,0,0
606,"Hawaii",128137,1,5
511,"Las Vegas",38149,0,0
558,"Las Vegas",64664,0,0
211,"Chicago",77031,0,0
415,"New York",30412,1,3
541,"New York",44525,1,1
297,"Chicago",129893,1,2
343,"Hawaii",165192,1,5
304,"New York",165536,1,5
264,"Las Vegas",69684,1,2
387,"Miami",158707,1,1
386,"Washington",130800,1,1
366,"Chicago",93106,0,0
269,"Miami",152822,1,5
262,"Washington",195066,1,5
305,"Las Vegas",175395,1,3
410,"Miami",58193,0,0
320,"Washington",172661,1,4
586,"New York",111449,1,4
221,"Chicago",103684,1,1
399,"Miami",171055,1,4
560,"Las Vegas",122783,1,3
255,"Miami",88132,1,1
452,"Las Vegas",79458,0,0
293,"Miami",126491,1,3
257,"New York",119875,1,4
539,"Chicago",186564,1,2
603,"New York",34075,0,0
369,"Las Vegas",110551,1,2
499,"Miami",37702,0,0
243,"New York",79527,1,5
373,"Las Vegas",145744,1,2
323,"Las Vegas",73695,1,3
567,"New York",116720,0,0
402,"New York",95799,0,0
565,"Hawaii",125824,0,0
566,"New York",83033,0,0
557,"Miami",46569,0,0
398,"Las Vegas",144387,1,3
540,"Miami",132211,1,4
483,"Miami",71987,0,0
520,"Washington",198474,1,5
200,"Las Vegas",59832,0,0
414,"Washington",183413,1,1
299,"New York",108118,1,5
371,"Miami",77012,1,2
476,"Washington",153962,0,0
358,"Hawaii",55620,1,5
250,"Las Vegas",118067,1,4
310,"Chicago",188091,1,2
501,"Miami",103705,0,0
388,"Hawaii",128251,1,4
555,"Las Vegas",110232,0,0
246,"Miami",76049,1,5
396,"Washington",139164,1,1
643,"New York",33250,1,4
602,"Miami",43704,0,0
599,"Las Vegas",81036,1,2
279,"New York",83508,0,0
259,"Miami",50009,0,0
494,"New York",122475,1,1
355,"Miami",34527,1,1
496,"Las Vegas",153757,0,0
344,"Las Vegas",155168,1,2
284,"Miami",53846,1,1
552,"Washington",160100,0,0
242,"Chicago",55723,1,3
410,"Chicago",147384,1,3
430,"Las Vegas",66176,1,5
470,"New York",128761,0,0
350,"Chicago",47314,0,0
420,"Hawaii",57964,1,1
630,"New York",77709,0,0
417,"Las Vegas",139943,1,5
601,"Las Vegas",175960,1,1
611,"Hawaii",161407,1,5
474,"Hawaii",46367,0,0
385,"New York",126217,0,0
266,"Hawaii",164211,1,4
621,"Miami",197083,1,1
336,"Hawaii",164721,1,5
227,"Hawaii",67947,1,2
626,"Hawaii",160591,1,4
524,"New York",154943,1,2
264,"Miami",116794,1,4
447,"Miami",32126,0,0
629,"Washington",44124,1,2
463,"Washington",199379,1,4
382,"Las Vegas",127217,1,3
492,"New York",61554,0,0
344,"Las Vegas",128045,1,2
338,"Miami",42727,0,0
299,"Las Vegas",124872,1,4
366,"Miami",55490,1,1
643,"Chicago",194402,1,5
269,"Las Vegas",129530,1,1
241,"Washington",83388,1,3
264,"Las Vegas",51490,1,2
511,"Las Vegas",128893,1,1
479,"Las Vegas",76991,1,3
601,"Chicago",113941,0,0
503,"Miami",129122,0,0
532,"New York",186109,1,2
435,"Washington",95650,0,0
497,"Las Vegas",29652,0,0
570,"Miami",116592,1,1
554,"Hawaii",75614,0,0
641,"Hawaii",55906,1,3
398,"New York",83720,1,3
340,"Miami",77111,1,1
384,"Chicago",179376,1,5
205,"Hawaii",79776,1,3
283,"New York",114138,1,3
579,"Hawaii",191084,0,0
304,"Miami",41956,1,5
308,"Chicago",88850,1,5
235,"Washington",130027,1,1
311,"Miami",70231,0,0
529,"Las Vegas",135007,1,5
581,"Miami",156897,0,0
424,"New York",107509,0,0
375,"Miami",164839,1,4
311,"New York",83306,0,0
250,"Hawaii",114907,1,5
375,"Las Vegas",36253,1,3
457,"Chicago",170470,1,1
298,"Hawaii",126823,1,1
400,"Las Vegas",66606,1,1
298,"Las Vegas",41859,0,0
426,"Chicago",184625,1,2
359,"Hawaii",160075,0,0
492,"Miami",61194,1,2
369,"Las Vegas",150656,1,3
360,"New York",161324,1,1
440,"Miami",86079,0,0
533,"New York",66818,0,0
299,"New York",189500,1,2
386,"Hawaii",183407,1,5
320,"Chicago",178287,1,4
483,"Chicago",111096,1,4
283,"Hawaii",35837,0,0
589,"Hawaii",50774,0,0
536,"Chicago",65910,0,0
501,"Chicago",82761,0,0
478,"Miami",151184,1,2
368,"Washington",131615,1,4
438,"Washington",28602,1,1
594,"Washington",114312,1,1
462,"Miami",153792,1,2
578,"Miami",33208,0,0
341,"Chicago",194929,1,3
519,"Chicago",183169,1,2
319,"Hawaii",123809,0,0
467,"New York",105564,1,5
417,"Washington",173076,1,3
319,"New York",32142,0,0
454,"Chicago",185594,0,0
611,"New York",154198,0,0
606,"Chicago",64444,0,0
323,"Washington",80341,0,0
345,"Chicago",59897,1,1
644,"New York",156220,1,1
479,"Las Vegas",151920,1,5
622,"Washington",154763,1,3
410,"Hawaii",45424,1,1
383,"Hawaii",32636,0,0
497,"Hawaii",41663,1,1
269,"Chicago",151941,1,4
458,"New York",37311,1,2
307,"Miami",76702,1,2
633,"Washington",137964,0,0
471,"Miami",85430,1,2
432,"New York",94936,1,1
381,"Washington",113444,0,0
596,"Washington",194714,1,2
364,"Las Vegas",129018,1,4
330,"Chicago",102861,1,4
277,"Washington",104606,1,4
277,"Miami",123146,1,5
417,"Washington",159611,1,1
314,"Washington",48394,0,0
297,"Las Vegas",39853,0,0
503,"Las Vegas",86841,0,0
221,"Washington",76058,1,2
515,"Las Vegas",189072,0,0
358,"Washington",130773,1,1
384,"New York",122485,0,0
569,"Chicago",115895,0,0
613,"Miami",37024,0,0
327,"Washington",186943,0,0
632,"Chicago",92560,0,0
528,"Hawaii",114474,1,3
509,"New York",35081,0,0
224,"Miami",179149,1,5
378,"Las Vegas",28491,1,1
415,"Hawaii",33315,0,0
452,"Las Vegas",33502,0,0
514,"New York",108756,1,4
612,"New York",37516,0,0
478,"Las Vegas",117586,1,5
393,"Chicago",166281,1,2
444,"Washington",50492,1,4
226,"Las Vegas",43312,0,0
317,"Hawaii",189992,1,1
379,"New York",112601,1,4
289,"Washington",72085,1,5
574,"Miami",182569,0,0
269,"Hawaii",146811,1,3
562,"Miami",94024,0,0
446,"Washington",172588,1,2
498,"Hawaii",100185,1,1
277,"Chicago",194742,1,1
485,"Washington",86943,0,0
340,"New York",145940,1,3
526,"Hawaii",86650,0,0
380,"Miami",83977,0,0
636,"Miami",68806,0,0
635,"Hawaii",26045,0,0
527,"New York",192061,1,1
316,"Miami",117581,1,3
300,"New York",185459,1,2
467,"New York",87030,0,0
320,"Miami",96026,0,0
439,"Hawaii",165746,1,3
553,"Hawaii",46466,0,0
276,"New York",188534,0,0
382,"Washington",184784,1,1
412,"Chicago",34161,1,4
591,"Miami",160133,0,0
617,"Washington",122258,1,4
597,"Hawaii",95815,0,0
503,"New York",53867,1,2
628,"Washington",197373,0,0
432,"Las Vegas",176308,1,3
459,"Washington",46839,0,0
351,"Hawaii",112881,1,4
356,"Chicago",169462,0,0
209,"Hawaii",145314,1,2
426,"Chicago",32449,0,0
592,"Las Vegas",89350,0,0
203,"Las Vegas",100135,1,1
232,"Chicago",186727,1,2
274,"Washington",127432,1,1
547,"Las Vegas",39392,0,0
531,"New York",157909,1,2
637,"Miami",176647,1,5
410,"Miami",126331,1,1
233,"Washington",196799,0,0
492,"Las Vegas",81881,1,5
541,"New York",161442,1,4
262,"Chicago",73949,1,4
378,"Washington",99961,1,1
301,"New York",129081,0,0
226,"New York",86637,1,5
378,"Chicago",154079,1,1
229,"Miami",101130,1,1
302,"Las Vegas",144054,1,3
225,"Miami",118050,1,1
502,"New York",100053,1,4
334,"Washington",138244,1,2
245,"Las Vegas",85326,1,4
232,"Hawaii",190033,1,5
596,"Washington",41311,0,0
539,"Washington",140285,0,0
567,"Washington",130621,1,1
642,"Las Vegas",132890,1,3
247,"Las Vegas",150513,1,2
245,"New York",142044,1,1
559,"New York",40402,0,0
553,"Miami",181358,1,3
204,"Washington",158141,1,1
551,"Las Vegas",177748,1,2
528,"Miami",197432,0,0
484,"Chicago",74865,0,0
416,"Hawaii",168307,1,4
270,"Hawaii",120582,0,0
204,"Miami",37301,1,1
404,"Miami",93297,1,2
422,"Las Vegas",181963,1,1
375,"Miami",63513,1,5
409,"Hawaii",115643,1,1
521,"Las Vegas",81812,0,0
225,"Hawaii",132661,0,0
360,"Hawaii",116875,1,3
561,"New York",111876,0,0
576,"Las Vegas",31866,0,0
307,"Las Vegas",47891,0,0
359,"Las Vegas",120382,0,0
586,"Chicago",36961,0,0
584,"Hawaii",32091,1,1
333,"Hawaii",186174,1,2
266,"Washington",112101,1,5
517,"Chicago",87025,1,3
247,"Miami",66300,0,0
215,"Washington",64606,1,4
650,"Washington",71595,0,0
216,"Chicago",69115,1,3
352,"Miami",63830,0,0
612,"Miami",189397,1,1
478,"Las Vegas",59132,0,0
329,"New York",65505,0,0
532,"Washington",170314,1,1
575,"Washington",29316,0,0
341,"New York",81246,0,0
422,"Las Vegas",136914,1,4
514,"Washington",116091,0,0
489,"Las Vegas",104439,1,5
490,"Chicago",171842,1,5
640,"Washington",67481,1,4
387,"Miami",124144,1,1
254,"New York",46450,1,5
437,"Las Vegas",119195,1,1
301,"Miami",56979,1,4
419,"Washington",50417,1,1
367,"Miami",50491,0,0
643,"Hawaii",161165,1,2
375,"Miami",53487,0,0
303,"Las Vegas",185160,1,4
480,"Hawaii",149974,0,0
261,"Hawaii",146260,1,3
635,"New York",159634,1,1
432,"New York",85133,0,0
273,"Hawaii",115735,1,4
480,"New York",158045,1,3
644,"New York",62305,0,0
501,"Las Vegas",25954,1,2
389,"Miami",190993,1,2
346,"Hawaii",70189,1,3
576,"New York",108746,0,0
265,"New York",118005,1,4
287,"Chicago",51178,1,1
604,"New York",196637,1,5
339,"Las Vegas",182965,1,4
363,"Chicago",46681,1,1
553,"New York",174002,1,1
287,"Washington",65737,0,0
208,"New York",159671,1,5
383,"Miami",78532,0,0
417,"Miami",74396,0,0
390,"Miami",79155,0,0
354,"Hawaii",153954,1,2
590,"Chicago",128007,1,1
405,"Miami",59330,0,0
440,"Las Vegas",140450,1,1
634,"Hawaii",103779,0,0
549,"Miami",77935,0,0
294,"Washington",84767,1,5
339,"New York",119389,0,0
637,"Chicago",168502,0,0
463,"Las Vegas",120455,1,2
542,"Miami",114815,1,1
368,"Chicago",53602,0,0
546,"Hawaii",53980,0,0
442,"Chicago",38211,0,0
611,"Chicago",72560,0,0
283,"Las Vegas",128029,1,2
327,"Hawaii",76219,0,0
243,"Chicago",104950,1,1
295,"Washington",194370,1,5
640,"Miami",103735,0,0
333,"Miami",117795,1,1
527,"Las Vegas",190477,1,1
554,"Chicago",103227,1,4
247,"Las Vegas",173133,1,3
308,"Miami",93886,0,0
322,"New York",145329,0,0
245,"Chicago",104637,1,5
253,"Las Vegas",39033,0,0
646,"Washington",106244,1,5
644,"New York",54723,0,0
262,"Washington",29640,0,0
607,"Las Vegas",187293,0,0
459,"New York",103071,1,3
378,"Las Vegas",181891,1,3
402,"Miami",147243,1,3
518,"Chicago",36493,1,5
237,"Miami",63767,1,3
353,"Las Vegas",164306,1,2
506,"Hawaii",92699,1,3
343,"New York",61676,1,1
574,"Hawaii",48660,0,0
297,"Las Vegas",188894,1,2
424,"New York",166604,1,4
324,"Washington",102036,0,0
286,"New York",63432,1,3
628,"Miami",147166,1,2
345,"New York",170897,1,2
415,"Las Vegas",184534,1,5
213,"Las Vegas",78735,0,0
446,"New York",177919,1,3
490,"Chicago",67022,0,0
468,"Miami",106658,1,3
345,"New York",193311,1,2
601,"Miami",179034,1,2
482,"Chicago",123259,0,0
336,"Miami",70966,1,5
375,"New York",185818,1,5
272,"Miami",133883,1,1
588,"New York",186362,0,0
629,"Miami",76389,1,3
454,"Washington",152241,0,0
348,"Hawaii",139943,1,5
648,"Las Vegas",53985,0,0
306,"Washington",41425,0,0
476,"New York",66714,0,0
249,"Washington",151910,1,5
419,"Hawaii",182664,1,1
245,"Hawaii",181125,1,5
273,"Miami",47815,0,0
327,"Hawaii",182395,1,5
463,"Miami",37865,0,0
529,"Miami",103161,1,1
274,"Chicago",33780,0,0
590,"New York",198400,0,0
519,"Chicago",123618,1,1
542,"Las Vegas",75033,1,2
266,"New York",177816,1,3
361,"New York",135991,1,5
503,"New York",56236,0,0
436,"New York",41259,1,5
357,"Miami",169058,1,5
308,"New York",137338,1,5
226,"Miami",53067,1,4
306,"Chicago",129861,0,0
601,"Miami",158408,1,1
565,"Miami",37328,0,0
536,"Chicago",74080,0,0
270,"Miami",115208,1,1
256,"Miami",65563,1,2
639,"Las Vegas",134417,1,5
396,"Miami",33702,0,0
409,"New York",145540,1,5
274,"Las Vegas",136091,1,5
463,"Miami",126162,1,1
322,"New York",189074,1,3
304,"Miami",65791,1,5
511,"Chicago",84035,1,4
327,"Miami",39900,1,1
565,"Washington",47432,1,1
242,"Hawaii",187801,0,0
570,"Washington",39223,1,4
392,"Miami",90668,1,3
540,"Hawaii",131175,1,4
498,"Las Vegas",181178,1,3
400,"Hawaii",103511,1,3
482,"Hawaii",29049,0,0
200,"Las Vegas",71115,1,5
298,"Washington",196213,0,0
517,"Hawaii",114286,0,0
297,"New York",49588,0,0
566,"Las Vegas",32086,0,0
338,"Las Vegas",93384,1,5
509,"Miami",181622,1,2
620,"Las Vegas",163002,1,1
252,"Hawaii",96546,1,5
257,"Miami",129996,0,0
505,"New York",112007,1,5
393,"New York",66238,1,3
575,"Washington",193436,1,1
637,"Miami",26606,0,0
232,"Washington",180192,1,5
407,"Las Vegas",115334,1,2
516,"Las Vegas",100599,1,1
239,"Hawaii",57963,1,1
647,"Washington",172845,1,5
314,"Las Vegas",25264,0,0
222,"New York",43990,1,2
509,"New York",84720,0,0
554,"Miami",158954,1,4
359,"New York",140217,1,5
365,"Miami",67218,0,0
329,"Washington",70827,1,5
236,"New York",197854,1,5
364,"Las Vegas",110528,0,0
280,"New York",168255,1,4
441,"Las Vegas",139293,0,0
427,"Chicago",135108,1,3
625,"Washington",31929,0,0
354,"Las Vegas",140419,0,0
409,"Las Vegas",181888,1,5
237,"Las Vegas",60190,1,1
587,"Las Vegas",107215,0,0
378,"New York",165304,1,5
531,"Washington",199538,1,4
277,"Washington",123424,1,1
405,"Miami",180991,1,3
547,"Las Vegas",173477,1,1
228,"Miami",194237,1,5
567,"Miami",161150,1,4
336,"Hawaii",92235,1,2
364,"Miami",170157,1,1
340,"Hawaii",74923,1,2
217,"Las Vegas",131561,1,5
433,"Washington",142317,1,1
506,"Washington",152868,1,5
606,"Las Vegas",126286,1,5
211,"Miami",110388,0,0
645,"Las Vegas",38187,0,0
336,"Miami",76852,1,4
623,"Washington",168885,1,3
509,"Las Vegas",36089,1,1
401,"Las Vegas",151778,1,2
567,"Las Vegas",187716,1,5
218,"Miami",138392,1,4
533,"Las Vegas",180062,1,3
357,"Miami",110305,0,0
573,"Hawaii",67294,0,0
441,"Las Vegas",67453,1,5
324,"Chicago",188129,1,2
560,"Hawaii",55385,0,0
241,"Las Vegas",123534,1,2
574,"New York",54408,1,3
325,"Washington",50290,0,0
539,"New York",26621,1,4
634,"Washington",131704,0,0
237,"Las Vegas",195185,1,4
584,"New York",194442,1,1
561,"Chicago",174773,1,2
373,"Las Vegas",127406,0,0
347,"Las Vegas",54787,0,0
292,"Las Vegas",102582,1,1
456,"Hawaii",103711,0,0
600,"Hawaii",61657,0,0
438,"Chicago",91958,1,4
464,"Miami",182800,1,2
500,"Las Vegas",94487,1,5
438,"Chicago",146787,1,2
429,"Hawaii",96728,1,4
207,"Chicago",178467,1,5
221,"Hawaii",156984,1,1
618,"Las Vegas",191862,0,0
546,"Hawaii",101294,0,0
290,"Miami",156800,1,4
493,"Chicago",131696,1,3
494,"Las Vegas",69739,0,0
378,"Chicago",159858,1,4
566,"Chicago",169909,0,0
446,"Chicago",143989,0,0
598,"Hawaii",130149,1,2
449,"New York",104233,1,5
608,"Chicago",37778,0,0
464,"Las Vegas",140088,1,1
391,"Las Vegas",73376,1,1
627,"Miami",26466,1,3
519,"New York",115409,1,3
386,"Hawaii",78666,1,1
208,"Miami",110117,1,2
455,"Hawaii",188022,0,0
421,"Chicago",120793,0,0
595,"Las Vegas",133781,0,0
566,"Hawaii",142802,1,2
584,"Miami",186960,1,4
366,"Chicago",195831,1,3
593,"New York",90128,0,0
268,"Miami",85243,1,2
327,"Washington",52191,1,2
500,"Miami",76320,1,2
640,"Miami",55333,1,5
462,"New York",55220,0,0
437,"Hawaii",115965,1,1
227,"Miami",190263,1,1
636,"Miami",41397,0,0
254,"Miami",166607,1,1
240,"Chicago",179783,1,3
596,"Las Vegas",65534,0,0
429,"Washington",131220,1,3
352,"Hawaii",26707,0,0
602,"Washington",89523,0,0
214,"Las Vegas",147056,1,2
307,"Las Vegas",181652,1,3
509,"Hawaii",138291,1,4
302,"Chicago",129163,1,5
343,"Chicago",68893,1,1
278,"Washington",92030,1,4
561,"Miami",199426,1,4
266,"Las Vegas",32385,0,0
570,"Washington",157984,1,1
349,"Las Vegas",39565,1,5
368,"Chicago",91757,1,1
483,"New York",77859,1,3
243,"Miami",173183,1,5
210,"Chicago",82789,0,0
647,"Chicago",57449,0,0
463,"New York",129026,1,2
552,"Washington",153438,0,0
601,"Hawaii",43069,0,0
540,"New York",182533,0,0
641,"Hawaii",33150,0,0
220,"Miami",139891,1,2
607,"Miami",66873,1,3
589,"Washington",27444,0,0
549,"Hawaii",186406,1,5
370,"Washington",91041,1,3
219,"Las Vegas",67388,0,0
364,"Chicago",50390,1,5
323,"Las Vegas",125185,1,1
583,"Chicago",63095,0,0
363,"Washington",105936,1,3
337,"Miami",174852,1,4
542,"Miami",67966,0,0
580,"Miami",152075,0,0
406,"New York",52044,1,4
528,"Las Vegas",163003,1,4
247,"Miami",67635,0,0
299,"Chicago",119093,1,4
629,"Hawaii",47049,0,0
538,"Hawaii",56474,0,0
569,"Washington",165836,1,3
388,"Washington",197981,1,4
467,"Hawaii",111256,1,1
559,"New York",50536,0,0
600,"New York",122609,0,0
373,"Hawaii",85805,0,0
241,"New York",107243,1,1
482,"Chicago",90693,1,1
536,"New York",96274,1,2
238,"Hawaii",152397,1,4
335,"Miami",125803,1,1
477,"Chicago",39978,0,0
539,"Chicago",118194,1,2
613,"Las Vegas",162351,0,0
414,"Las Vegas",84378,0,0
455,"Las Vegas",105415,1,4
531,"Chicago",179903,0,0
586,"Hawaii",46701,0,0
609,"Miami",173112,1,3
225,"New York",193593,1,1
426,"New York",91463,1,2
358,"Chicago",161736,1,1
581,"Chicago",113998,0,0
563,"Miami",51238,0,0
253,"Miami",110207,0,0
521,"Miami",176967,1,5
306,"Las Vegas",143727,1,4
234,"New York",93291,1,1
621,"Miami",174230,1,3
271,"Chicago",94643,1,5
491,"New York",48702,1,1
278,"Miami",113926,1,1
209,"Miami",91498,0,0
435,"New York",31070,1,4
239,"Miami",37635,0,0
327,"Hawaii",189967,1,4
389,"New York",80510,1,4
464,"Las Vegas",79243,0,0
563,"Hawaii",132907,0,0
291,"New York",83666,1,4
407,"Las Vegas",96190,1,2
402,"Miami",115276,1,5
530,"Las Vegas",54854,0,0
522,"Chicago",115548,1,1
574,"Chicago",111961,0,0
599,"New York",143075,1,3
629,"Las Vegas",78183,0,0
448,"Miami",168031,1,4
435,"Chicago",103686,0,0
277,"Chicago",181472,1,3
416,"New York",86961,0,0
314,"Washington",196248,1,3
218,"Hawaii",69643,1,4
486,"Miami",26931,1,1
443,"Washington",180545,1,4
263,"New York",84834,0,0
328,"New York",28242,0,0
462,"New York",114217,1,5
274,"New York",110783,1,4
243,"Las Vegas",78079,1,1
393,"Miami",136979,1,5
360,"Las Vegas",140222,1,1
580,"New York",83439,1,1
317,"Las Vegas",185324,1,4
210,"Hawaii",103003,1,5
588,"Hawaii",49718,1,1
351,"Miami",114849,0,0
484,"New York",26248,0,0
446,"Hawaii",118690,0,0
369,"Hawaii",37354,1,1
284,"Las Vegas",111346,1,2
393,"New York",119184,0,0
484,"Washington",37423,1,1
434,"Las Vegas",196815,1,4
497,"Hawaii",193827,1,3
528,"New York",165772,1,3
419,"Washington",123609,0,0
373,"Miami",192109,1,3
203,"Miami",88583,0,0
202,"New York",101140,1,3
648,"New York",52712,0,0
249,"Miami",184044,1,2
388,"Las Vegas",169219,1,4
523,"Hawaii",63652,0,0
534,"Las Vegas",125852,1,3
592,"Chicago",68506,1,3
474,"Hawaii",145429,1,2
540,"Miami",145484,1,2
581,"Hawaii",132618,1,4
476,"Chicago",167424,0,0
557,"Washington",173009,1,4
210,"Washington",125668,1,2
388,"Miami",144169,1,2
594,"New York",199329,1,3
491,"New York",110819,1,3
616,"Washington",141359,1,2
278,"New York",108641,1,3
342,"Las Vegas",25085,0,0
562,"Las Vegas",161778,1,2
645,"Chicago",149744,0,0
345,"Washington",126528,1,2
201,"Miami",118588,1,3
646,"New York",83034,0,0
267,"Las Vegas",174452,1,2
222,"Miami",157360,1,2
469,"Hawaii",128876,0,0
345,"Miami",87683,1,3
438,"Hawaii",116205,0,0
558,"Washington",39726,0,0
231,"Las Vegas",138464,1,5
513,"New York",197706,1,2
627,"Hawaii",40280,0,0
325,"New York",98025,0,0
312,"Chicago",181250,1,4
272,"Hawaii",89183,1,2
232,"Las Vegas",185122,1,4
451,"Washington",194695,0,0
420,"Las Vegas",109284,0,0
422,"Miami",189962,1,1
600,"Miami",155397,1,4
217,"Miami",30268,0,0
292,"Hawaii",25433,0,0
431,"Miami",95424,1,1
306,"New York",159857,1,4
459,"Miami",26682,0,0
417,"New York",62951,1,1
456,"Miami",74360,1,3
265,"Hawaii",29506,1,4
266,"New York",99212,1,5
386,"Las Vegas",156699,1,3
507,"Las Vegas",97969,0,0
494,"Las Vegas",132387,1,5
612,"New York",41968,0,0
566,"Miami",41726,0,0
504,"Washington",82568,1,3
563,"Miami",169287,1,3
258,"Las Vegas",100116,0,0
313,"New York",49586,1,1
349,"Miami",54609,0,0
383,"Washington",63065,1,1
486,"Chicago",94316,1,1
564,"Chicago",166074,1,1
316,"Washington",46408,1,2
569,"Washington",51289,1,5
207,"Hawaii",25465,1,1
494,"Las Vegas",46646,0,0
565,"Miami",103188,0,0
408,"Washington",86059,0,0
292,"Hawaii",101272,1,1
208,"Las Vegas",65727,0,0
327,"Chicago",35098,0,0
612,"Washington",51595,0,0
620,"Miami",147245,1,4
444,"Miami",80750,1,4
299,"New York",172235,1,2
420,"Chicago",71053,1,5
561,"Washington",127851,1,1
383,"Miami",151984,0,0
247,"Las Vegas",135836,1,2
326,"Las Vegas",192177,1,3
363,"Las Vegas",104248,1,4
317,"Miami",162242,1,5
412,"New York",92641,1,4
365,"Las Vegas",121046,0,0
255,"New York",143359,0,0
221,"Miami",80102,0,0
318,"New York",75003,1,1
636,"New York",105011,0,0
420,"New York",164017,1,5
415,"Las Vegas",154064,1,3
537,"Washington",90761,1,3
500,"Miami",99765,1,3
222,"Miami",155469,1,3
513,"Las Vegas",99336,0,0
363,"New York",196842,0,0
598,"Miami",75265,0,0
549,"Las Vegas",112759,0,0
263,"Las Vegas",90016,0,0
333,"Chicago",69033,1,3
257,"New York",146441,1,5
465,"Las Vegas",170898,1,2
453,"Hawaii",91118,0,0
510,"Las Vegas",78287,0,0
340,"Chicago",64744,1,2
473,"New York",154415,1,4
646,"Las Vegas",26055,0,0
534,"Miami",76790,0,0
234,"Hawaii",188392,1,4
403,"New York",113458,1,4
224,"Las Vegas",173321,1,5
353,"Las Vegas",125585,1,4
530,"Las Vegas",129712,0,0
202,"Las Vegas",86500,0,0
547,"Washington",136769,1,1
408,"Hawaii",192842,1,3
524,"Miami",161304,0,0
500,"Hawaii",91329,0,0
457,"New York",105494,0,0
517,"Chicago",112314,0,0
496,"New York",96660,1,2
330,"New York",156519,1,3
244,"Las Vegas",169962,1,1
633,"New York",158149,0,0
531,"Chicago",179475,1,4
476,"Chicago",121785,1,1
254,"Hawaii",35625,0,0
448,"Las Vegas",102712,0,0
318,"Washington",31119,0,0
604,"New York",172862,0,0
204,"New York",139693,1,4
306,"Miami",136407,1,1
259,"New York",43712,1,4
347,"Chicago",172170,0,0
527,"Chicago",30377,1,1
646,"Miami",81341,1,2
522,"Las Vegas",152584,0,0
427,"Hawaii",196918,1,2
396,"Las Vegas",79017,0,0
627,"Miami",191152,0,0
254,"Miami",98366,1,5
234,"Washington",56122,1,3
600,"New York",80997,0,0
391,"Las Vegas",91199,1,1
219,"Washington",86618,1,5
491,"Miami",65961,0,0
411,"New York",142665,1,5
478,"Miami",182441,1,3
322,"Las Vegas",41680,1,5
271,"New York",133740,0,0
251,"Hawaii",190031,1,4
428,"Chicago",125335,0,0
447,"Las Vegas",69024,1,4
263,"Las Vegas",63537,1,1
276,"New York",124020,1,1
543,"Chicago",193225,1,4
437,"New York",188457,1,1
587,"Las Vegas",178804,1,1
503,"Miami",30861,1,2
206,"Hawaii",140934,0,0
512,"Miami",84007,1,1
601,"Chicago",192155,1,4
484,"Hawaii",166964,1,5
248,"Las Vegas",123853,1,5
614,"Las Vegas",46859,0,0
504,"New York",85617,0,0
267,"New York",130741,1,2
535,"Miami",26014,0,0
624,"Miami",85259,0,0
389,"Chicago",55899,0,0
334,"New York",136640,1,3
317,"New York",31872,0,0
300,"Miami",114774,1,4
455,"Hawaii",26668,0,0
540,"Washington",33280,0,0
501,"Las Vegas",25779,0,0
446,"Miami",169845,0,0
565,"New York",74816,0,0
542,"Las Vegas",58652,1,1
209,"Washington",136365,1,3
371,"Hawaii",153528,1,4
223,"New York",57771,1,2
559,"Las Vegas",77751,1,5
616,"Las Vegas",127763,1,1
444,"Miami",169753,1,1
584,"Hawaii",48157,0,0
463,"Miami",176387,1,1
501,"Miami",182176,1,5
430,"Las Vegas",193167,1,3
543,"Washington",43383,1,3
607,"New York",36332,0,0
569,"New York",176069,1,4
232,"Chicago",146045,1,4
202,"Las Vegas",97120,1,5
223,"Washington",71599,0,0
590,"Miami",41958,0,0
459,"Chicago",189255,1,3
341,"Miami",145906,1,5
632,"Washington",149353,0,0
466,"Washington",186378,0,0
439,"Miami",108951,1,4
373,"New York",96970,1,4
344,"Washington",172886,1,5
564,"Miami",150639,0,0
219,"Chicago",143469,1,3
364,"Washington",112469,1,5
585,"Washington",117275,0,0
514,"New York",128067,0,0
508,"Miami",179223,1,5
357,"Las Vegas",91900,0,0
450,"Las Vegas",77049,1,3
262,"Hawaii",80276,1,4
553,"New York",26411,0,0
599,"Washington",58592,0,0
292,"Washington",58150,1,4
547,"New York",116333,1,1
468,"New York",154151,1,1
631,"Las Vegas",56540,0,0
271,"Las Vegas",177533,1,3
437,"Hawaii",144288,1,4
593,"New York",28323,0,0
591,"Miami",107296,1,4
211,"Hawaii",106301,1,4
639,"New York",27589,1,1
421,"Hawaii",71333,1,1
375,"Hawaii",25241,0,0
388,"New York",41469,1,1
242,"Chicago",31245,1,4
273,"Chicago",147315,1,3
382,"Las Vegas",44666,1,2
354,"Chicago",61752,0,0
387,"Chicago",75412,1,4
337,"Hawaii",163175,0,0
452,"Hawaii",138405,1,2
270,"Las Vegas",135924,1,1
630,"Miami",42154,0,0
220,"Las Vegas",156066,1,2
367,"Miami",28407,0,0
633,"New York",183681,0,0
490,"Hawaii",133134,0,0
228,"New York",151911,0,0
384,"New York",125777,1,1
392,"New York",48198,1,5
429,"Washington",63587,0,0
402,"Hawaii",61338,1,1
480,"Hawaii",128278,1,1
263,"Washington",55586,0,0
609,"Washington",88715,0,0
456,"Miami",40310,1,3
447,"Miami",190775,1,2
253,"Las Vegas",108470,1,5
543,"Washington",99560,0,0
415,"Miami",119881,1,5
552,"Las Vegas",48103,0,0
221,"New York",121357,1,2
569,"New York",165237,0,0
321,"Las Vegas",187969,1,1
327,"Miami",166784,1,1
489,"Las Vegas",197427,1,2
627,"Hawaii",166874,1,5
203,"Washington",120155,1,2
358,"Miami",161866,1,4
389,"Hawaii",183959,1,5
406,"Miami",39587,1,5
520,"New York",192256,1,3
614,"Miami",136843,1,3
482,"Washington",62742,0,0
606,"New York",44902,0,0
541,"Washington",180697,1,5
262,"Chicago",112435,0,0
269,"Las Vegas",59939,1,3
286,"Washington",113696,1,3
395,"New York",138139,1,1
239,"Washington",111795,1,2
301,"Las Vegas",156553,1,5
457,"Chicago",64855,1,3
380,"Hawaii",71788,0,0
454,"Hawaii",68567,1,5
573,"New York",34581,0,0
489,"Hawaii",65707,0,0
376,"Miami",167516,1,3
519,"Miami",179898,1,4
249,"Las Vegas",67552,1,3
323,"Las Vegas",38870,1,4
467,"New York",55409,1,1
272,"Hawaii",32455,1,4
584,"Las Vegas",194189,1,3
581,"New York",155745,0,0
415,"Hawaii",148383,1,2
548,"Hawaii",83328,0,0
333,"Washington",198340,1,5
230,"Hawaii",89936,1,1
398,"New York",53666,1,5
408,"Washington",189677,1,1
353,"New York",43723,1,1
283,"Hawaii",25826,1,3
428,"New York",95366,0,0
209,"New York",55271,1,3
548,"Miami",166153,1,4
452,"New York",108898,1,3
489,"New York",118594,1,3
411,"Las Vegas",154250,1,5
326,"Miami",122398,1,1
408,"Las Vegas",173451,1,1
557,"Las Vegas",50605,0,0
464,"Washington",185363,0,0
378,"Chicago",92492,0,0
565,"New York",130020,1,3
343,"New York",32093,1,5
462,"Chicago",149936,1,1
405,"New York",120263,0,0
321,"Washington",150113,1,4
450,"Las Vegas",168038,1,2
304,"Miami",182545,1,2
444,"Las Vegas",92454,1,3
401,"Miami",122778,1,1
259,"Miami",141591,1,3
480,"Miami",147508,1,3
447,"New York",180178,1,4
267,"New York",113869,1,1
452,"Chicago",85754,0,0
392,"Washington",151151,1,1
401,"Washington",94522,0,0
575,"Las Vegas",171597,0,0
524,"Hawaii",187476,1,1
406,"Las Vegas",112242,1,5
435,"New York",165080,1,1
309,"Washington",74086,1,3
234,"Las Vegas",142252,1,2
376,"New York",49390,0,0
206,"Hawaii",73126,1,2
590,"Las Vegas",43220,0,0
647,"Miami",34998,0,0
519,"Hawaii",47830,0,0
572,"Chicago",31255,0,0
601,"Las Vegas",110737,0,0
443,"Hawaii",35243,1,3
450,"Las Vegas",43092,0,0
324,"Hawaii",83906,0,0
497,"Miami",25363,0,0
310,"Miami",88684,1,4
330,"New York",191227,1,2
522,"New York",129930,1,1
527,"Washington",175590,1,1
278,"Hawaii",123334,1,5
338,"New York",113006,1,5
366,"Las Vegas",72971,0,0
235,"Miami",134835,1,1
521,"New York",164159,0,0
448,"Washington",118219,0,0
261,"Miami",124780,1,5
638,"Las Vegas",133172,1,2
453,"Hawaii",173766,0,0
555,"Hawaii",98353,0,0
582,"Las Vegas",87137,0,0
595,"Washington",157750,1,5
560,"New York",126072,1,4
488,"Las Vegas",155966,1,1
483,"Hawaii",197294,1,2
322,"Las Vegas",196180,1,2
213,"Miami",79521,1,3
389,"Chicago",159628,0,0
360,"New York",112497,1,2
377,"Chicago",198344,1,3
277,"Las Vegas",123765,1,5
344,"Chicago",165092,1,4
386,"Las Vegas",70101,0,0
542,"Chicago",192488,0,0
322,"Hawaii",74153,1,1
252,"Hawaii",144192,1,3
213,"New York",145395,1,4
563,"Las Vegas",119778,0,0
416,"New York",86407,1,5
563,"New York",139932,1,5
236,"New York",68207,0,0
252,"Washington",188201,1,3
258,"New York",81482,0,0
532,"New York",149124,1,5
541,"Las Vegas",149841,0,0
647,"Miami",164706,0,0
481,"Miami",135046,1,3
330,"Las Vegas",28343,1,2
290,"Hawaii",110648,1,4
560,"New York",92351,1,5
527,"Hawaii",122985,1,4
298,"Hawaii",138199,1,3
535,"Las Vegas",53133,0,0
590,"Las Vegas",91555,1,2
438,"Washington",153438,1,4
469,"New York",133267,1,5
622,"Washington",161069,1,2
628,"Las Vegas",173807,0,0
497,"Miami",49351,1,4
233,"Las Vegas",161367,1,1
572,"Washington",59401,0,0
416,"Washington",115636,0,0
376,"Las Vegas",94538,1,1
335,"Las Vegas",162324,1,5
310,"Las Vegas",144471,1,1
390,"Miami",117097,1,5
622,"Hawaii",61432,1,1
319,"Miami",186572,0,0
456,"Las Vegas",63675,1,3
291,"Las Vegas",48297,1,1
287,"Washington",88790,1,2
523,"Las Vegas",197162,1,4
341,"Chicago",46568,0,0
262,"New York",35637,1,1
226,"New York",144502,1,1
619,"Las Vegas",70389,1,5
456,"Hawaii",173728,1,1
253,"Miami",143520,1,2
454,"Las Vegas",50979,0,0
443,"Washington",196253,1,5
569,"Washington",119595,1,3
516,"Las Vegas",93974,0,0
455,"Las Vegas",34751,1,4
525,"Las Vegas",149312,0,0
539,"Washington",142456,1,2
372,"Las Vegas",73044,0,0
330,"Washington",191217,0,0
439,"New York",179919,1,5
317,"New York",60055,0,0
574,"Miami",38863,0,0
382,"Miami",25612,1,5
233,"Washington",148909,1,4
629,"New York",109470,1,1
298,"New York",186710,1,5
383,"New York",173567,1,5
482,"Hawaii",173048,1,1
483,"Washington",139838,1,2
348,"Chicago",170416,1,4
263,"Chicago",61356,1,5
612,"Miami",128412,1,2
470,"New York",199064,1,3
537,"New York",55200,0,0
614,"New York",95262,1,1
438,"Washington",185098,1,2
367,"Las Vegas",71009,1,4
230,"New York",63338,1,3
584,"Las Vegas",118304,0,0
430,"Chicago",166318,1,5
294,"Miami",189755,1,5
369,"Las Vegas",65176,0,0
293,"Hawaii",77200,0,0
407,"Washington",104220,1,5
309,"New York",81682,0,0
253,"Washington",68070,1,5
233,"Chicago",56681,1,5
511,"Chicago",32373,0,0
329,"Hawaii",51057,1,4
267,"Hawaii",130730,1,3
638,"Washington",43909,0,0
385,"New York",173959,1,3
381,"Las Vegas",146902,1,2
492,"Las Vegas",140782,1,3
612,"New York",72484,0,0
297,"New York",136392,1,5
447,"Las Vegas",160520,0,0
524,"Chicago",67845,0,0
379,"Miami",181435,1,3
242,"Las Vegas",191943,1,3
486,"Las Vegas",88138,0,0
201,"Miami",62296,1,1
295,"Las Vegas",58857,0,0
506,"Miami",180551,1,1
590,"Miami",59577,0,0
560,"Chicago",191142,0,0
261,"Las Vegas",152980,1,2
374,"Las Vegas",171664,1,2
555,"New York",62224,0,0
512,"Las Vegas",34710,0,0
467,"Miami",130047,1,1
256,"New York",109461,1,5
450,"Las Vegas",190707,1,5
402,"Washington",109427,1,2
545,"New York",97694,0,0
212,"Miami",183656,1,4
288,"Miami",187401,1,2
597,"Washington",70202,1,1
249,"New York",183684,0,0
636,"New York",135406,1,3
373,"Washington",54830,0,0
586,"Hawaii",110876,1,3
599,"Miami",132028,0,0
420,"New York",111959,0,0
523,"Miami",90119,0,0
419,"New York",128268,1,1
645,"New York",58537,0,0
229,"Washington",120993,1,3
271,"Las Vegas",159157,1,2
553,"Las Vegas",165163,1,1
444,"Chicago",153646,1,4
387,"Chicago",78310,1,1
649,"New York",55125,0,0
315,"Las Vegas",195677,1,2
429,"Las Vegas",49465,0,0
236,"New York",180809,1,1
566,"Miami",115296,0,0
372,"New York",113216,1,4
561,"New York",36239,0,0
289,"Miami",53420,0,0
626,"Chicago",119532,0,0
356,"Hawaii",110590,1,2
435,"Las Vegas",142272,0,0
250,"Miami",115064,1,2
599,"Washington",187004,1,4
629,"New York",145587,1,4
218,"Washington",98859,1,1
422,"Las Vegas",108432,0,0
302,"Miami",111032,1,4
586,"Washington",43027,1,5
439,"New York",70263,0,0
202,"Las Vegas",191119,1,5
325,"Hawaii",156898,1,5
346,"Miami",69760,1,1
465,"Hawaii",70421,0,0
312,"Washington",55188,0,0
219,"Hawaii",157675,1,3
250,"New York",29238,1,4
517,"New York",174701,1,1
623,"Washington",38015,0,0
340,"New York",144743,1,1
235,"Miami",46578,1,1
345,"Chicago",36510,1,3
481,"Miami",102957,0,0
398,"Las Vegas",199247,1,3
561,"Las Vegas",187253,1,1
326,"Las Vegas",36943,1,1
457,"Miami",100070,0,0
219,"New York",157480,1,5
286,"Las Vegas",135167,1,3
527,"Miami",80336,1,4
572,"New York",108228,0,0
430,"Hawaii",100614,0,0
455,"Miami",194304,1,5
201,"Las Vegas",179858,1,3
265,"Las Vegas",123129,1,4
590,"New York",39937,1,4
237,"New York",148654,1,5
310,"Chicago",157115,1,4
642,"Washington",122448,1,3
460,"Miami",108428,1,3
312,"Las Vegas",51666,1,5
477,"Hawaii",184378,1,5
214,"Miami",120385,1,1
266,"Chicago",47468,0,0
516,"Washington",82906,0,0
230,"Washington",121478,1,5
480,"New York",184680,1,5
622,"Hawaii",194523,0,0
240,"New York",64392,1,2
638,"Las Vegas",25388,1,4
212,"Las Vegas",119857,1,5
526,"Miami",165363,1,4
404,"Washington",156983,1,1
455,"New York",35535,0,0
593,"Las Vegas",134508,0,0
450,"New York",35241,1,2
532,"New York",77367,1,2
480,"New York",100925,1,5
340,"Hawaii",86718,1,3
376,"Miami",189407,1,4
291,"Miami",178661,1,4
584,"Washington",80237,1,2
473,"Chicago",80894,0,0
540,"Hawaii",29441,1,1
453,"Hawaii",143770,0,0
324,"New York",196239,1,5
531,"Las Vegas",171557,1,2
447,"Washington",168741,0,0
356,"Miami",136267,1,2
432,"Miami",71708,1,2
567,"New York",34096,0,0
437,"Hawaii",122358,1,1
291,"Chicago",164001,1,4
582,"Miami",196776,1,2
367,"Miami",190860,1,4
336,"New York",122300,1,5
547,"Miami",137697,1,2
530,"Hawaii",189974,1,1
578,"Las Vegas",129589,0,0
456,"Washington",93458,0,0
212,"Miami",148631,1,4
419,"Las Vegas",83992,0,0
444,"New York",45021,1,4
576,"Miami",105314,0,0
528,"Las Vegas",100256,1,4
450,"New York",151528,0,0
233,"Washington",80310,1,1
261,"Hawaii",32716,0,0
508,"Las Vegas",194496,1,3
245,"Hawaii",167239,1,3
292,"Washington",186041,1,2
365,"Washington",117275,1,1
581,"New York",165572,1,4
307,"Miami",86060,1,5
517,"Chicago",79541,0,0
248,"Miami",171721,0,0
551,"New York",148950,1,3
315,"Las Vegas",73176,0,0
447,"Las Vegas",34304,1,1
215,"Miami",181556,1,3
563,"Las Vegas",170911,1,4
352,"New York",196781,1,5
612,"New York",150355,1,3
361,"Miami",110217,1,3
639,"Las Vegas",145869,0,0
373,"Las Vegas",72053,1,3
420,"Hawaii",101675,0,0
421,"New York",108003,1,1
206,"Las Vegas",171020,1,2
489,"Miami",82638,0,0
431,"New York",191815,1,4
344,"New York",43873,0,0
462,"Las Vegas",33609,0,0
478,"Hawaii",89279,0,0
397,"Hawaii",130309,1,1
277,"New York",83055,1,1
522,"Chicago",150724,0,0
537,"Washington",185512,1,5
580,"New York",48908,0,0
441,"Hawaii",27408,0,0
336,"New York",172368,1,3
405,"Las Vegas",185533,1,2
373,"Las Vegas",190482,1,3
312,"New York",183364,1,3
495,"Hawaii",188262,1,2
630,"Miami",102323,1,2
331,"New York",139011,1,1
493,"Las Vegas",160675,1,2
441,"Miami",192467,1,5
469,"New York",134151,1,3
211,"Washington",139964,1,1
202,"Hawaii",130144,1,4
259,"Miami",94385,1,1
211,"New York",162436,1,2
241,"Hawaii",96796,1,5
414,"New York",174279,0,0
288,"Washington",160053,1,5
567,"Hawaii",89835,0,0
310,"Hawaii",174824,1,5
420,"Chicago",164790,1,1
492,"Washington",50581,0,0
271,"New York",139475,0,0
577,"New York",141805,1,4
396,"New York",70506,0,0
305,"New York",80304,1,3
334,"Washington",153832,1,3
272,"Las Vegas",132881,1,1
464,"Miami",124818,1,3
267,"Hawaii",56132,0,0
281,"Chicago",148219,1,5
353,"Chicago",63750,1,5
283,"Hawaii",34810,1,3
382,"Las Vegas",115993,1,1
476,"Washington",81352,1,4
509,"Miami",37276,0,0
571,"Miami",161810,1,2
368,"Miami",70743,1,1
629,"Miami",44487,0,0
208,"Washington",25103,0,0
476,"New York",143144,1,4
409,"New York",105604,1,1
360,"Las Vegas",144732,1,4
597,"Las Vegas",194434,1,3
234,"Las Vegas",191591,1,3
597,"Las Vegas",51965,1,4
285,"Hawaii",106740,1,5
297,"Washington",122094,1,4
591,"Washington",134388,0,0
227,"Chicago",61811,1,5
306,"Miami",193393,1,5
647,"Washington",144531,1,3
505,"Washington",76534,1,5
396,"New York",142245,1,5
370,"Miami",160016,1,5
408,"New York",139085,1,2
561,"Miami",76023,0,0
498,"Las Vegas",127331,1,4
410,"New York",199690,1,1
224,"Washington",169481,1,4
307,"Miami",31556,0,0
305,"Washington",35284,0,0
304,"Hawaii",29803,1,4
228,"Las Vegas",94655,1,3
424,"New York",141239,0,0
310,"Washington",105970,1,3
541,"New York",57774,0,0
446,"Las Vegas",37608,0,0
627,"Las Vegas",158599,1,5
239,"Washington",129578,1,5
627,"Hawaii",117385,0,0
525,"Las Vegas",144059,1,2
615,"Las Vegas",141900,1,4
476,"Hawaii",92137,0,0
272,"Miami",156572,1,3
282,"Miami",83933,0,0
529,"Washington",160432,1,3
465,"Chicago",192351,1,1
341,"Miami",187433,0,0
548,"Las Vegas",173186,1,3
351,"Washington",99940,1,1
585,"Chicago",32676,0,0
461,"New York",72214,1,4
387,"Miami",90975,1,2
620,"Chicago",137592,0,0
408,"New York",93987,0,0
245,"Washington",105819,1,3
409,"Chicago",127950,0,0
643,"Las Vegas",45385,1,2
616,"Washington",111798,1,1
396,"Las Vegas",34884,0,0
591,"Miami",134650,1,2
335,"Miami",193193,1,4
559,"Hawaii",109924,1,5
560,"Chicago",72098,1,1
374,"New York",167998,1,4
372,"Las Vegas",70513,1,5
490,"New York",176690,1,3
588,"Las Vegas",86657,0,0
495,"Hawaii",27303,0,0
432,"New York",128790,1,5
267,"New York",190279,1,2
476,"Chicago",65880,0,0
219,"New York",62901,1,3
424,"Hawaii",49184,1,3
533,"Miami",27305,0,0
539,"Washington",165908,1,4
228,"Las Vegas",182892,1,3
399,"Las Vegas",69195,1,4
425,"Washington",104916,1,4
322,"New York",137483,0,0
469,"Las Vegas",185649,1,4
531,"Hawaii",197250,0,0
521,"Miami",88173,0,0
252,"New York",127857,1,1
459,"Miami",172684,1,2
559,"Las Vegas",176918,1,5
304,"Chicago",31932,1,3
526,"Washington",68641,0,0
577,"Miami",149466,0,0
253,"Las Vegas",93083,0,0
632,"Washington",45439,0,0
536,"Washington",43664,0,0
565,"Hawaii",170359,1,5
285,"Hawaii",138042,1,3
212,"Hawaii",100444,1,2
589,"New York",30911,0,0
614,"Hawaii",150553,0,0
262,"Hawaii",168203,1,5
415,"Hawaii",118695,1,3
408,"Las Vegas",177523,1,5
515,"New York",43240,0,0
230,"Washington",164727,1,3
530,"Las Vegas",125526,1,4
378,"Washington",188770,1,2
408,"Hawaii",125162,1,3
526,"Miami",159805,0,0
412,"Miami",51081,0,0
650,"New York",176368,1,5
581,"Las Vegas",84839,1,4
573,"New York",183484,0,0
543,"Las Vegas",117940,1,2
250,"Washington",91578,1,2
578,"Las Vegas",199554,0,0
566,"Las Vegas",189778,1,3
646,"Las Vegas",101374,0,0
222,"Chicago",58711,1,5
536,"Chicago",33547,0,0
389,"Washington",197840,1,4
462,"Washington",116983,1,2
574,"Washington",63859,0,0
206,"Las Vegas",96215,1,1
205,"Hawaii",100348,1,2
648,"Hawaii",80018,0,0
545,"Las Vegas",167415,1,1
342,"Las Vegas",158553,1,1
565,"Miami",77892,1,4
646,"Washington",136285,0,0
290,"Miami",137881,1,1
491,"New York",128666,1,5
397,"Hawaii",149847,1,4
622,"Miami",160106,0,0
645,"Las Vegas",70892,0,0
405,"Hawaii",77636,1,3
304,"Miami",114639,0,0
513,"Miami",128952,1,4
450,"Hawaii",93340,1,2
463,"New York",192974,1,4
395,"Miami",106652,0,0
392,"Las Vegas",143953,1,3
469,"Las Vegas",182205,0,0
403,"New York",28687,0,0
630,"Hawaii",149208,0,0
580,"Las Vegas",161146,1,4
300,"New York",32334,0,0
389,"Chicago",29725,0,0
389,"Chicago",137578,1,1
209,"Chicago",30490,0,0
371,"Chicago",58640,1,2
390,"Hawaii",80083,1,3
286,"Las Vegas",77803,0,0
517,"Hawaii",178231,1,4
206,"New York",174386,1,3
529,"Las Vegas",101383,1,4
395,"Miami",198506,1,5
529,"Washington",119397,1,4
206,"Washington",111341,1,4
220,"Miami",70944,0,0
388,"Washington",94025,0,0
490,"New York",63829,1,5
299,"Chicago",182881,1,4
575,"Las Vegas",183707,1,1
513,"New York",33611,0,0
605,"New York",69776,1,4
386,"New York",131222,1,5
385,"New York",97180,1,3
313,"New York",192265,1,2
368,"Miami",43094,1,2
304,"New York",48734,1,3
619,"Washington",118229,0,0
414,"Las Vegas",105328,0,0
221,"New York",102040,0,0
548,"Las Vegas",125019,0,0
349,"Miami",173186,1,5
449,"New York",185591,1,3
504,"Las Vegas",42670,1,1
325,"Hawaii",190692,1,5
224,"Miami",63465,1,3
392,"Hawaii",126584,1,4
475,"Washington",172307,1,4
639,"Miami",192241,1,2
636,"Hawaii",52927,0,0
240,"Washington",115570,1,2
424,"Miami",139079,1,1
378,"Chicago",40358,1,5
376,"Miami",173795,1,1
343,"Las Vegas",68533,1,1
507,"Chicago",162534,1,5
328,"Chicago",196854,1,4
376,"New York",27725,0,0
646,"New York",60795,0,0
556,"Las Vegas",184903,0,0
341,"New York",74199,1,1
568,"Washington",39763,1,1
299,"New York",148754,1,4
425,"Hawaii",175657,1,5
275,"Las Vegas",77312,1,4
254,"Miami",171771,1,2
604,"Las Vegas",100939,1,5
242,"Las Vegas",33962,0,0
589,"Miami",56983,0,0
324,"Washington",89510,1,1
212,"Hawaii",50205,1,4
554,"Chicago",162140,0,0
361,"New York",188621,1,2
211,"Miami",34788,0,0
536,"New York",139314,1,2
213,"Miami",95470,1,1
395,"Chicago",25686,0,0
315,"New York",48910,1,2
424,"Miami",199191,1,4
494,"New York",194455,1,3
238,"Las Vegas",107403,0,0
281,"Chicago",150740,1,3
247,"Washington",103495,1,3
566,"Las Vegas",188053,1,5
482,"Hawaii",64093,0,0
484,"Las Vegas",68124,1,5
376,"Las Vegas",32459,0,0
395,"Miami",198992,0,0
357,"Miami",25509,1,2
557,"Las Vegas",64248,0,0
599,"Miami",100059,0,0
493,"Washington",165602,1,1
467,"Las Vegas",180904,1,2
348,"New York",75865,1,1
234,"Washington",44775,0,0
466,"Las Vegas",33653,0,0
280,"Miami",107249,1,2
534,"New York",186256,1,2
332,"Chicago",126022,1,3
488,"Miami",89921,1,2
256,"New York",111960,0,0
315,"Chicago",63724,0,0
569,"New York",111817,1,1
562,"New York",106115,1,3
221,"New York",175368,1,1
594,"Miami",71560,0,0
258,"Chicago",42645,0,0
474,"Las Vegas",147854,1,4
411,"Las Vegas",168438,1,1
451,"Las Vegas",191458,1,1
529,"Las Vegas",85372,0,0
411,"Chicago",43642,0,0
645,"Miami",32333,0,0
643,"Hawaii",34270,0,0
377,"New York",68940,1,2
474,"Washington",123897,1,5
355,"Las Vegas",183042,1,3
397,"Chicago",143202,1,3
303,"New York",72646,0,0
203,"Hawaii",85736,1,5
211,"Washington",133059,1,3
226,"Miami",60974,0,0
544,"Hawaii",155752,0,0
411,"Washington",137844,0,0
583,"Miami",27550,0,0
462,"New York",161957,0,0
284,"Miami",28062,0,0
474,"New York",68052,1,1
602,"Washington",105410,1,5
557,"Las Vegas",51469,0,0
427,"Las Vegas",83264,1,1
390,"Chicago",151643,1,1
494,"Miami",194865,0,0
599,"New York",68342,1,1
601,"Chicago",29070,1,5
280,"Washington",124694,1,2
316,"Hawaii",190575,0,0
251,"Las Vegas",139730,1,2
559,"Hawaii",108324,1,3
249,"Chicago",145602,1,1
573,"Las Vegas",31987,0,0
547,"Washington",81558,0,0
625,"Washington",167810,1,3
410,"Las Vegas",104784,1,1
623,"Miami",194094,0,0
553,"Las Vegas",73474,1,4
594,"Hawaii",28872,0,0
378,"New York",38482,1,3
245,"Chicago",32034,1,1
325,"Hawaii",75059,1,5
525,"Hawaii",50573,0,0
360,"Chicago",168994,1,3
372,"Hawaii",179839,1,1
214,"Miami",129384,1,4
435,"Las Vegas",38378,0,0
254,"New York",94003,1,1
598,"Hawaii",68872,0,0
234,"New York",106046,1,1
553,"Las Vegas",84757,0,0
584,"Washington",183204,1,5
217,"Washington",29688,1,2
324,"Las Vegas",191548,1,5
489,"Miami",166831,1,3
553,"New York",125462,0,0
380,"Hawaii",118713,1,2
621,"Hawaii",94018,0,0
376,"Washington",112278,1,3
391,"Chicago",187812,1,4
329,"New York",108995,0,0
475,"New York",79827,1,4
451,"Miami",186012,1,4
218,"Washington",122393,0,0
535,"Miami",45316,0,0
293,"Chicago",68110,1,3
495,"Miami",188342,0,0
435,"Hawaii",52294,0,0
485,"Washington",174973,0,0
478,"Las Vegas",47977,0,0
328,"New York",81065,0,0
301,"Chicago",157342,1,5
443,"Las Vegas",151250,1,2
648,"New York",145375,1,4
348,"Washington",130337,0,0
346,"Chicago",60339,1,5
216,"Las Vegas",112409,1,3
437,"New York",67629,1,2
469,"New York",143607,1,3
534,"Washington",150631,1,3
629,"Washington",131487,0,0
420,"Washington",92089,0,0
237,"Chicago",32826,0,0
317,"New York",91567,0,0
594,"Washington",168615,0,0
583,"New York",155068,1,4
579,"Las Vegas",188789,0,0
626,"Las Vegas",116542,0,0
494,"Las Vegas",190075,1,2
420,"New York",153805,0,0
284,"Las Vegas",177500,0,0
521,"Hawaii",38281,0,0
238,"New York",117724,0,0
408,"Miami",132895,1,2
621,"Las Vegas",95218,1,2
580,"Washington",137337,1,1
522,"Washington",136157,1,5
256,"Miami",153261,1,5
468,"Washington",71759,1,5
645,"Hawaii",92860,1,2
477,"Miami",103122,1,4
323,"Las Vegas",195295,1,3
229,"Washington",110382,1,5
233,"New York",188190,1,4
593,"Hawaii",151072,1,4
363,"New York",88123,1,2
626,"Chicago",83378,0,0
451,"New York",71350,0,0
431,"Hawaii",110223,1,4
626,"Las Vegas",177675,1,4
249,"Hawaii",96986,1,5
569,"Miami",83158,1,4
370,"Las Vegas",72881,1,1
450,"Washington",131961,1,3
341,"Las Vegas",156309,1,5
237,"Las Vegas",74902,1,3
551,"Hawaii",189701,1,3
287,"New York",96938,1,1
495,"New York",132442,0,0
396,"New York",90078,0,0
289,"Hawaii",64072,1,5
648,"Las Vegas",176126,1,5
401,"Miami",105480,1,4
214,"Las Vegas",34855,0,0
622,"Chicago",105036,0,0
592,"New York",43820,0,0
471,"Hawaii",64520,1,2
335,"Las Vegas",136041,0,0
564,"Las Vegas",60897,0,0
628,"Hawaii",168647,0,0
583,"Miami",83668,1,3
257,"Hawaii",113269,1,3
636,"Washington",34282,1,3
451,"Las Vegas",132299,1,5
202,"Washington",70079,1,1
261,"Miami",192457,1,4
203,"Chicago",37614,1,2
568,"Las Vegas",131217,1,4
552,"Miami",155458,1,1
619,"Hawaii",184950,0,0
366,"New York",75277,1,1
639,"Miami",58194,0,0
571,"New York",141558,0,0
554,"Hawaii",154573,1,2
480,"Las Vegas",180907,1,5
635,"New York",48229,1,3
425,"Washington",154407,1,2
602,"Washington",128513,1,4
380,"Hawaii",78367,0,0
401,"Las Vegas",94432,1,4
621,"New York",188970,1,5
507,"Las Vegas",87926,1,3
208,"Miami",59514,1,1
274,"New York",172706,1,3
423,"Miami",46278,1,5
392,"Hawaii",111489,1,4
646,"Las Vegas",51229,1,4
600,"Chicago",70737,0,0
356,"Chicago",105854,0,0
518,"Miami",196001,1,3
609,"Chicago",171155,1,5
504,"Hawaii",196903,1,4
488,"Hawaii",37428,0,0
267,"Las Vegas",54970,0,0
471,"New York",111845,0,0
323,"Miami",172380,1,5
406,"Miami",106432,1,1
300,"Hawaii",161134,1,3
315,"Las Vegas",140393,1,3
494,"Miami",136373,1,2
412,"New York",164603,1,1
272,"Las Vegas",140123,0,0
322,"Las Vegas",197923,1,3
521,"Hawaii",178912,1,5
476,"New York",42059,0,0
259,"Miami",188651,1,5
232,"New York",145985,1,1
635,"Las Vegas",38555,0,0
366,"Miami",109695,0,0
505,"Hawaii",103027,1,5
581,"Las Vegas",182220,1,1
309,"Washington",109213,1,4
216,"Hawaii",148718,1,5
468,"Miami",194607,1,5
576,"Hawaii",139741,0,0
363,"New York",157702,1,2
349,"Las Vegas",51441,1,5
490,"Las Vegas",54039,0,0
631,"Las Vegas",118256,1,2
468,"Las Vegas",152250,0,0
430,"New York",55741,1,1
270,"New York",31961,0,0
581,"Hawaii",198625,1,3
296,"New York",150384,1,3
501,"Hawaii",91757,0,0
478,"Miami",149846,0,0
222,"New York",158159,1,2
627,"Las Vegas",193874,1,1
462,"Miami",89561,1,5
587,"Chicago",111730,0,0
433,"Miami",54459,0,0
320,"Washington",154030,0,0
469,"Las Vegas",184329,0,0
558,"Las Vegas",131326,1,3
510,"Hawaii",103807,0,0
416,"New York",68822,1,2
410,"New York",79738,0,0
478,"Washington",77307,0,0
402,"Hawaii",127450,0,0
471,"Las Vegas",47622,1,5
202,"Chicago",114657,1,3
648,"New York",150839,0,0
383,"Las Vegas",100269,0,0
253,"Miami",130129,1,4
591,"Chicago",115045,1,1
443,"Washington",63345,0,0
597,"Las Vegas",102675,0,0
217,"Washington",48551,0,0
597,"Chicago",28663,0,0
525,"Washington",59024,1,4
546,"Miami",158502,1,2
589,"Washington",83892,1,2
425,"Chicago",190319,1,4
617,"Miami",26603,0,0
294,"Miami",166746,1,1
212,"Miami",114348,1,2
342,"Hawaii",142466,1,5
497,"Miami",168022,0,0
342,"Hawaii",196994,1,1
625,"Hawaii",114795,1,5
551,"Las Vegas",149147,0,0
353,"Miami",177181,1,1
417,"Hawaii",117353,1,3
387,"New York",89718,0,0
549,"Las Vegas",187737,1,2
418,"New York",122666,1,1
207,"Miami",47241,0,0
489,"Las Vegas",71077,1,4
306,"Hawaii",77134,1,3
536,"Chicago",32347,1,5
333,"Miami",114520,1,1
608,"Las Vegas",134384,1,2
584,"Miami",51096,1,2
408,"Las Vegas",147080,1,2
232,"Las Vegas",98478,1,1
460,"Miami",137954,1,5
461,"New York",162062,0,0
647,"Chicago",40135,0,0
351,"New York",130908,1,1
500,"Miami",72068,0,0
622,"New York",48037,0,0
459,"Miami",50772,0,0
511,"Chicago",167106,1,1
240,"Miami",63672,1,4
590,"New York",96054,1,4
426,"Washington",96723,1,2
300,"Hawaii",107090,1,3
386,"Hawaii",68031,0,0
599,"Hawaii",93420,0,0
423,"New York",160904,1,1
503,"Las Vegas",71351,1,1
327,"Washington",90792,1,4
568,"Washington",98351,0,0
311,"Washington",66562,1,3
366,"Chicago",25692,0,0
306,"New York",66886,0,0
621,"New York",134247,1,1
387,"New York",161997,1,4
262,"Hawaii",68120,1,2
611,"Chicago",65355,0,0
356,"New York",99896,1,2
584,"Miami",120171,1,5
264,"Miami",94223,1,3
362,"New York",131735,0,0
310,"New York",64573,0,0
221,"Hawaii",53086,0,0
553,"Las Vegas",174638,0,0
290,"Hawaii",183249,1,2
376,"Miami",92045,0,0
346,"Washington",82102,1,4
471,"New York",194408,0,0
444,"Las Vegas",151541,1,5
646,"Miami",74195,1,2
314,"Las Vegas",30789,1,5
531,"Hawaii",98978,0,0
640,"New York",61688,0,0
451,"Washington",108659,1,5
377,"Las Vegas",186850,1,4
571,"New York",73540,0,0
251,"New York",58048,1,4
441,"Hawaii",88744,0,0
400,"Chicago",186910,0,0
323,"Miami",135427,1,1
271,"New York",125954,1,1
592,"Miami",110721,0,0
453,"Las Vegas",80242,1,5
448,"Las Vegas",145220,1,2
467,"Hawaii",111410,1,3
528,"New York",169931,0,0
488,"Washington",48846,0,0
477,"Washington",103470,1,1
224,"New York",79066,1,4
454,"Miami",145986,1,2
464,"New York",171332,1,3
483,"Hawaii",152727,1,4
480,"New York",50380,1,1
237,"Miami",66359,1,1
235,"Chicago",146135,1,4
509,"Chicago",182362,1,3
574,"Hawaii",81841,1,3
266,"Hawaii",101201,1,2
553,"Las Vegas",113700,0,0
419,"Miami",95549,1,1
645,"Miami",55097,0,0
425,"Hawaii",192347,0,0
453,"Washington",163752,1,3
370,"Washington",62425,0,0
433,"Las Vegas",173973,1,5
233,"Las Vegas",171131,1,4
442,"Hawaii",120878,1,2
632,"Hawaii",88210,1,4
438,"New York",135948,0,0
397,"Washington",36079,0,0
215,"Las Vegas",43667,1,2
217,"New York",136615,1,2
221,"Hawaii",187985,1,1
272,"New York",149559,1,5
411,"New York",120078,1,1
563,"Miami",59475,0,0
326,"Hawaii",172646,0,0
540,"New York",26085,0,0
435,"Washington",193646,1,2
330,"Washington",189665,1,4
208,"Miami",44485,1,3
501,"Miami",134981,0,0
230,"Las Vegas",47686,1,4
576,"Chicago",170236,1,2
261,"Hawaii",162526,1,2
495,"Hawaii",170014,1,2
577,"Hawaii",168230,0,0
316,"Miami",37200,1,2
261,"Las Vegas",44790,1,4
544,"Miami",107527,1,1
295,"Las Vegas",104493,1,2
321,"Las Vegas",118299,1,1
439,"Miami",157868,1,1
413,"Hawaii",126009,1,5
368,"Hawaii",137201,1,5
549,"Washington",127005,1,3
451,"Hawaii",88255,0,0
270,"Washington",154131,0,0
645,"Hawaii",51743,0,0
310,"Miami",88282,1,1
259,"Hawaii",194255,1,2
296,"Las Vegas",157124,1,1
371,"Las Vegas",26264,1,5
362,"New York",176577,1,5
336,"Hawaii",44562,1,2
220,"Las Vegas",170598,1,1
621,"Las Vegas",158153,0,0
456,"Miami",105389,0,0
299,"Las Vegas",185543,1,4
595,"Hawaii",186225,0,0
410,"Las Vegas",158695,1,1
444,"New York",47151,0,0
553,"New York",159368,1,5
492,"Miami",64941,1,5
265,"Hawaii",85708,0,0
345,"Las Vegas",130989,1,1
628,"Las Vegas",120449,0,0
285,"Las Vegas",73384,1,1
538,"Las Vegas",193949,1,3
407,"New York",124170,0,0
264,"Miami",186854,1,1
292,"Hawaii",46180,1,4
504,"Chicago",179975,1,3
262,"Washington",25466,0,0
387,"Washington",86855,1,5
403,"Las Vegas",58883,1,5
480,"New York",27849,0,0
313,"Chicago",97618,0,0
409,"New York",36194,0,0
274,"New York",109530,1,5
586,"Miami",196255,1,2
270,"Washington",63475,1,5
240,"Chicago",83820,1,4
602,"Washington",159226,0,0
335,"Hawaii",100018,1,1
538,"Las Vegas",83647,0,0
381,"Washington",116887,1,1
402,"Hawaii",49744,0,0
272,"Washington",46881,1,4
265,"Miami",64778,1,4
267,"Washington",102948,1,3
431,"Miami",27272,0,0
422,"New York",84049,1,1
477,"Miami",179476,1,5
401,"New York",160996,1,3
225,"Las Vegas",47532,0,0
202,"Las Vegas",113668,1,1
300,"New York",44292,1,2
583,"Miami",44015,0,0
320,"Miami",27127,0,0
469,"Washington",83982,0,0
474,"Hawaii",151734,0,0
646,"Miami",48759,0,0
286,"Las Vegas",188215,1,4
539,"Hawaii",168359,0,0
309,"Chicago",134664,1,4
347,"Miami",103851,1,4
202,"New York",187817,1,2
649,"Las Vegas",167723,0,0
397,"Las Vegas",87330,0,0
649,"Miami",124446,1,5
289,"Chicago",183521,1,5
250,"New York",90848,1,1
313,"Miami",165906,0,0
506,"New York",27847,1,1
460,"Hawaii",93161,0,0
387,"Washington",159425,1,5
528,"New York",51380,1,1
458,"Chicago",115941,1,5
460,"New York",83044,0,0
465,"Washington",99820,0,0
300,"Chicago",173722,1,2
247,"Washington",95012,1,4
531,"Chicago",106869,0,0
476,"Washington",116880,0,0
628,"Washington",105802,0,0
632,"Washington",161364,1,4
535,"New York",131598,1,3
396,"Las Vegas",134409,1,3
279,"Washington",156886,1,3
396,"Las Vegas",38939,0,0
543,"Hawaii",191636,1,3
614,"New York",139621,0,0
608,"Washington",25746,0,0
567,"New York",162964,1,5
290,"Chicago",87644,0,0
222,"Washington",143757,1,2
416,"Miami",161540,0,0
466,"Washington",169478,1,2
243,"New York",125474,1,5
628,"Las Vegas",30906,1,4
273,"Hawaii",77238,1,4
615,"Hawaii",104854,0,0
257,"Hawaii",197471,1,4
498,"Las Vegas",155198,1,5
553,"Washington",133250,1,2
544,"Washington",117781,1,3
503,"Las Vegas",192234,1,3
252,"Miami",123603,1,2
583,"Chicago",61207,1,4
478,"Las Vegas",152609,1,1
576,"New York",148139,1,4
276,"New York",169778,1,5
205,"Miami",41835,1,2
346,"Washington",57154,1,1
321,"Miami",116305,1,3
571,"Hawaii",67685,0,0
620,"New York",27493,1,4
258,"Hawaii",73468,0,0
611,"Washington",55313,1,4
472,"Miami",159740,1,4
380,"Las Vegas",34091,0,0
500,"Miami",108298,0,0
545,"Hawaii",31735,1,3
435,"Miami",158035,1,3
378,"Miami",150443,1,3
635,"New York",100501,0,0
222,"Washington",144120,1,2
269,"Las Vegas",60438,0,0
514,"Miami",87767,1,5
528,"Las Vegas",192185,1,2
249,"Hawaii",141416,1,5
409,"Las Vegas",195645,1,1
489,"Washington",156676,1,2
379,"Washington",111651,1,5
646,"Miami",49079,0,0
505,"New York",42691,0,0
342,"Chicago",159725,1,4
269,"Las Vegas",190104,1,3
336,"Hawaii",131909,1,1
243,"Miami",106911,1,5
212,"Miami",146682,1,4
340,"Las Vegas",144556,1,5
534,"Las Vegas",156455,1,5
632,"Hawaii",37374,1,4
387,"Miami",170561,1,3
435,"Las Vegas",192712,1,1
230,"Chicago",85316,1,3
483,"Chicago",192019,1,2
359,"Hawaii",87372,1,5
391,"Miami",124298,1,3
634,"Washington",175387,1,3
506,"Hawaii",73183,1,5
523,"Washington",144363,0,0
277,"New York",27379,0,0
292,"New York",109922,0,0
594,"Hawaii",86549,1,1
577,"Washington",160970,1,1
524,"Hawaii",159535,1,2
326,"Chicago",70326,0,0
294,"Las Vegas",161320,1,4
422,"Las Vegas",195918,1,1
435,"Miami",72101,0,0
299,"Washington",78416,1,3
543,"Chicago",191101,1,2
211,"Miami",45844,0,0
520,"New York",149342,0,0
578,"Washington",199587,0,0
619,"Hawaii",115079,1,5
498,"Washington",131498,1,2
321,"New York",98809,1,4
298,"Hawaii",100271,1,2
591,"New York",75139,0,0
211,"Miami",55616,1,2
583,"Miami",84902,0,0
436,"New York",164333,1,2
396,"Las Vegas",129560,1,1
619,"Hawaii",135323,1,4
274,"Hawaii",108976,1,1
370,"Miami",37440,1,5
262,"Washington",189068,1,4
267,"Miami",193569,1,5
504,"Chicago",110552,1,3
453,"Hawaii",83426,0,0
412,"Las Vegas",65705,1,4
565,"Miami",109149,0,0
633,"Hawaii",29841,0,0
432,"Miami",35564,0,0
517,"Hawaii",179350,1,4
281,"Las Vegas",94399,1,4
360,"Chicago",92550,0,0
222,"Washington",72520,0,0
269,"New York",39008,1,3
245,"Las Vegas",198079,0,0
326,"Las Vegas",58177,1,1
374,"Miami",198754,1,3
485,"Hawaii",199038,1,2
518,"Miami",56587,1,5
347,"New York",42384,0,0
634,"Las Vegas",112765,1,2
513,"New York",132614,1,1
272,"Miami",71680,1,1
366,"Chicago",30721,1,1
336,"Washington",161734,1,5
406,"Las Vegas",95835,1,2
570,"New York",32788,1,4
305,"Las Vegas",134514,1,4
381,"Hawaii",176732,0,0
637,"New York",95760,1,3
256,"New York",52306,1,2
484,"New York",113060,0,0
517,"Washington",188560,1,3
466,"Hawaii",96221,1,2
648,"New York",25740,0,0
220,"Las Vegas",168611,1,5
646,"Miami",157964,1,3
535,"Miami",107146,0,0
397,"Washington",93220,0,0
269,"Chicago",190640,1,5
402,"Miami",28173,0,0
284,"Las Vegas",159797,1,3
392,"Miami",131907,1,5
569,"Las Vegas",105625,1,5
223,"New York",30390,1,1
346,"Washington",176366,1,2
579,"Miami",153171,1,2
218,"Washington",115094,0,0
556,"Chicago",37363,0,0
633,"Washington",134968,1,5
497,"Las Vegas",38415,0,0
204,"Miami",94175,0,0
410,"Chicago",110042,0,0
522,"Chicago",25228,0,0
213,"Las Vegas",148305,0,0
580,"Hawaii",79447,0,0
536,"Las Vegas",52349,0,0
319,"Washington",36954,1,3
536,"Las Vegas",28555,0,0
502,"Miami",113892,0,0
277,"Chicago",120122,0,0
501,"Washington",121797,1,4
619,"Las Vegas",179429,1,3
583,"Miami",140211,1,4
551,"Washington",101215,1,3
509,"Miami",131059,1,1
466,"Las Vegas",94653,1,4
381,"Las Vegas",197621,1,4
258,"Las Vegas",160698,1,1
569,"Hawaii",114094,0,0
523,"Las Vegas",36665,0,0
555,"Las Vegas",157291,0,0
208,"Miami",111304,1,4
279,"Miami",117232,1,2
469,"Miami",65132,0,0
236,"Hawaii",194140,1,5
518,"Miami",187157,1,1
454,"New York",159552,1,2
327,"Las Vegas",31220,1,1
376,"Washington",176912,1,4
503,"Las Vegas",32858,0,0
273,"Washington",28788,0,0
249,"New York",51392,1,1
440,"Miami",147912,1,2
246,"New York",48232,1,4
242,"Hawaii",61816,1,5
488,"Las Vegas",181954,1,2
454,"Hawaii",168706,1,3
337,"Washington",80568,1,3
320,"Las Vegas",102265,1,2
485,"Miami",101416,1,2
574,"New York",156758,1,2
223,"New York",139018,0,0
647,"Washington",142135,0,0
210,"Washington",53915,1,4
281,"Miami",29227,1,1
348,"Hawaii",175044,1,3
585,"New York",55244,1,5
283,"Hawaii",64449,0,0
558,"Miami",77200,0,0
586,"Miami",177074,0,0
412,"Las Vegas",163722,1,2
492,"Hawaii",115040,1,4
346,"Washington",87248,0,0
410,"Las Vegas",118153,1,2
624,"Hawaii",99196,1,2
310,"Hawaii",73227,1,4
210,"New York",135349,1,3
635,"Las Vegas",94965,0,0
317,"Hawaii",106709,1,5
494,"Washington",187991,1,3
234,"Miami",47705,1,5
636,"Miami",56984,1,4
613,"Las Vegas",193578,1,5
591,"Chicago",102884,1,3
391,"Miami",68374,0,0
551,"Chicago",128824,0,0
335,"New York",108915,1,5
330,"Miami",26338,0,0
650,"New York",81967,0,0
644,"Washington",126101,1,1
416,"Washington",66135,0,0
543,"Hawaii",121513,1,5
348,"New York",74511,1,1
306,"New York",69405,1,4
478,"Las Vegas",97654,0,0
353,"Washington",80641,0,0
226,"Miami",46274,1,3
642,"Washington",105832,0,0
510,"Hawaii",194573,1,1
588,"Miami",128596,1,5
408,"Chicago",94295,1,3
257,"Miami",64010,0,0
506,"Miami",39308,0,0
209,"New York",114593,1,2
273,"New York",172627,0,0
603,"Las Vegas",29682,1,1
269,"Miami",103364,1,2
316,"New York",35843,0,0
310,"Hawaii",71712,1,3
340,"New York",61284,0,0
300,"Miami",74387,1,5
214,"New York",30049,0,0
606,"Hawaii",104116,0,0
632,"Washington",149588,0,0
624,"Chicago",33535,0,0
404,"Hawaii",35248,1,5
397,"Hawaii",104573,1,1
223,"New York",26005,1,2
362,"Miami",195115,1,5
603,"Las Vegas",38787,0,0
367,"Las Vegas",27491,1,2
426,"New York",156633,0,0
437,"Las Vegas",154890,1,4
277,"Miami",106727,1,2
442,"Las Vegas",134592,0,0
250,"New York",113069,1,3
476,"Miami",199212,1,1
445,"New York",141206,1,5
302,"New York",75333,1,4
606,"Las Vegas",102146,0,0
289,"Washington",80726,0,0
390,"Washington",33890,1,2
598,"Hawaii",95860,0,0
307,"Miami",36072,0,0
331,"Miami",104727,0,0
594,"Hawaii",197207,1,4
479,"Hawaii",64516,0,0
586,"Washington",141785,1,3
415,"Chicago",120669,1,3
602,"Chicago",150495,1,5
276,"New York",196029,1,3
479,"Hawaii",169555,1,5
525,"New York",136148,1,5
286,"Miami",49391,1,5
456,"Washington",167493,0,0
502,"Chicago",63922,1,4
614,"Washington",111924,0,0
347,"Washington",28556,1,4
446,"New York",183852,0,0
202,"Miami",138638,1,1
367,"Hawaii",97915,1,4
487,"Las Vegas",180253,1,5
474,"Miami",114205,1,1
568,"Hawaii",114865,0,0
253,"Las Vegas",55703,0,0
499,"Washington",188839,1,3
291,"New York",103843,0,0
464,"Miami",57932,1,4
513,"Las Vegas",83003,0,0
438,"Chicago",118028,0,0
366,"Las Vegas",123131,1,3
514,"Hawaii",101462,1,5
413,"Washington",153359,1,1
304,"Las Vegas",171639,1,1
404,"Las Vegas",171889,1,4
236,"Hawaii",118098,1,4
316,"Miami",127423,1,3
449,"Hawaii",134055,0,0
210,"Hawaii",194402,1,2
295,"Washington",107518,0,0
486,"Chicago",121627,0,0
523,"Las Vegas",57028,0,0
550,"Las Vegas",89936,1,5
233,"Las Vegas",70992,1,1
244,"New York",160132,1,2
626,"Miami",107418,1,2
619,"Washington",75181,0,0
615,"Hawaii",167352,0,0
492,"Chicago",124563,1,2
270,"Miami",34049,1,4
610,"Las Vegas",94916,0,0
615,"Miami",154759,1,2
276,"New York",46270,0,0
233,"New York",25720,1,5
455,"Miami",139577,1,1
364,"New York",164697,1,5
407,"Miami",79610,1,4
409,"Washington",135069,0,0
551,"Miami",86002,1,5
571,"Hawaii",135209,0,0
327,"New York",78427,1,4
528,"New York",27063,0,0
423,"Miami",125857,1,5
230,"New York",134676,0,0
217,"Washington",29301,0,0
307,"New York",33426,1,4
298,"Las Vegas",26491,1,2
390,"Las Vegas",80330,0,0
447,"Miami",162613,1,4
521,"Miami",61374,0,0
308,"Hawaii",185449,1,4
603,"Washington",116562,1,3
417,"Miami",137356,1,4
318,"Hawaii",123784,1,2
344,"Las Vegas",130514,1,1
499,"Hawaii",176717,1,3
528,"New York",168265,1,1
457,"Hawaii",89942,1,2
595,"Miami",50965,0,0
384,"New York",68861,0,0
292,"Las Vegas",56186,0,0
412,"New York",58185,0,0
371,"New York",108313,1,1
311,"Washington",85460,1,4
616,"Chicago",191565,1,3
410,"Miami",98022,1,2
206,"New York",147508,1,1
624,"Las Vegas",86133,0,0
369,"New York",165722,1,2
204,"Miami",49523,0,0
641,"Miami",197961,1,1
370,"Las Vegas",69503,0,0
644,"Hawaii",41229,0,0
263,"New York",162535,1,4
453,"Chicago",106307,1,4
557,"Las Vegas",71831,1,5
287,"Miami",29647,1,2
520,"Hawaii",138736,1,1
455,"New York",73528,0,0
205,"Hawaii",117744,1,1
316,"New York",58633,0,0
412,"Miami",85901,0,0
617,"Miami",161280,1,3
648,"Hawaii",179042,1,3
294,"Washington",72074,0,0
445,"Miami",88780,0,0
490,"Chicago",83250,1,2
605,"Washington",96320,0,0
530,"Las Vegas",104924,1,5
474,"Las Vegas",30154,0,0
301,"Chicago",172670,1,5
612,"New York",87575,1,1
561,"Las Vegas",191668,1,4
341,"New York",115892,0,0
302,"Miami",87560,1,3
496,"Miami",191983,1,4
531,"New York",145313,0,0
409,"Miami",96679,1,4
589,"Miami",44155,0,0
504,"Washington",173075,1,4
273,"Hawaii",36170,1,1
205,"Chicago",166297,1,5
590,"Miami",152612,1,3
245,"Las Vegas",50926,0,0
341,"Chicago",27780,1,1
396,"Las Vegas",102302,1,4
477,"New York",159346,0,0
353,"New York",160394,1,2
461,"New York",153375,1,4
573,"Las Vegas",158035,0,0
351,"Las Vegas",135548,1,3
372,"Las Vegas",28795,0,0
473,"New York",108945,1,2
423,"New York",141202,1,3
249,"New York",126007,1,1
581,"Las Vegas",192368,1,2
401,"New York",61890,0,0
538,"Washington",40218,0,0
558,"New York",53422,1,2
376,"New York",31150,1,1
207,"Washington",159800,1,5
535,"Hawaii",178956,1,5
231,"Miami",110928,1,4
439,"Washington",76188,0,0
255,"Washington",25298,0,0
504,"Miami",132269,1,2
225,"Las Vegas",34376,0,0
559,"Washington",78773,0,0
498,"Washington",168447,1,5
310,"Washington",78964,1,1
272,"New York",112140,1,2
226,"Las Vegas",129852,1,2
207,"Miami",189716,1,3
575,"Chicago",54300,0,0
318,"Las Vegas",71921,0,0
225,"Las Vegas",163377,1,3
357,"New York",192183,1,1
461,"Las Vegas",34915,1,4
562,"New York",108883,1,3
353,"Las Vegas",181367,1,2
261,"Las Vegas",38526,1,1
548,"New York",156403,0,0
595,"Washington",86410,1,5
645,"Chicago",149719,1,5
495,"New York",72778,0,0
314,"Hawaii",50049,1,4
489,"Hawaii",31432,0,0
403,"Miami",56233,0,0
289,"Hawaii",105531,0,0
473,"Chicago",57592,0,0
639,"Las Vegas",187717,0,0
290,"Washington",78041,1,2
396,"Miami",141313,1,3
353,"Miami",44744,1,1
215,"Miami",91041,1,5
245,"Hawaii",50826,1,4
389,"Washington",82524,0,0
221,"Hawaii",28430,1,4
212,"Miami",179071,1,2
278,"Las Vegas",72835,1,4
370,"Las Vegas",151207,1,4
465,"Hawaii",143945,1,4
351,"New York",60929,1,1
423,"Miami",106175,1,3
539,"Washington",159431,0,0
276,"Miami",96673,1,2
580,"Chicago",155913,1,4
344,"Chicago",100730,1,5
305,"Miami",68357,1,4
339,"Las Vegas",135369,0,0
555,"Hawaii",101452,1,4
315,"New York",156414,1,5
615,"Miami",160278,1,5
267,"Las Vegas",153202,1,1
297,"New York",34548,0,0
482,"Miami",145621,0,0
316,"Hawaii",124374,0,0
518,"Washington",89115,1,2
534,"New York",44145,0,0
318,"Washington",134874,0,0
458,"New York",44566,0,0
612,"Washington",117479,0,0
519,"Miami",156986,1,2
580,"New York",185275,1,5
614,"Miami",85592,0,0
333,"New York",178613,1,4
493,"Washington",141337,0,0
264,"Miami",33588,0,0
584,"Las Vegas",171295,0,0
500,"Chicago",169573,1,1
530,"Washington",179745,1,4
342,"Las Vegas",106405,1,2
500,"Hawaii",38121,0,0
409,"Washington",102847,1,1
493,"Las Vegas",68202,0,0
554,"Las Vegas",81414,1,4
606,"New York",63006,0,0
437,"Chicago",56759,0,0
271,"New York",91004,0,0
321,"Las Vegas",173568,1,1
261,"Miami",185798,1,1
307,"New York",199518,1,4
525,"Las Vegas",102853,0,0
482,"Las Vegas",145233,1,4
404,"Miami",31264,0,0
485,"New York",194926,1,5
438,"Miami",61322,1,4
349,"New York",192725,1,2
547,"New York",145939,1,1
486,"Chicago",54946,0,0
548,"Las Vegas",50652,0,0
280,"Washington",160935,1,1
378,"Washington",61510,1,3
633,"New York",111061,0,0
370,"Washington",189088,1,3
235,"Hawaii",27366,1,1
438,"Hawaii",54713,0,0
627,"Las Vegas",26891,0,0
585,"Miami",60669,1,5
447,"Hawaii",188399,1,3
499,"Las Vegas",137467,1,2
425,"Miami",140044,0,0
616,"New York",170186,1,3
241,"Hawaii",166979,1,3
424,"Hawaii",95982,1,1
552,"Hawaii",95220,0,0
591,"Chicago",115635,1,2
606,"Las Vegas",185891,1,1
565,"Las Vegas",183197,1,3
269,"Hawaii",75363,1,3
528,"Hawaii",79678,0,0
542,"Hawaii",100266,1,5
497,"Las Vegas",72536,0,0
609,"New York",88116,1,4
375,"New York",135780,1,2
631,"Washington",190467,1,2
405,"New York",185516,1,4
288,"New York",94781,1,4
466,"Miami",59137,1,5
270,"Las Vegas",96003,1,1
434,"Las Vegas",182871,0,0
386,"Las Vegas",144167,1,2
572,"New York",98295,0,0
453,"New York",55656,1,5
405,"New York",92036,0,0
287,"New York",137025,0,0
412,"Hawaii",175326,1,5
305,"Washington",65923,1,3
341,"Hawaii",184479,1,4
590,"New York",25808,0,0
400,"Hawaii",55230,0,0
395,"Miami",96777,0,0
413,"Hawaii",63130,0,0
575,"New York",130908,1,4
205,"New York",93286,0,0
339,"Miami",195188,1,5
239,"Washington",53476,1,2
570,"Las Vegas",126187,0,0
412,"Chicago",49649,1,1
440,"New York",47510,0,0
378,"Las Vegas",149117,1,4
404,"Las Vegas",79686,0,0
252,"Hawaii",130680,1,3
214,"New York",71470,0,0
210,"Washington",116051,1,5
235,"Miami",98546,1,3
363,"Las Vegas",116044,1,5
543,"Hawaii",71364,1,1
534,"Miami",182948,1,3
244,"Las Vegas",107798,1,5
633,"Las Vegas",116411,1,2
264,"Hawaii",59686,1,3
418,"Miami",159056,0,0
454,"Hawaii",58634,1,4
620,"Las Vegas",123436,0,0
569,"Washington",38955,0,0
440,"Chicago",80146,0,0
373,"Chicago",137301,1,2
446,"Hawaii",137118,1,4
559,"Chicago",154805,0,0
482,"Washington",182255,1,1
247,"Chicago",167905,1,2
286,"Chicago",70766,0,0
579,"Washington",43776,0,0
416,"Chicago",155204,1,5
550,"New York",66320,0,0
568,"Las Vegas",55241,0,0
334,"Las Vegas",168738,1,2
302,"Hawaii",68157,0,0
479,"Las Vegas",186170,1,1
368,"Hawaii",128331,1,2
599,"Chicago",191565,1,3
256,"Miami",145872,1,5
271,"New York",47230,1,3
487,"Miami",194763,1,3
284,"Hawaii",39262,1,4
499,"Las Vegas",85199,0,0
430,"New York",169143,0,0
534,"Chicago",41953,0,0
351,"New York",137832,1,4
250,"New York",153459,0,0
381,"New York",138071,1,3
444,"Miami",38309,0,0
533,"Las Vegas",160453,0,0
278,"Chicago",90592,1,5
464,"Washington",94942,1,2
425,"Washington",152003,0,0
621,"New York",59658,0,0
610,"Chicago",66621,0,0
269,"Chicago",120188,1,2
338,"Miami",176021,1,3
514,"Washington",77195,1,2
543,"Washington",33514,0,0
429,"Hawaii",35866,0,0
302,"Washington",25532,1,5
275,"Hawaii",182237,1,3
342,"Las Vegas",193372,1,5
220,"Washington",60709,1,4
501,"Las Vegas",158599,0,0
536,"Las Vegas",55249,0,0
312,"New York",193460,0,0
410,"Las Vegas",79565,0,0
220,"New York",140181,0,0
244,"Washington",125574,1,1
604,"Chicago",112243,1,1
477,"Washington",194348,1,3
488,"Chicago",136771,1,5
407,"Las Vegas",59046,0,0
326,"New York",68388,0,0
625,"Las Vegas",34829,0,0
210,"New York",185133,1,3
280,"Hawaii",104050,1,3
637,"New York",79685,0,0
560,"Las Vegas",108411,1,4
650,"Las Vegas",89906,0,0
317,"Las Vegas",134736,1,5
462,"Las Vegas",60734,0,0
233,"Miami",121228,1,4
561,"Miami",139104,1,1
596,"Washington",152523,0,0
600,"Miami",43543,0,0
205,"New York",118446,1,4
309,"Las Vegas",99952,0,0
473,"Miami",168606,1,2
363,"Washington",26699,0,0
519,"Hawaii",130479,0,0
219,"New York",129764,1,3
496,"New York",131437,1,4
304,"Miami",148478,1,3
323,"Las Vegas",64630,0,0
530,"Washington",174699,0,0
280,"Miami",26673,0,0
374,"Miami",65981,1,1
508,"New York",171775,1,3
387,"Hawaii",34379,1,4
444,"Las Vegas",169915,1,5
405,"Chicago",191767,1,1
257,"Hawaii",131367,0,0
214,"Hawaii",32075,1,1
275,"New York",132459,1,5
559,"Washington",189911,1,2
264,"Las Vegas",101604,1,1
233,"New York",49854,1,3
213,"Las Vegas",95153,1,2
388,"Miami",145841,0,0
584,"Hawaii",107053,0,0
349,"Las Vegas",117855,1,4
400,"Miami",67573,0,0
386,"Miami",104898,1,5
358,"Chicago",163167,1,4
618,"New York",58496,0,0
619,"New York",98975,1,4
326,"Miami",69712,0,0
528,"New York",192485,1,4
298,"Miami",67872,1,2
623,"Chicago",41970,1,1
229,"Las Vegas",152640,1,5
645,"New York",107969,0,0
295,"Las Vegas",144413,1,1
343,"Hawaii",91326,0,0
255,"Washington",87566,1,5
463,"Miami",74662,0,0
496,"Miami",129966,1,1
648,"Miami",146788,0,0
287,"Miami",142397,1,3
567,"Washington",155815,0,0
479,"Las Vegas",90456,1,5
644,"New York",76144,1,2
399,"Miami",85402,1,4
526,"Chicago",59378,1,4
234,"Hawaii",184827,1,5
484,"Washington",43267,0,0
297,"Chicago",27434,1,3
614,"New York",167746,1,5
565,"New York",128047,1,2
585,"Las Vegas",164231,1,1
568,"Hawaii",191867,1,5
388,"New York",118562,1,2
640,"New York",74453,1,2
425,"Miami",179409,1,1
424,"New York",63641,1,3
355,"Miami",52548,0,0
230,"Miami",158018,0,0
608,"Chicago",151094,0,0
300,"Chicago",175681,1,5
334,"Las Vegas",147143,0,0
496,"Las Vegas",66013,1,1
455,"Washington",141907,1,5
637,"Miami",175071,0,0
247,"New York",197123,1,1
445,"Miami",51300,0,0
612,"Las Vegas",124214,0,0
593,"New York",73275,1,4
607,"Hawaii",27092,0,0
550,"New York",156883,1,1
275,"Washington",89552,0,0
255,"Las Vegas",156853,1,3
253,"Chicago",44654,1,3
394,"Chicago",145443,1,1
550,"Washington",67383,0,0
607,"Miami",53963,1,5
392,"Miami",119045,0,0
564,"Chicago",170283,0,0
411,"Washington",64663,1,1
505,"Hawaii",137422,1,4
541,"Las Vegas",135720,0,0
508,"Chicago",191681,0,0
581,"New York",27092,0,0
340,"Hawaii",74111,1,3
282,"Washington",183866,1,3
242,"Hawaii",194994,1,5
207,"New York",161698,1,5
606,"New York",121071,1,3
558,"Washington",125945,1,4
235,"New York",197008,1,2
246,"Hawaii",125984,1,2
278,"Las Vegas",57702,0,0
438,"Miami",97231,0,0
531,"New York",68852,1,3
253,"Washington",105342,1,4
247,"Las Vegas",122750,1,1
449,"Hawaii",170177,1,1
331,"Las Vegas",83582,1,1
398,"Las Vegas",149454,1,2
253,"Miami",76597,1,4
615,"Las Vegas",84757,1,4
530,"Hawaii",187783,1,5
408,"Chicago",28258,0,0
503,"Chicago",57146,1,1
330,"Chicago",49848,1,5
499,"Las Vegas",192985,1,4
369,"Chicago",171234,1,2
502,"Hawaii",117417,0,0
386,"Washington",70354,0,0
520,"Washington",108284,0,0
326,"Hawaii",171539,1,1
532,"Las Vegas",44903,1,2
459,"Miami",166322,1,5
211,"New York",118855,1,1
363,"Hawaii",133501,1,5
398,"Washington",61636,1,4
382,"New York",150902,1,4
445,"Washington",198594,1,5
588,"Miami",165660,1,1
545,"New York",75063,0,0
229,"Washington",31493,1,1
253,"Las Vegas",134447,1,3
339,"Las Vegas",116952,1,1
339,"Miami",119361,1,5
530,"Chicago",54333,0,0
264,"Las Vegas",146898,1,5
640,"Las Vegas",59128,0,0
585,"New York",48702,1,2
463,"Chicago",164485,1,2
605,"New York",34689,1,1
204,"Washington",30858,1,1
553,"Las Vegas",176909,1,4
609,"Las Vegas",156575,1,4
250,"Las Vegas",154606,1,3
410,"New York",79990,1,4
503,"New York",192844,1,4
409,"Miami",146418,1,1
594,"Las Vegas",151530,1,3
380,"Las Vegas",182200,1,2
455,"Hawaii",169062,1,2
494,"New York",107759,1,3
329,"Las Vegas",191177,1,4
601,"Hawaii",172246,1,4
262,"Hawaii",165240,1,4
451,"Chicago",127622,1,2
314,"Las Vegas",145397,1,5
233,"Hawaii",170397,1,1
543,"Washington",55653,0,0
473,"Hawaii",178034,1,4
350,"Hawaii",122552,1,5
609,"Hawaii",164347,1,2
466,"New York",153066,0,0
626,"Miami",191980,1,4
606,"Miami",143000,1,5
374,"Hawaii",75821,1,5
523,"Las Vegas",69954,1,1
572,"Las Vegas",176831,1,5
611,"Hawaii",47468,0,0
259,"Hawaii",182489,1,3
220,"Miami",157538,1,2
645,"Las Vegas",81606,0,0
375,"Hawaii",108418,0,0
520,"Hawaii",150680,1,5
437,"Las Vegas",121359,1,3
374,"Miami",72931,1,1
523,"Washington",155548,0,0
596,"Washington",57577,0,0
255,"Washington",94077,1,4
365,"Las Vegas",57257,1,3
555,"Miami",176794,1,4
297,"Hawaii",197535,1,2
479,"Miami",72788,1,2
370,"Miami",136078,1,4
472,"Miami",100738,1,3
454,"Washington",183335,1,4
512,"Las Vegas",191554,1,1
566,"Hawaii",66277,1,1
404,"New York",130875,1,4
366,"Las Vegas",167113,1,5
570,"Hawaii",113287,0,0
431,"Washington",145760,1,2
534,"Hawaii",64841,1,1
582,"New York",180073,1,5
398,"Washington",43902,1,1
383,"Miami",36890,0,0
583,"Hawaii",128766,1,1
527,"Hawaii",187469,1,5
477,"Las Vegas",127631,1,3
515,"Hawaii",40679,0,0
537,"Las Vegas",188304,1,1
318,"New York",175674,1,1
324,"Las Vegas",85807,1,2
290,"New York",149085,1,3
624,"Las Vegas",129913,1,5
322,"New York",53801,1,1
424,"Las Vegas",105551,1,2
217,"New York",26410,1,3
561,"Miami",184889,1,4
382,"New York",170383,1,5
407,"Hawaii",76953,1,5
619,"Las Vegas",144981,1,5
375,"New York",139771,1,2
536,"Washington",60014,0,0
553,"Washington",185314,0,0
293,"New York",175698,1,5
225,"Hawaii",161640,1,2
349,"Chicago",166703,1,1
508,"Las Vegas",161576,1,5
545,"New York",167740,0,0
494,"Washington",86979,1,4
620,"Washington",179513,1,5
202,"New York",145299,1,5
370,"Hawaii",94108,1,4
490,"Hawaii",49376,1,5
245,"Chicago",127186,1,3
207,"Las Vegas",145681,1,5
267,"Miami",69042,1,4
535,"Las Vegas",138997,1,3
584,"Chicago",44445,1,4
346,"Chicago",152378,1,5
320,"Hawaii",111097,1,3
310,"Chicago",168574,1,3
630,"Chicago",35700,0,0
424,"Hawaii",166776,1,2
513,"Chicago",100646,1,2
612,"Washington",181264,0,0
474,"Las Vegas",170337,1,2
318,"New York",74834,0,0
614,"New York",34149,1,3
520,"Las Vegas",81261,1,5
220,"Miami",116168,1,2
485,"Las Vegas",151778,1,1
584,"Hawaii",111681,1,2
254,"Hawaii",165840,1,4
628,"Washington",63066,1,4
218,"New York",47395,1,5
277,"Las Vegas",156201,1,1
210,"Washington",103914,1,5
375,"Miami",146094,1,5
519,"Chicago",42844,0,0
495,"Washington",171477,1,1
419,"Washington",108997,1,3
236,"Miami",91106,1,2
636,"Miami",175096,1,3
452,"Washington",188927,1,3
523,"Miami",110688,0,0
328,"New York",112255,1,3
561,"Washington",48322,0,0
483,"Las Vegas",81545,1,4
609,"New York",34257,0,0
378,"New York",99172,0,0
339,"Las Vegas",196003,1,1
529,"Washington",191871,1,3
513,"New York",28766,0,0
396,"New York",39630,1,4
563,"Hawaii",67694,0,0
338,"Washington",72215,0,0
612,"New York",71109,0,0
483,"Chicago",188422,1,1
550,"Las Vegas",95147,1,2
523,"New York",85162,1,3
498,"Washington",114443,1,2
516,"Las Vegas",31265,1,1
287,"Washington",81662,1,5
469,"New York",114771,0,0
545,"Washington",161102,1,5
306,"Hawaii",128974,0,0
511,"Miami",184306,1,1
242,"Las Vegas",48135,0,0
532,"New York",65915,1,2
625,"New York",111238,1,5
499,"Las Vegas",158435,1,5
500,"Las Vegas",26703,0,0
389,"Miami",106736,1,4
262,"Washington",145897,1,1
411,"Hawaii",43944,0,0
242,"Hawaii",168561,1,4
539,"Las Vegas",36712,0,0
365,"Las Vegas",80351,0,0
456,"Miami",52623,0,0
372,"Hawaii",63022,0,0
291,"Hawaii",56481,0,0
441,"Las Vegas",153555,0,0
374,"Las Vegas",193555,1,1
588,"New York",173302,1,5
242,"New York",60791,1,3
229,"Chicago",59794,1,5
275,"New York",70546,1,5
621,"Washington",154295,0,0
399,"New York",190097,1,1
503,"Hawaii",156608,1,1
216,"Miami",49079,0,0
411,"Chicago",115742,1,3
221,"Washington",127481,1,2
479,"Chicago",60476,0,0
589,"Miami",33770,0,0
288,"Chicago",27255,0,0
327,"Hawaii",37129,1,5
589,"Washington",178930,0,0
214,"Washington",32999,1,2
552,"Las Vegas",50926,0,0
405,"New York",122155,1,3
236,"Las Vegas",182910,1,3
608,"Las Vegas",85974,0,0
285,"Miami",147200,1,2
536,"New York",120455,1,4
394,"Miami",96362,1,5
502,"Hawaii",122996,0,0
284,"Las Vegas",79201,1,4
597,"New York",155555,1,5
222,"Miami",135388,1,5
299,"Las Vegas",78627,1,4
318,"New York",69825,1,1
545,"Washington",196938,1,3
374,"Miami",73861,1,3
325,"New York",187714,1,5
235,"Washington",47699,1,5
425,"Miami",75313,0,0
403,"Las Vegas",42230,1,3
644,"New York",73714,0,0
264,"Las Vegas",179608,1,4
575,"Washington",72009,0,0
213,"New York",114128,1,3
550,"Washington",199112,1,1
303,"Hawaii",65829,1,5
260,"New York",29770,1,4
286,"New York",103671,1,1
297,"Hawaii",135920,1,3
620,"New York",138121,0,0
645,"Las Vegas",42678,0,0
340,"Miami",121170,1,4
262,"Hawaii",50989,1,3
497,"Miami",110357,1,1
463,"Miami",163660,1,3
355,"Las Vegas",154319,0,0
566,"Hawaii",171520,1,4
327,"New York",66640,0,0
581,"Miami",88939,1,3
262,"Washington",106680,1,4
588,"Miami",133044,1,4
230,"Las Vegas",136657,1,1
396,"Miami",88410,1,1
506,"Miami",112728,0,0
293,"New York",56744,1,5
624,"New York",133698,0,0
371,"Miami",131840,1,1
482,"Washington",125563,1,2
283,"New York",51281,1,5
497,"New York",160219,0,0
531,"Washington",131329,1,5
423,"Miami",164201,1,5
591,"Washington",148312,1,4
574,"New York",166315,1,4
642,"Chicago",146030,1,2
500,"New York",138872,1,2
489,"Las Vegas",194708,1,1
220,"Washington",167110,1,5
286,"Miami",76156,1,4
215,"Chicago",47510,0,0
581,"New York",126939,1,4
391,"Las Vegas",84761,0,0
568,"Miami",70341,0,0
268,"Chicago",30080,1,5
383,"Las Vegas",141097,1,2
525,"Washington",67835,1,3
227,"Miami",115201,1,5
349,"Washington",75542,0,0
550,"Chicago",90141,0,0
578,"New York",56595,0,0
592,"Hawaii",195280,1,4
629,"New York",199097,0,0
373,"New York",42528,1,4
628,"Miami",27099,0,0
517,"Las Vegas",59613,0,0
390,"Washington",166717,1,5
376,"Washington",50819,0,0
295,"Hawaii",57539,0,0
539,"Miami",196877,1,1
400,"Las Vegas",59772,1,2
404,"Hawaii",132146,0,0
237,"Hawaii",178122,1,3
364,"Las Vegas",162477,1,5
603,"Miami",141209,1,2
445,"New York",168053,1,3
214,"Hawaii",134795,1,1
375,"Miami",93845,1,5
251,"Washington",154370,1,5
325,"Washington",81029,1,5
524,"Miami",123320,0,0
369,"New York",142137,1,5
486,"New York",54659,0,0
424,"Chicago",182398,1,4
563,"Hawaii",199527,1,5
462,"Las Vegas",26077,0,0
277,"Hawaii",52770,1,5
622,"Hawaii",180847,0,0
224,"Miami",185542,0,0
239,"Washington",80578,0,0
579,"Hawaii",162908,1,5
389,"Miami",75616,0,0
523,"New York",35021,0,0
531,"Hawaii",144583,0,0
644,"Hawaii",84094,0,0
632,"Chicago",157146,0,0
264,"Washington",33226,0,0
499,"Miami",182135,1,2
215,"Hawaii",150521,1,5
423,"Washington",150124,1,3
556,"Las Vegas",183723,1,2
371,"New York",181641,1,1
627,"Washington",118406,0,0
497,"Washington",131321,1,3
395,"Miami",30421,1,3
577,"Las Vegas",151739,1,2
562,"Hawaii",148233,1,5
392,"Chicago",141370,1,4
348,"Chicago",87590,1,4
454,"New York",57436,1,2
588,"Miami",39391,1,3
464,"New York",74242,1,3
490,"Washington",169125,1,2
545,"Washington",124060,1,2
512,"Miami",74184,1,3
590,"Las Vegas",46093,0,0
243,"Las Vegas",155848,1,3
474,"Washington",147022,0,0
308,"Las Vegas",126864,1,5
411,"Hawaii",149532,1,3
328,"New York",143685,1,3
613,"Washington",131186,1,1
380,"Las Vegas",148766,1,3
454,"Las Vegas",153060,0,0
236,"Las Vegas",91814,1,4
624,"New York",151625,1,4
531,"New York",68758,1,4
414,"Chicago",46512,1,3
282,"Miami",63357,1,4
529,"New York",112842,1,4
477,"New York",37537,1,3
227,"Washington",158564,1,5
224,"Miami",49685,1,5
405,"Washington",90966,1,5
281,"New York",180384,1,4
421,"New York",157167,0,0
642,"Chicago",38434,0,0
301,"New York",137395,1,5
521,"Miami",140977,0,0
268,"New York",34982,1,4
437,"Washington",63783,1,5
573,"Las Vegas",136808,1,5
257,"Miami",95788,1,5
569,"Hawaii",159424,0,0
311,"New York",136631,1,2
244,"Washington",182747,1,2
274,"Chicago",46241,1,4
499,"Miami",63125,1,1
505,"Hawaii",106140,1,1
260,"Las Vegas",109404,0,0
641,"Miami",197400,1,3
266,"Hawaii",41952,1,3
624,"Hawaii",194295,1,5
515,"Chicago",144294,1,3
456,"Washington",28499,1,5
311,"Miami",132104,1,2
353,"Miami",54168,1,5
578,"Hawaii",77844,1,4
615,"Las Vegas",100374,1,5
432,"Hawaii",53296,1,2
600,"Miami",49660,1,1
517,"New York",89274,0,0
391,"Hawaii",39243,1,3
335,"Hawaii",138627,1,2
634,"Hawaii",144593,0,0
256,"Hawaii",26075,1,1
506,"Washington",96528,0,0
569,"Washington",170804,1,5
297,"Washington",120862,1,5
467,"Miami",133247,1,5
273,"Washington",89863,0,0
382,"Hawaii",100713,1,4
307,"Las Vegas",155111,1,1
437,"Miami",118101,1,4
502,"New York",160601,1,5
608,"New York",199157,1,4
350,"Miami",37546,0,0
309,"Hawaii",78921,1,4
339,"Hawaii",131976,1,2
302,"Las Vegas",30637,0,0
255,"Miami",83054,1,1
320,"New York",39975,0,0
616,"Chicago",112412,0,0
225,"Chicago",112653,0,0
426,"Washington",86790,1,2
557,"Las Vegas",117317,1,3
577,"Miami",167045,0,0
459,"New York",54726,0,0
309,"Miami",105071,1,3
462,"Miami",150520,1,2
262,"New York",147411,1,1
417,"New York",75674,0,0
242,"Chicago",109515,1,3
337,"New York",108629,1,3
505,"Hawaii",197681,1,2
292,"Hawaii",154535,1,4
378,"Las Vegas",43271,1,1
561,"New York",128434,1,5
303,"Hawaii",92122,1,2
235,"Miami",70553,1,1
550,"Washington",190310,0,0
502,"Hawaii",71528,1,4
430,"Las Vegas",66673,1,3
296,"New York",191630,0,0
284,"Las Vegas",48573,1,5
475,"Washington",76219,0,0
217,"Las Vegas",129442,1,4
303,"Las Vegas",194848,1,4
571,"Washington",111832,1,3
335,"Miami",117246,1,5
207,"Hawaii",163347,1,1
633,"New York",137971,1,4
239,"Hawaii",71244,1,3
537,"Las Vegas",164748,1,2
576,"Miami",99794,1,3
207,"Las Vegas",116338,1,4
584,"New York",39707,1,1
448,"Miami",90006,1,1
353,"Washington",82084,1,2
347,"New York",179657,0,0
488,"New York",167934,1,3
258,"Miami",42346,1,4
340,"Washington",186961,0,0
462,"New York",192395,1,4
542,"Washington",170106,1,1
448,"New York",181833,1,1
510,"Washington",28150,0,0
367,"Washington",178356,1,4
608,"New York",183179,0,0
639,"Miami",177532,1,4
545,"Chicago",193488,1,5
206,"New York",199832,1,2
435,"Miami",148411,1,5
560,"Hawaii",66590,0,0
293,"Chicago",107506,1,4
374,"Hawaii",190863,1,4
444,"Miami",53809,0,0
535,"Washington",124546,1,1
350,"Washington",73160,1,2
346,"Hawaii",58841,0,0
391,"New York",159390,1,3
324,"Chicago",75191,1,3
482,"Las Vegas",57481,1,5
220,"Las Vegas",33612,1,2
473,"Las Vegas",165539,1,1
388,"Miami",175385,1,2
220,"Miami",127576,1,1
647,"Miami",181518,0,0
482,"Miami",89829,1,3
577,"Las Vegas",177483,1,2
379,"Washington",147293,1,5
629,"Miami",195722,0,0
370,"New York",63624,1,1
569,"New York",104551,0,0
203,"Las Vegas",48778,1,4
593,"Las Vegas",165304,0,0
233,"Las Vegas",148047,1,5
568,"Las Vegas",113992,1,5
464,"Las Vegas",106722,0,0
507,"Hawaii",89369,0,0
521,"Washington",114725,1,5
326,"New York",80215,0,0
503,"Miami",90754,0,0
334,"Washington",44405,0,0
457,"Miami",162850,1,3
225,"New York",141329,1,4
356,"Las Vegas",171555,1,4
424,"Las Vegas",50679,1,3
439,"Miami",116086,0,0
567,"Las Vegas",145618,0,0
430,"Miami",101026,0,0
582,"Chicago",107224,1,3
467,"Miami",97834,0,0
442,"Las Vegas",178179,0,0
482,"Washington",160096,1,4
331,"Las Vegas",142076,1,4
455,"Washington",107435,1,1
650,"Washington",49691,0,0
614,"Chicago",196788,0,0
546,"Miami",116638,0,0
580,"Washington",95418,0,0
615,"New York",29517,0,0
470,"Chicago",187244,1,3
366,"New York",41045,0,0
536,"New York",72738,1,5
418,"New York",167141,1,2
202,"Miami",98147,1,3
503,"Washington",182793,1,5
382,"Las Vegas",74847,1,4
629,"Hawaii",86623,1,3
260,"New York",104783,0,0
370,"Las Vegas",83671,1,2
605,"Miami",191276,1,4
562,"New York",79888,0,0
428,"Miami",51373,0,0
208,"New York",132357,1,2
313,"New York",32964,1,4
338,"Hawaii",192918,1,1
498,"Hawaii",132592,1,4
244,"Las Vegas",54062,1,1
634,"Hawaii",86367,0,0
590,"Las Vegas",196227,1,5
328,"New York",108219,0,0
396,"New York",172199,1,4
353,"New York",54004,1,2
357,"Miami",92293,1,5
337,"Hawaii",98736,1,2
612,"New York",33818,0,0
328,"Las Vegas",48271,0,0
591,"Washington",136608,1,5
568,"Miami",125273,1,4
283,"New York",181326,1,3
302,"Las Vegas",193142,1,2
500,"Las Vegas",160321,1,1
411,"New York",56209,1,3
249,"Hawaii",161136,1,3
266,"Washington",26714,1,1
343,"Hawaii",58775,1,1
473,"New York",35234,0,0
626,"Washington",54158,0,0
390,"Miami",107117,1,1
617,"Washington",183589,1,2
245,"New York",128295,1,1
590,"Chicago",128270,1,1
317,"Chicago",76512,1,5
328,"Hawaii",45376,1,2
275,"Las Vegas",29908,0,0
213,"New York",175857,1,2
244,"Miami",156933,1,4
254,"Miami",35162,1,4
287,"New York",186222,1,4
573,"Miami",163923,1,1
207,"Washington",124609,1,1
374,"Las Vegas",31796,0,0
611,"New York",184947,1,4
207,"Hawaii",98814,1,1
339,"Chicago",82605,1,5
393,"Las Vegas",37644,0,0
453,"Washington",51768,0,0
614,"New York",119313,1,4
433,"Chicago",150123,1,3
533,"Chicago",92475,1,5
478,"Chicago",118398,0,0
293,"Hawaii",37757,1,4
429,"Hawaii",105984,0,0
227,"New York",149256,1,3
549,"Washington",46143,0,0
292,"New York",195058,1,4
586,"Washington",149637,0,0
431,"Las Vegas",32659,0,0
313,"Hawaii",125611,1,1
566,"New York",71155,1,1
230,"Miami",31301,0,0
212,"Miami",62280,1,5
468,"Chicago",148156,1,3
581,"Chicago",170392,1,2
404,"Washington",91754,1,4
426,"Miami",79598,1,2
294,"Miami",134499,1,4
522,"Las Vegas",34065,1,3
441,"Miami",99406,1,3
222,"Miami",76307,1,4
570,"Las Vegas",104247,1,5
314,"Las Vegas",38581,0,0
435,"Washington",74392,1,1
347,"New York",81552,1,4
250,"Hawaii",55990,0,0
583,"New York",56228,0,0
481,"Las Vegas",29618,0,0
582,"Miami",66025,0,0
257,"Hawaii",28046,1,3
501,"Hawaii",88302,1,5
474,"Hawaii",194793,1,4
626,"Las Vegas",61528,1,3
461,"New York",177401,1,3
336,"Washington",44336,0,0
621,"Miami",108330,0,0
580,"Hawaii",94820,0,0
391,"Las Vegas",192119,1,3
419,"Hawaii",73880,1,3
546,"New York",109579,1,3
314,"Hawaii",144653,1,1
565,"Washington",104340,1,4
570,"Hawaii",80443,0,0
388,"New York",35753,1,2
612,"Miami",132379,1,5
232,"Hawaii",91632,1,5
565,"Las Vegas",86870,1,2
419,"Washington",53081,0,0
337,"New York",93651,1,2
478,"Chicago",186247,1,5
344,"Miami",168154,1,5
494,"Las Vegas",35101,1,5
612,"Chicago",168026,0,0
456,"New York",118475,0,0
487,"Miami",182813,1,2
387,"New York",71456,1,1
558,"Washington",59289,0,0
588,"Las Vegas",106770,0,0
365,"New York",89090,0,0
420,"Miami",127531,0,0
603,"Hawaii",127837,1,1
409,"Chicago",66206,1,3
294,"Hawaii",96689,1,2
504,"Hawaii",121140,0,0
530,"Hawaii",90302,0,0
494,"Hawaii",69134,0,0
293,"Hawaii",140385,1,3
632,"Hawaii",172924,0,0
203,"Washington",180193,1,5
606,"Miami",65561,0,0
240,"Miami",186148,1,3
577,"New York",45041,0,0
449,"Washington",45493,0,0
472,"Miami",58779,0,0
565,"Chicago",182118,1,3
318,"Hawaii",196961,1,4
218,"Las Vegas",167229,1,4
262,"Washington",114237,1,5
247,"Las Vegas",181028,1,3
279,"Washington",189563,1,4
633,"Las Vegas",136832,1,4
287,"Las Vegas",69483,0,0
349,"Miami",26848,1,3
512,"Las Vegas",38208,0,0
512,"Miami",37296,1,5
329,"New York",76057,0,0
335,"Las Vegas",170722,1,3
393,"Chicago",129220,1,5
372,"Miami",80980,1,5
608,"Washington",32612,0,0
441,"Hawaii",181795,0,0
473,"Washington",69971,1,5
427,"Las Vegas",111218,0,0
427,"Washington",69857,0,0
391,"Las Vegas",45648,1,4
298,"New York",142110,1,1
344,"Hawaii",108276,1,3
309,"Las Vegas",89261,1,4
201,"Hawaii",61909,1,1
301,"New York",186636,1,1
636,"Las Vegas",128048,1,4
395,"Las Vegas",32543,1,1
633,"New York",41855,0,0
315,"Las Vegas",177107,1,4
261,"Miami",146726,1,5
453,"Las Vegas",125187,0,0
395,"Las Vegas",108959,1,5
588,"Washington",88598,0,0
612,"New York",169402,1,1
478,"Miami",126737,0,0
578,"Hawaii",197668,1,5
330,"Washington",177275,1,4
605,"Chicago",92630,0,0
263,"Hawaii",110217,1,3
264,"Chicago",163103,1,5
461,"Las Vegas",149325,1,5
648,"New York",146345,0,0
440,"Washington",25364,1,5
258,"Miami",28840,0,0
280,"Las Vegas",167674,1,3
549,"Chicago",37075,0,0
493,"Washington",185394,1,4
450,"Las Vegas",75772,1,1
535,"Miami",32643,0,0
354,"New York",89494,0,0
376,"Las Vegas",122018,1,3
358,"Hawaii",140265,1,5
480,"Las Vegas",34660,0,0
272,"Miami",118952,0,0
311,"New York",165976,1,4
626,"Hawaii",108589,1,2
645,"Washington",88321,1,5
441,"Hawaii",155220,0,0
220,"New York",131174,1,3
471,"Las Vegas",158802,1,5
525,"Washington",76765,1,4
462,"Hawaii",75838,0,0
437,"Miami",123303,1,2
359,"Miami",52443,0,0
236,"New York",189895,1,4
258,"Washington",88605,1,4
365,"New York",161509,1,5
470,"Chicago",69920,1,5
307,"Miami",34394,1,5
208,"New York",54686,1,1
339,"Hawaii",110435,1,2
235,"Las Vegas",101558,1,2
313,"Las Vegas",153317,1,2
263,"Hawaii",92658,1,5
367,"Washington",194796,1,1
263,"Las Vegas",128815,1,1
456,"Hawaii",51876,0,0
444,"New York",140371,0,0
274,"Chicago",170835,0,0
625,"New York",193292,1,2
482,"Hawaii",109296,1,3
229,"Hawaii",195160,1,1
281,"New York",195507,1,1
500,"Miami",163746,0,0
608,"New York",121051,0,0
567,"Miami",178222,1,3
399,"Miami",110581,1,1
273,"Miami",61154,1,5
275,"Washington",120533,0,0
416,"Chicago",29713,1,4
378,"Miami",191426,1,5
558,"Las Vegas",183859,1,5
546,"Chicago",39038,0,0
380,"Miami",64774,1,1
484,"Las Vegas",76169,0,0
386,"Hawaii",104196,0,0
364,"Las Vegas",136492,0,0
479,"Washington",57943,0,0
630,"Chicago",51350,1,3
414,"New York",150354,1,1
479,"Hawaii",154294,1,4
330,"New York",89683,1,3
383,"Hawaii",181340,1,1
400,"Hawaii",114453,1,5
328,"New York",166735,1,3
637,"Miami",95650,0,0
597,"Chicago",146583,1,1
564,"Washington",41485,0,0
519,"Miami",85109,0,0
281,"New York",71470,1,1
229,"Hawaii",138976,1,5
248,"Chicago",198912,1,3
582,"Miami",40643,0,0
362,"Miami",129369,0,0
553,"Hawaii",191368,1,4
609,"Hawaii",69919,0,0
485,"Washington",89904,0,0
477,"Las Vegas",93551,0,0
230,"Miami",125697,1,4
309,"New York",126549,1,1
385,"Las Vegas",108171,1,4
565,"Washington",132260,0,0
371,"Chicago",133376,1,4
401,"New York",160909,1,3
457,"Washington",74991,1,3
259,"Las Vegas",42254,0,0
206,"Las Vegas",155132,1,3
505,"Chicago",169889,1,1
576,"Miami",99373,0,0
621,"Miami",93072,1,3
226,"Las Vegas",194732,1,5
501,"Miami",103869,0,0
374,"Washington",35720,1,5
459,"Chicago",97804,1,2
262,"New York",63173,0,0
315,"Miami",82212,1,3
341,"Las Vegas",152914,1,2
522,"Hawaii",145761,0,0
285,"Miami",197084,1,1
264,"Miami",98583,1,1
458,"Miami",179264,1,4
222,"Washington",171196,1,3
396,"Las Vegas",163665,1,1
417,"Miami",80646,1,4
409,"Miami",186738,1,4
419,"Hawaii",121672,1,2
532,"Miami",106941,1,4
646,"New York",113526,0,0
578,"Las Vegas",98372,1,1
250,"Washington",136634,1,2
588,"New York",112693,1,3
456,"Las Vegas",130630,1,5
507,"Hawaii",131646,0,0
555,"New York",154818,0,0
381,"Chicago",124307,1,3
584,"Miami",154785,1,1
285,"Las Vegas",51362,1,5
423,"New York",96422,0,0
254,"New York",189341,1,2
303,"Las Vegas",25672,0,0
607,"New York",64267,0,0
413,"Hawaii",133970,1,4
443,"New York",112326,0,0
638,"New York",165341,0,0
638,"New York",32126,0,0
508,"Hawaii",172902,1,2
551,"New York",119766,1,3
209,"Miami",138016,1,5
528,"Las Vegas",85370,1,5
615,"Hawaii",108492,0,0
398,"Miami",48072,1,3
518,"Miami",115543,0,0
568,"Las Vegas",173361,0,0
419,"New York",75997,0,0
579,"Miami",26043,0,0
422,"New York",32696,0,0
208,"Chicago",58280,0,0
398,"Miami",41227,1,1
415,"Washington",99451,1,2
471,"New York",141869,0,0
399,"Miami",81482,0,0
338,"Miami",118087,1,2
503,"Miami",48312,1,1
474,"Miami",165491,1,2
638,"Miami",129593,1,2
279,"Chicago",88969,1,4
638,"Las Vegas",85059,0,0
461,"Miami",120835,1,3
532,"Las Vegas",58974,1,4
590,"New York",79398,0,0
491,"New York",61101,0,0
513,"Miami",43240,1,1
648,"Hawaii",147782,0,0
582,"Washington",195312,1,4
545,"Miami",94785,0,0
262,"Las Vegas",84772,1,5
243,"Las Vegas",99058,1,1
435,"Las Vegas",134864,1,5
287,"Las Vegas",43428,1,5
529,"New York",136903,1,4
423,"Hawaii",161707,1,4
264,"Hawaii",182288,1,5
579,"Las Vegas",74488,1,4
624,"Hawaii",85847,1,4
325,"New York",71542,0,0
268,"Las Vegas",97031,1,1
518,"Chicago",140611,0,0
454,"Washington",89298,1,1
241,"Miami",92007,1,5
452,"Washington",169636,1,1
477,"Las Vegas",131868,1,3
447,"Miami",72664,0,0
377,"New York",37106,0,0
388,"Chicago",58638,0,0
607,"Miami",98546,0,0
503,"Las Vegas",87399,0,0
630,"New York",80844,0,0
268,"Las Vegas",148767,1,5
452,"Las Vegas",166399,1,5
244,"New York",120341,1,4
481,"New York",42536,0,0
315,"Las Vegas",173977,1,3
416,"Hawaii",151379,0,0
415,"Washington",116703,1,1
574,"Washington",55707,0,0
603,"Las Vegas",56404,0,0
460,"Washington",100816,1,2
625,"New York",176326,1,5
331,"Miami",144128,1,2
481,"Las Vegas",168594,1,1
479,"Chicago",140131,1,2
492,"Washington",45038,0,0
306,"Chicago",98901,1,3
382,"Las Vegas",133316,1,3
277,"Hawaii",103473,1,1
434,"New York",85530,1,1
463,"New York",40708,0,0
236,"Chicago",199091,1,1
528,"Las Vegas",47237,0,0
476,"Washington",43616,0,0
502,"Las Vegas",150033,0,0
333,"Hawaii",25072,0,0
362,"Las Vegas",82716,0,0
484,"Las Vegas",125350,1,3
632,"Washington",95138,1,4
364,"Miami",135588,1,3
289,"New York",169326,0,0
314,"Hawaii",130918,1,3
418,"Chicago",46283,0,0
386,"Las Vegas",44886,1,1
348,"Miami",68236,1,3
361,"New York",70973,0,0
508,"Las Vegas",160911,0,0
588,"Las Vegas",117429,1,5
411,"Las Vegas",40294,0,0
462,"Washington",63601,1,2
424,"New York",43340,0,0
500,"Washington",121521,0,0
510,"New York",73442,1,3
248,"Miami",56457,1,3
250,"Las Vegas",53848,1,4
620,"Miami",103798,0,0
390,"New York",151020,1,5
453,"Chicago",115436,1,1
630,"Hawaii",116433,0,0
288,"New York",58193,1,1
301,"Hawaii",139624,1,1
480,"Chicago",148357,1,4
576,"Hawaii",141330,1,2
564,"Washington",49815,1,5
268,"Washington",123431,0,0
237,"New York",185956,1,5
551,"Miami",173546,1,5
630,"New York",198644,1,4
478,"Chicago",184952,0,0
397,"Miami",190309,0,0
499,"Washington",153690,1,2
591,"Las Vegas",188790,1,4
426,"Miami",59159,0,0
438,"Washington",55297,1,5
547,"Las Vegas",28538,0,0
366,"Hawaii",99046,1,5
623,"Miami",59565,0,0
215,"Washington",28081,1,3
352,"Washington",105162,1,4
261,"New York",159171,1,2
352,"New York",132570,1,3
418,"New York",47665,1,4
541,"Hawaii",63442,0,0
558,"Chicago",112183,0,0
387,"New York",94743,1,5
213,"New York",117929,1,1
622,"Washington",48465,0,0
612,"Miami",175839,1,3
475,"Chicago",54204,1,4
614,"Miami",195760,1,2
482,"Hawaii",104756,1,1
257,"Las Vegas",164566,1,3
264,"Chicago",102036,1,1
507,"Washington",124364,1,2
615,"Las Vegas",46044,1,5
268,"New York",76206,1,1
598,"Chicago",162271,0,0
403,"New York",110914,1,2
221,"Washington",90729,1,1
571,"Hawaii",198123,1,3
635,"Las Vegas",99542,0,0
563,"New York",68852,0,0
333,"Hawaii",31980,1,5
289,"Las Vegas",115940,0,0
291,"Las Vegas",57937,1,3
357,"Miami",83919,1,3
301,"New York",56070,0,0
274,"Miami",39813,1,5
242,"New York",78804,0,0
485,"Hawaii",199215,1,2
553,"Las Vegas",162962,0,0
227,"Chicago",43013,1,2
238,"Miami",46355,0,0
202,"Washington",173788,1,5
264,"Chicago",127707,1,3
618,"Las Vegas",124343,0,0
273,"Hawaii",188683,1,5
645,"Miami",81045,1,1
517,"Chicago",70994,0,0
346,"New York",107786,1,5
348,"New York",90620,1,2
550,"Las Vegas",85541,0,0
424,"Las Vegas",157747,1,1
424,"Miami",157314,1,5
320,"New York",121648,1,2
618,"Miami",117977,0,0
505,"Hawaii",115874,0,0
520,"Washington",41837,1,3
327,"New York",64051,0,0
461,"Miami",82755,0,0
629,"New York",110042,1,3
216,"Hawaii",100511,1,3
430,"Miami",91419,1,4
587,"Chicago",146322,0,0
325,"Las Vegas",182365,1,5
363,"Miami",154634,1,2
612,"Miami",89245,0,0
236,"Las Vegas",186734,1,5
431,"Hawaii",133782,1,3
389,"New York",106643,1,5
271,"New York",89534,1,5
402,"Hawaii",61731,1,4
276,"Hawaii",124665,1,1
585,"Las Vegas",145997,0,0
510,"Hawaii",44972,0,0
255,"Las Vegas",73193,0,0
254,"Hawaii",69698,1,1
330,"Washington",196914,1,5
623,"Miami",158759,1,3
619,"Miami",27498,0,0
282,"Hawaii",92068,1,4
611,"Miami",83433,1,4
230,"New York",43156,1,2
595,"Washington",53044,1,2
226,"New York",147223,1,1
628,"Hawaii",148465,1,5
272,"Washington",184877,1,1
461,"New York",33537,0,0
520,"Miami",126801,0,0
326,"Chicago",108176,1,5
212,"New York",102319,1,2
520,"Washington",98587,1,3
341,"New York",25677,1,1
585,"Miami",45737,0,0
412,"Washington",92432,1,1
646,"New York",72159,0,0
235,"Las Vegas",55305,0,0
211,"Miami",174035,1,3
459,"Hawaii",115739,1,4
473,"Washington",85971,0,0
202,"Las Vegas",84513,1,1
535,"Hawaii",102829,0,0
221,"Miami",127448,1,1
415,"Washington",116018,1,1
622,"Hawaii",98875,0,0
227,"Miami",43593,1,4
629,"Washington",44995,0,0
547,"Las Vegas",144481,1,1
583,"New York",85411,0,0
298,"Hawaii",90157,0,0
648,"Hawaii",46164,0,0
512,"Chicago",196242,1,3
329,"Washington",161149,1,2
568,"Hawaii",91121,0,0
632,"Chicago",31855,1,3
605,"Washington",188733,1,5
257,"Las Vegas",87600,0,0
227,"Miami",160679,1,5
568,"Las Vegas",128767,0,0
587,"Hawaii",110740,0,0
220,"Las Vegas",63082,1,4
301,"Miami",58261,0,0
517,"Las Vegas",78858,1,4
244,"Miami",188321,1,3
207,"Miami",175285,1,3
608,"Hawaii",57799,0,0
222,"Hawaii",62716,0,0
593,"Miami",181615,1,5
254,"Washington",60515,1,2
382,"Las Vegas",113790,1,5
303,"Washington",152817,1,3
549,"Hawaii",38557,1,4
459,"Hawaii",31811,1,1
288,"Las Vegas",103882,1,3
391,"Las Vegas",173447,0,0
398,"New York",199270,0,0
609,"New York",46730,1,4
408,"Miami",198613,1,5
619,"Miami",79079,0,0
375,"Miami",171966,1,2
562,"Washington",67017,0,0
546,"Washington",98869,0,0
353,"New York",60441,1,5
622,"Chicago",84910,1,2
427,"Chicago",128093,1,5
346,"Las Vegas",57996,0,0
399,"New York",63006,1,5
419,"Chicago",86688,1,2
579,"New York",101461,1,5
627,"Las Vegas",158841,1,3
412,"Miami",28274,0,0
367,"Washington",126845,1,5
302,"Miami",131466,1,1
202,"Las Vegas",31361,0,0
519,"Las Vegas",63169,1,4
513,"New York",194842,1,3
207,"Miami",89702,1,4
284,"Hawaii",82628,1,4
442,"Washington",188840,1,4
272,"Chicago",180505,1,1
311,"Washington",151272,1,4
615,"Washington",130495,1,2
363,"Hawaii",186271,1,3
647,"New York",73229,0,0
527,"Hawaii",42881,0,0
267,"Hawaii",91076,1,2
466,"Las Vegas",71066,1,4
582,"Miami",193227,1,3
530,"New York",165019,1,1
408,"New York",121003,0,0
430,"New York",58685,0,0
450,"New York",176558,1,3
290,"Las Vegas",64315,0,0
600,"Las Vegas",162483,1,2
269,"Chicago",193896,1,1
463,"Las Vegas",49701,0,0
416,"Miami",90601,0,0
289,"Las Vegas",74908,1,2
640,"Miami",79318,0,0
344,"New York",96904,0,0
220,"Hawaii",151578,1,4
539,"Washington",48763,0,0
455,"Washington",124548,0,0
204,"Miami",62410,1,5
335,"New York",147838,1,3
588,"Las Vegas",192859,1,2
304,"Miami",120152,1,4
226,"Chicago",137981,1,2
520,"Miami",194702,1,1
429,"Hawaii",130615,1,1
382,"Miami",62833,1,3
391,"Chicago",187665,1,3
611,"Washington",184183,0,0
606,"Chicago",180890,0,0
298,"Las Vegas",187306,1,5
459,"New York",88867,0,0
218,"Washington",104624,1,3
443,"Chicago",91495,0,0
251,"Chicago",75580,0,0
541,"Las Vegas",32994,0,0
250,"Chicago",165974,1,3
292,"Las Vegas",34294,1,4
545,"Las Vegas",129109,1,3
390,"Miami",176420,1,4
446,"Las Vegas",39180,0,0
596,"New York",130212,0,0
527,"Miami",196666,1,5
539,"Las Vegas",128515,0,0
470,"Washington",70793,0,0
245,"Hawaii",44857,1,1
572,"Miami",119452,1,1
532,"Hawaii",61804,0,0
597,"Hawaii",91448,0,0
238,"New York",104155,1,5
573,"New York",117929,1,5
324,"Chicago",101203,1,1
350,"New York",136688,1,4
599,"Washington",163752,0,0
286,"Chicago",111863,1,3
205,"Miami",176899,1,1
517,"New York",101326,0,0
217,"Miami",186228,1,1
570,"Miami",192990,0,0
607,"Miami",93007,0,0
275,"Washington",199598,1,2
293,"Hawaii",141718,1,3
558,"Washington",122554,0,0
602,"New York",146811,0,0
310,"Chicago",73569,1,3
395,"Washington",90676,1,5
379,"Miami",162273,1,1
500,"Chicago",167411,0,0
337,"Las Vegas",91551,0,0
556,"Chicago",130373,1,2
354,"Las Vegas",100534,0,0
316,"New York",172259,1,2
202,"Washington",140186,1,1
371,"Las Vegas",154076,1,3
470,"Miami",55476,1,4
353,"Las Vegas",158177,1,5
279,"Chicago",183348,1,1
649,"Hawaii",31182,0,0
319,"Miami",192889,1,1
448,"Hawaii",143922,1,1
261,"Washington",147608,1,1
507,"Hawaii",88678,0,0
403,"Washington",86340,1,3
365,"Hawaii",61972,0,0
374,"Miami",185874,1,3
382,"Hawaii",190584,1,4
572,"Miami",27105,0,0
612,"New York",43060,0,0
543,"Las Vegas",60427,0,0
365,"Hawaii",183729,1,3
511,"New York",152177,1,4
429,"Miami",118838,0,0
209,"Hawaii",179576,1,4
491,"Las Vegas",29862,0,0
480,"Hawaii",30237,0,0
350,"Chicago",135558,1,2
212,"Hawaii",61736,1,1
639,"New York",27120,0,0
646,"Washington",138513,1,2
234,"New York",151213,1,2
442,"Miami",158106,1,1
640,"Hawaii",180992,1,2
249,"Miami",126636,1,2
363,"Hawaii",107453,1,2
425,"Las Vegas",199227,1,5
611,"Miami",141185,0,0
457,"Washington",31650,1,5
210,"Washington",191816,1,5
585,"Las Vegas",153792,1,4
574,"Miami",61214,1,4
595,"Hawaii",73460,0,0
564,"Las Vegas",130598,0,0
200,"New York",152129,1,4
246,"Miami",185081,1,2
576,"Hawaii",148170,1,5
300,"Las Vegas",152938,1,2
214,"Miami",37430,0,0
460,"Hawaii",125471,1,4
541,"New York",79511,0,0
593,"Hawaii",59413,1,2
227,"Hawaii",150934,1,1
300,"Washington",43664,0,0
386,"Las Vegas",71115,1,5
385,"Las Vegas",69854,1,4
461,"New York",88416,1,3
624,"New York",167500,1,2
644,"New York",68977,0,0
258,"Miami",146685,1,5
324,"Washington",185138,1,4
573,"Las Vegas",178348,1,2
646,"Hawaii",112699,1,3
503,"Las Vegas",65057,0,0
235,"Miami",48699,1,2
260,"Washington",54920,1,2
352,"Las Vegas",183502,1,2
313,"Las Vegas",160234,1,1
313,"Washington",47755,1,2
552,"Las Vegas",152467,1,3
278,"New York",70820,0,0
469,"Hawaii",52275,0,0
511,"Las Vegas",76290,0,0
615,"Miami",148208,1,4
510,"Miami",73976,0,0
323,"Miami",35484,1,4
205,"New York",173058,1,3
219,"Washington",93160,0,0
276,"Washington",167094,1,2
584,"Miami",40503,0,0
221,"Las Vegas",25681,1,5
322,"New York",47449,0,0
600,"Hawaii",59719,1,2
447,"Las Vegas",63527,1,1
562,"Miami",41912,1,5
631,"Chicago",114252,0,0
510,"Washington",30961,0,0
381,"Chicago",185716,1,2
637,"Miami",100138,0,0
623,"New York",138627,0,0
433,"Miami",28107,0,0
261,"Hawaii",60091,0,0
482,"New York",93191,1,3
570,"Miami",77907,1,4
261,"Washington",199759,1,4
469,"Washington",183953,0,0
642,"Hawaii",116292,1,3
304,"Las Vegas",39173,0,0
388,"Las Vegas",120523,1,2
245,"Miami",99899,1,3
325,"Hawaii",112222,1,5
439,"Hawaii",27058,1,2
341,"Las Vegas",164552,1,3
470,"Las Vegas",103663,1,3
644,"New York",101024,0,0
474,"New York",161062,1,2
266,"New York",53123,1,4
517,"Miami",87072,0,0
506,"Hawaii",55276,1,4
345,"Miami",105915,1,3
390,"New York",87551,0,0
337,"Las Vegas",96669,1,3
575,"Hawaii",117042,0,0
467,"Miami",139308,1,2
563,"New York",132584,1,1
332,"Washington",121435,1,4
263,"Hawaii",113700,1,3
600,"Chicago",143566,1,5
204,"Hawaii",44463,1,1
456,"New York",114715,1,4
635,"Miami",144781,1,1
321,"Washington",182122,1,1
643,"Hawaii",100244,0,0
216,"New York",89667,1,2
316,"Miami",60088,0,0
317,"Miami",175983,0,0
627,"Las Vegas",119738,1,4
641,"Chicago",130275,0,0
530,"New York",42774,1,1
329,"New York",88362,1,2
384,"Miami",65981,1,2
291,"New York",195494,1,3
545,"New York",105298,1,4
534,"Las Vegas",164109,1,4
424,"Miami",56907,0,0
502,"Miami",182786,1,4
539,"Chicago",139278,1,3
548,"Chicago",60194,1,1
472,"Chicago",174077,1,2
376,"Washington",133311,0,0
502,"Washington",37343,1,3
591,"New York",152836,1,5
396,"Washington",102448,0,0
254,"New York",120809,1,1
479,"Miami",31064,0,0
416,"Washington",140973,1,5
616,"Las Vegas",158542,0,0
308,"Las Vegas",51270,1,3
549,"New York",35101,0,0
538,"Las Vegas",125613,1,4
504,"Las Vegas",177859,1,1
448,"New York",153107,1,1
469,"Washington",98250,1,3
590,"New York",86708,1,4
423,"Miami",137682,1,5
641,"Miami",131364,0,0
231,"Las Vegas",69724,1,5
450,"Miami",61059,0,0
285,"New York",161807,1,3
333,"Miami",32158,1,4
578,"Miami",144176,1,3
292,"Las Vegas",55653,0,0
462,"Las Vegas",171107,1,4
378,"Miami",71606,0,0
338,"Chicago",154765,1,3
413,"Chicago",132075,1,1
534,"Washington",196386,1,3
640,"Las Vegas",60575,0,0
270,"New York",127012,0,0
258,"Las Vegas",193798,1,4
461,"Las Vegas",160748,1,3
262,"New York",108231,0,0
291,"New York",79161,0,0
354,"New York",175713,1,1
320,"Hawaii",197303,1,3
525,"Miami",127250,1,1
513,"Las Vegas",89924,1,3
557,"New York",143050,0,0
324,"Chicago",190297,1,1
282,"Las Vegas",100808,1,4
408,"New York",127502,1,4
448,"Hawaii",165277,1,5
480,"Hawaii",172076,0,0
417,"Hawaii",34843,1,5
258,"New York",75083,1,3
598,"Washington",94067,0,0
646,"Las Vegas",77068,0,0
588,"Miami",142622,1,5
584,"Washington",108587,1,5
370,"New York",125479,1,3
478,"Las Vegas",32764,0,0
433,"Hawaii",89477,1,3
217,"Chicago",114749,1,4
534,"New York",64220,1,4
579,"Washington",134259,1,4
222,"Hawaii",28148,1,1
602,"Las Vegas",127262,1,5
370,"New York",130593,1,3
513,"Miami",31280,1,3
523,"New York",60794,1,2
507,"New York",184688,1,5
335,"Hawaii",49193,1,3
336,"New York",127030,1,1
414,"Las Vegas",193899,1,4
222,"Miami",182818,1,3
421,"Las Vegas",60791,1,1
465,"Miami",77670,1,3
306,"Washington",93375,1,2
634,"Chicago",48754,0,0
272,"Las Vegas",62760,1,1
459,"Washington",49279,0,0
389,"New York",188675,1,3
255,"Washington",86329,1,2
364,"New York",138728,0,0
649,"Hawaii",41104,0,0
559,"Las Vegas",71550,0,0
357,"Chicago",161751,1,3
622,"Hawaii",172216,1,5
521,"New York",115111,0,0
423,"Hawaii",119712,1,1
566,"Miami",135954,0,0
495,"Washington",48925,0,0
362,"Las Vegas",47726,0,0
412,"Miami",90254,0,0
469,"Las Vegas",46162,1,1
527,"Washington",152773,0,0
360,"Miami",142703,1,2
464,"New York",158887,1,4
432,"Miami",109808,1,3
467,"New York",136992,0,0
600,"Chicago",61150,0,0
590,"Miami",143899,0,0
574,"Las Vegas",63499,0,0
273,"Miami",172034,1,2
349,"Miami",94796,0,0
617,"New York",146740,1,2
616,"Las Vegas",118470,0,0
486,"Chicago",139841,1,1
557,"Washington",136886,0,0
457,"Miami",130832,1,3
218,"New York",188190,1,4
329,"Miami",45433,0,0
416,"Miami",66006,0,0
396,"Miami",80188,1,3
620,"Washington",27380,0,0
491,"New York",119834,1,2
200,"Las Vegas",59990,1,4
209,"Miami",75442,1,5
334,"Chicago",102196,1,5
323,"Washington",168998,1,2
573,"Miami",35022,1,5
524,"Washington",161077,1,5
506,"New York",59797,1,4
373,"Hawaii",178812,1,3
283,"Hawaii",102866,0,0
295,"Chicago",176013,1,4
517,"Washington",174890,1,5
318,"New York",59564,1,3
302,"Miami",56294,1,1
467,"New York",53223,1,1
266,"Miami",174882,1,4
223,"New York",37546,0,0
206,"Las Vegas",110423,1,5
564,"Miami",139926,1,1
561,"Las Vegas",58996,0,0
207,"New York",43455,1,1
468,"Las Vegas",61594,0,0
338,"Miami",31504,0,0
473,"Miami",158477,1,5
297,"Miami",195528,1,4
627,"Washington",124467,0,0
248,"New York",111691,1,2
254,"Miami",173979,1,3
263,"Chicago",198220,1,3
332,"Hawaii",158112,1,1
469,"Las Vegas",122733,1,1
294,"Washington",76702,0,0
404,"Las Vegas",126586,1,3
404,"Las Vegas",83025,0,0
372,"Chicago",44838,0,0
644,"Miami",175144,1,4
205,"Las Vegas",175642,1,3
589,"Miami",49200,0,0
242,"Chicago",132534,1,2
282,"Washington",46313,1,3
401,"Hawaii",169735,1,2
528,"Las Vegas",54653,0,0
285,"New York",145861,1,1
263,"New York",148774,0,0
296,"Hawaii",180957,1,5
276,"Hawaii",150148,1,1
584,"New York",129493,1,5
533,"Hawaii",25760,0,0
456,"Miami",46859,1,3
585,"Chicago",124035,0,0
267,"Las Vegas",121567,1,2
370,"New York",87325,0,0
344,"Miami",55994,1,3
213,"New York",30882,0,0
375,"Miami",107670,1,3
519,"New York",167685,1,3
312,"Washington",68571,1,4
492,"Washington",167217,1,5
275,"Hawaii",26039,1,2
548,"Washington",62568,0,0
416,"Miami",51855,1,5
227,"Miami",38617,0,0
547,"New York",192960,1,1
595,"Hawaii",106108,1,2
465,"Washington",142719,0,0
474,"New York",192424,0,0
389,"Las Vegas",89860,0,0
222,"Washington",71146,1,4
493,"Washington",76218,1,2
426,"Washington",79480,0,0
554,"Miami",125664,0,0
446,"Las Vegas",31704,0,0
400,"Las Vegas",50510,0,0
577,"Las Vegas",172286,1,1
504,"New York",112189,0,0
223,"Hawaii",194667,1,1
257,"Chicago",126792,1,4
572,"Miami",131362,1,3
381,"Hawaii",142976,1,5
427,"Miami",39041,1,4
352,"Washington",161068,0,0
481,"New York",88977,1,1
460,"Washington",87738,1,2
300,"Miami",160275,1,3
488,"Las Vegas",124125,1,2
361,"Las Vegas",195247,1,2
403,"Las Vegas",146092,1,2
380,"Chicago",38681,0,0
300,"New York",103842,1,5
312,"Miami",113318,1,5
279,"Hawaii",86354,1,4
395,"New York",152676,1,4
474,"Chicago",110926,0,0
384,"Miami",127000,1,1
611,"Washington",58298,0,0
326,"Las Vegas",131313,1,5
297,"Washington",126288,1,3
449,"Miami",89226,1,4
358,"Hawaii",175178,1,1
622,"Hawaii",113866,0,0
483,"Las Vegas",112785,1,4
397,"Las Vegas",128635,1,1
330,"New York",114990,1,4
216,"Miami",117432,0,0
447,"Miami",61449,1,4
344,"Hawaii",181458,1,5
416,"Hawaii",108909,0,0
564,"Washington",106335,0,0
298,"Miami",67928,1,4
240,"Miami",129033,0,0
559,"New York",134386,1,2
278,"Hawaii",187024,1,5
561,"Washington",178386,0,0
217,"New York",199847,1,2
581,"Miami",92288,0,0
570,"Chicago",90821,1,3
604,"Miami",77259,1,4
368,"Hawaii",112072,0,0
338,"Hawaii",97393,1,5
614,"New York",37465,0,0
345,"Las Vegas",178521,1,1
616,"New York",89652,1,2
471,"New York",107559,1,2
462,"Miami",113789,1,5
531,"Miami",26774,0,0
380,"Miami",146512,1,2
365,"Washington",81404,1,2
394,"Chicago",150804,1,1
351,"Las Vegas",154299,1,5
514,"Chicago",91235,0,0
321,"Hawaii",143189,1,4
584,"New York",185407,1,2
619,"Las Vegas",70109,0,0
409,"Washington",101686,1,5
203,"New York",29038,0,0
623,"Miami",143274,1,1
395,"Washington",98773,0,0
575,"New York",46208,0,0
432,"New York",178611,1,4
416,"New York",83895,1,5
265,"Miami",186494,1,2
226,"Washington",139035,1,2
493,"New York",192729,1,4
368,"Las Vegas",45643,0,0
211,"Las Vegas",146033,1,5
234,"Miami",62744,0,0
574,"Las Vegas",61894,1,5
530,"Hawaii",166593,1,2
222,"Hawaii",111798,1,1
526,"Las Vegas",169575,1,5
206,"New York",35846,0,0
475,"New York",96263,1,5
300,"Chicago",65379,1,1
479,"Hawaii",96710,1,4
454,"New York",27691,1,5
428,"Las Vegas",25073,0,0
316,"Miami",29572,1,4
362,"New York",111056,1,5
330,"Washington",171096,1,2
286,"New York",79862,0,0
484,"New York",34484,1,1
205,"Washington",115506,1,4
265,"Las Vegas",78281,1,3
429,"Chicago",155662,1,4
410,"Washington",163772,1,4
434,"Washington",109707,0,0
511,"Chicago",130794,1,1
650,"Hawaii",183956,1,4
627,"Chicago",156045,1,1
629,"Miami",190289,0,0
508,"Washington",97669,1,5
531,"Hawaii",89717,0,0
631,"Hawaii",110222,1,5
293,"Miami",98784,0,0
504,"Miami",39678,1,1
244,"Chicago",159309,1,3
424,"Las Vegas",107553,0,0
541,"Miami",94548,1,3
205,"Chicago",162756,1,2
272,"Washington",138268,0,0
250,"Miami",112567,1,5
561,"Hawaii",123745,0,0
369,"Miami",193766,1,3
484,"Chicago",163461,1,2
543,"Washington",93348,0,0
312,"Hawaii",107987,1,1
368,"New York",155618,1,1
353,"Washington",44950,1,1
518,"Chicago",50534,0,0
457,"Hawaii",176769,0,0
265,"Miami",57987,0,0
333,"New York",160849,1,2
376,"New York",34030,1,5
435,"Hawaii",106167,1,1
464,"Miami",170415,1,5
339,"Miami",56930,0,0
362,"Hawaii",34404,0,0
618,"Miami",93140,0,0
445,"Las Vegas",47484,1,2
465,"Washington",100697,1,3
313,"Chicago",88974,1,4
375,"New York",37144,1,2
491,"Las Vegas",25249,0,0
364,"Hawaii",71577,0,0
410,"Miami",94089,0,0
280,"Miami",93747,1,1
417,"Las Vegas",32728,0,0
619,"Las Vegas",54998,1,4
212,"Miami",190768,1,5
372,"New York",102710,1,5
313,"Hawaii",110170,1,5
460,"Washington",127863,0,0
231,"Las Vegas",119498,1,5
493,"Chicago",182044,1,4
224,"New York",183161,1,1
331,"Miami",64142,1,3
340,"Hawaii",69433,1,4
399,"New York",40718,0,0
396,"Hawaii",153579,1,4
646,"Miami",66774,1,1
475,"Washington",117393,1,2
342,"Washington",140932,1,1
588,"Las Vegas",141021,0,0
352,"New York",127972,0,0
502,"Miami",29977,0,0
605,"Chicago",51468,0,0
580,"Chicago",173580,1,5
240,"New York",41644,0,0
335,"New York",168521,1,5
439,"New York",160713,1,3
371,"Chicago",197127,1,4
580,"Las Vegas",182624,1,3
587,"Hawaii",100989,1,5
507,"Chicago",169761,1,2
425,"Miami",132771,1,5
560,"Hawaii",152156,0,0
221,"Las Vegas",113974,1,2
318,"Washington",59039,1,2
289,"Hawaii",192202,1,1
567,"Miami",194772,1,3
579,"New York",37829,0,0
575,"Miami",193767,1,3
322,"New York",60196,0,0
209,"Chicago",71546,1,4
484,"Chicago",106801,1,4
537,"Chicago",127028,1,2
428,"Las Vegas",30081,0,0
364,"Washington",74271,1,2
339,"Las Vegas",104092,1,5
362,"Miami",87936,0,0
363,"Las Vegas",124682,1,5
442,"New York",164445,0,0
494,"Hawaii",169144,1,5
382,"Miami",60823,1,1
462,"Miami",181188,0,0
513,"New York",75716,1,4
601,"Hawaii",32895,0,0
627,"Chicago",26992,0,0
389,"Chicago",190510,1,1
486,"Washington",163531,1,4
280,"New York",80532,0,0
236,"Las Vegas",93367,1,4
455,"Miami",176955,1,5
568,"Hawaii",27179,1,4
542,"New York",66696,1,3
457,"Hawaii",194053,1,2
645,"Washington",153065,1,5
648,"Chicago",167311,0,0
345,"Miami",96499,1,4
277,"Washington",27324,0,0
367,"Las Vegas",134671,0,0
443,"Miami",75082,0,0
565,"Hawaii",73787,0,0
514,"Las Vegas",134752,1,4
605,"Miami",94087,0,0
525,"New York",69950,0,0
315,"New York",178799,0,0
339,"Las Vegas",120798,0,0
536,"New York",104144,1,5
292,"Hawaii",195650,1,3
329,"Las Vegas",84204,1,5
604,"Hawaii",47765,1,2
276,"Las Vegas",92227,1,1
265,"Las Vegas",145579,1,3
530,"Miami",129021,1,1
444,"Miami",188163,1,2
444,"Miami",51890,1,5
516,"New York",28954,0,0
493,"Chicago",177278,1,1
543,"Las Vegas",131570,1,1
326,"New York",87904,0,0
643,"New York",104853,0,0
634,"Las Vegas",84915,1,3
213,"New York",99581,0,0
536,"Las Vegas",94350,0,0
365,"Miami",50640,0,0
359,"Washington",47379,1,4
209,"New York",77239,0,0
542,"Las Vegas",160583,0,0
271,"Washington",59652,1,5
251,"Chicago",54716,0,0
521,"Hawaii",199130,1,1
400,"Las Vegas",175047,1,1
212,"Las Vegas",120031,1,4
614,"Miami",45922,0,0
553,"Washington",31770,1,4
391,"Chicago",30197,0,0
258,"Hawaii",25335,0,0
568,"Hawaii",96457,1,3
523,"New York",144743,1,5
385,"Miami",87811,1,5
279,"New York",109471,1,4
205,"Washington",105702,1,4
353,"Miami",185310,1,5
285,"New York",99221,0,0
453,"Las Vegas",115718,0,0
465,"New York",34297,0,0
327,"Hawaii",82393,1,4
617,"New York",194744,0,0
517,"Hawaii",37261,1,1
324,"Chicago",74090,1,3
522,"Las Vegas",113281,0,0
474,"Miami",167105,1,5
384,"Miami",165415,1,2
275,"Las Vegas",161899,1,5
211,"Las Vegas",52752,1,5
270,"Hawaii",52412,1,1
464,"Las Vegas",111734,1,4
298,"Hawaii",102372,0,0
220,"Las Vegas",62641,1,3
612,"Las Vegas",156217,0,0
592,"Las Vegas",123918,0,0
572,"New York",131090,0,0
474,"Chicago",191734,1,3
526,"New York",50157,1,3
559,"Miami",31593,1,1
590,"Chicago",42013,1,3
515,"Chicago",148517,0,0
351,"New York",146107,1,5
424,"Las Vegas",121147,1,1
549,"Chicago",115797,1,4
389,"New York",139958,0,0
462,"Hawaii",161360,0,0
335,"Washington",139054,1,2
266,"Miami",169009,1,1
324,"Las Vegas",172091,1,5
291,"Hawaii",90908,1,3
301,"Miami",112647,1,5
434,"New York",148811,1,2
614,"Washington",196706,1,1
462,"Las Vegas",135357,1,5
318,"Washington",99763,1,5
368,"Hawaii",40556,1,3
454,"Hawaii",114371,0,0
272,"New York",174682,1,4
502,"Washington",185289,1,1
208,"New York",66853,1,4
206,"Miami",132295,1,2
499,"Las Vegas",178097,1,1
293,"Las Vegas",25137,1,1
373,"Chicago",31419,1,4
272,"Miami",93679,1,4
519,"Chicago",125569,1,3
477,"Miami",76428,0,0
227,"New York",172549,1,5
383,"Chicago",193435,1,2
247,"Miami",57970,0,0
381,"Miami",84407,0,0
405,"Hawaii",39733,1,2
481,"Hawaii",85132,1,5
235,"Washington",76004,1,1
354,"Miami",39186,1,1
211,"Miami",192862,1,4
354,"Washington",93106,1,4
553,"Miami",88386,1,5
534,"Washington",80801,1,4
567,"Las Vegas",139661,1,4
225,"Washington",50020,1,4
268,"Chicago",36779,0,0
494,"Miami",134471,1,5
377,"Washington",155750,0,0
283,"Las Vegas",93503,1,5
258,"Las Vegas",144725,1,5
258,"Las Vegas",124818,1,3
481,"New York",148378,1,3
426,"New York",59602,0,0
420,"New York",63540,1,1
593,"New York",68563,1,3
287,"Chicago",41457,1,4
542,"Miami",166563,1,5
299,"Miami",131528,1,1
270,"Las Vegas",99711,0,0
265,"Washington",156466,0,0
599,"New York",41946,1,1
501,"New York",157100,1,1
406,"Hawaii",142608,0,0
522,"Hawaii",159895,1,1
518,"Hawaii",40137,0,0
491,"Hawaii",187935,1,4
612,"Washington",137136,1,3
290,"Chicago",168677,1,5
396,"Washington",44732,1,2
217,"New York",84084,0,0
271,"New York",166155,1,3
516,"Las Vegas",79536,1,5
533,"Chicago",54403,0,0
393,"Miami",28777,0,0
358,"Hawaii",42144,1,3
418,"New York",73534,1,3
211,"Washington",184614,1,1
582,"New York",160795,1,5
494,"New York",105116,0,0
284,"Chicago",105599,1,5
446,"Las Vegas",124028,1,1
593,"Washington",160754,1,3
303,"Washington",58938,1,1
353,"Hawaii",172354,1,2
549,"Washington",90914,1,3
307,"New York",168767,1,4
234,"New York",30066,0,0
388,"Chicago",196700,1,1
290,"Washington",147002,1,1
493,"Miami",164240,0,0
480,"New York",115156,1,4
388,"Chicago",77697,0,0
267,"Miami",47398,0,0
283,"Hawaii",69506,1,4
391,"Hawaii",164819,1,5
375,"Chicago",190146,0,0
226,"New York",146691,1,5
202,"Miami",111704,0,0
597,"Las Vegas",103479,0,0
337,"Las Vegas",176149,1,1
633,"Hawaii",52364,0,0
504,"New York",92039,1,5
584,"Washington",70314,0,0
395,"New York",68685,1,3
617,"Chicago",77364,1,1
539,"Las Vegas",163433,1,4
325,"Chicago",58661,1,2
509,"Chicago",31357,0,0
615,"Miami",144504,0,0
533,"New York",109084,0,0
503,"Las Vegas",150134,1,2
535,"Las Vegas",29054,1,1
251,"New York",88211,1,5
218,"Hawaii",175799,1,5
368,"Las Vegas",77031,1,1
426,"Washington",74787,0,0
628,"Miami",176627,1,5
627,"Miami",82354,1,2
490,"Las Vegas",55822,1,5
342,"Chicago",162068,1,1
440,"Las Vegas",76669,0,0
504,"Hawaii",37360,1,1
586,"Miami",74014,1,2
451,"Miami",37723,1,2
242,"Washington",101617,1,2
520,"Washington",119935,0,0
576,"Miami",61930,0,0
377,"Washington",83311,0,0
288,"Las Vegas",84230,1,5
316,"New York",156720,1,4
217,"New York",120992,1,4
438,"Las Vegas",136597,1,5
466,"Las Vegas",56753,0,0
462,"Miami",143591,1,2
604,"New York",81498,0,0
392,"Miami",38210,1,2
307,"Miami",181362,1,2
431,"Las Vegas",192220,1,2
230,"New York",112473,0,0
497,"New York",28814,1,3
531,"Miami",187628,1,3
298,"Miami",159544,1,5
285,"Washington",26961,1,4
593,"Las Vegas",47016,0,0
331,"New York",194143,1,3
644,"Miami",43451,0,0
528,"Washington",132601,1,5
619,"Las Vegas",137189,1,5
538,"Las Vegas",165480,1,4
346,"New York",99623,0,0
369,"Las Vegas",197477,1,5
215,"Las Vegas",65353,0,0
603,"Washington",187906,1,2
435,"Miami",44289,1,3
355,"Washington",94025,1,1
565,"Miami",134340,1,5
556,"Las Vegas",157607,0,0
552,"Miami",161146,1,1
439,"Las Vegas",154553,1,2
249,"Chicago",122980,1,2
600,"Hawaii",121630,1,2
260,"New York",132161,1,4
573,"Washington",133121,1,2
449,"Chicago",144216,1,4
451,"Las Vegas",42771,0,0
530,"New York",116139,1,3
375,"New York",145626,1,5
564,"Miami",82888,0,0
583,"Hawaii",27905,0,0
557,"Las Vegas",63205,1,4
388,"Chicago",45435,0,0
275,"Las Vegas",186018,1,1
526,"Washington",28123,0,0
243,"Hawaii",189508,1,3
226,"Las Vegas",86769,1,5
210,"Las Vegas",165542,1,1
494,"Las Vegas",92844,0,0
512,"Las Vegas",36612,0,0
283,"Chicago",60232,1,1
558,"Washington",144279,0,0
556,"Washington",186291,1,5
484,"Las Vegas",169480,1,1
630,"Hawaii",96258,1,5
265,"New York",87006,1,2
227,"Las Vegas",118427,1,2
624,"Washington",29553,1,5
581,"Washington",123244,0,0
360,"New York",176629,0,0
381,"New York",146459,1,4
633,"New York",91518,1,1
244,"New York",78204,1,1
519,"Hawaii",126848,1,3
449,"Las Vegas",117846,1,2
597,"Miami",136156,1,4
530,"Las Vegas",43298,1,5
483,"Las Vegas",63788,0,0
270,"Las Vegas",128835,1,2
413,"New York",173883,1,1
396,"Miami",184282,1,4
270,"Washington",198616,1,5
575,"Miami",79377,1,4
330,"Hawaii",187982,1,1
486,"Washington",191729,0,0
417,"New York",144043,1,4
455,"Las Vegas",52265,0,0
475,"New York",30057,0,0
248,"New York",130781,0,0
419,"Hawaii",26728,0,0
273,"Las Vegas",102589,1,3
393,"Hawaii",138214,1,3
502,"Hawaii",185573,1,4
458,"Hawaii",118459,1,3
320,"Chicago",32973,1,4
335,"New York",86824,1,3
205,"Hawaii",41589,0,0
333,"Washington",136444,1,4
517,"Washington",142434,1,5
233,"Las Vegas",137257,1,3
639,"Miami",96350,0,0
561,"Chicago",116952,0,0
601,"Washington",170580,1,3
433,"Miami",141197,0,0
355,"Miami",97563,0,0
410,"Hawaii",196070,1,3
249,"Miami",163421,1,5
303,"Miami",55343,1,3
369,"Washington",65227,0,0
381,"Chicago",58361,1,2
500,"New York",108415,1,2
262,"New York",37248,1,4
409,"Chicago",120837,1,5
266,"New York",95881,0,0
449,"Chicago",30698,0,0
212,"New York",133045,1,1
562,"Hawaii",153169,1,4
577,"Miami",139193,1,2
291,"Chicago",113682,0,0
448,"New York",129631,1,1
476,"Las Vegas",113980,0,0
259,"Hawaii",25449,0,0
514,"Chicago",125167,1,3
595,"Las Vegas",124235,1,2
628,"Hawaii",193386,1,2
530,"Miami",50593,0,0
201,"New York",167806,1,4
547,"New York",33437,0,0
355,"Las Vegas",133556,1,1
385,"Miami",161730,1,2
201,"New York",34409,0,0
351,"Las Vegas",167862,1,4
346,"Washington",130707,1,2
407,"Miami",143153,0,0
571,"Miami",74836,1,3
496,"Chicago",125491,1,5
365,"Las Vegas",126191,1,4
555,"New York",66985,0,0
372,"Chicago",146540,1,1
625,"Las Vegas",177002,1,2
547,"Las Vegas",39191,0,0
337,"Hawaii",199626,1,4
308,"Hawaii",30595,0,0
270,"Washington",149685,1,5
600,"Miami",175808,0,0
443,"Las Vegas",68175,1,4
608,"Hawaii",139991,0,0
649,"Washington",148948,0,0
450,"Chicago",25531,0,0
350,"Hawaii",78021,0,0
501,"Miami",141151,1,1
593,"Las Vegas",73376,1,1
640,"New York",66693,0,0
382,"Hawaii",92061,1,4
530,"Las Vegas",191715,1,4
342,"Hawaii",61005,1,1
405,"Chicago",152467,1,2
307,"New York",139275,1,3
512,"Hawaii",55079,0,0
387,"Las Vegas",172427,1,2
510,"New York",41932,1,2
627,"Hawaii",134246,0,0
223,"New York",188212,1,3
478,"Las Vegas",154879,1,3
536,"New York",52110,0,0
509,"Miami",113965,1,1
594,"Las Vegas",118852,1,2
560,"Las Vegas",110814,0,0
597,"Las Vegas",172524,1,2
641,"Miami",162004,0,0
447,"New York",134203,1,4
551,"Washington",46399,1,5
461,"Chicago",150659,1,5
235,"Las Vegas",184100,1,4
411,"Washington",182371,1,4
268,"Las Vegas",78304,1,1
450,"New York",134254,0,0
225,"Miami",75967,0,0
531,"Hawaii",68137,1,1
201,"New York",119079,1,3
239,"Las Vegas",198872,1,1
606,"Washington",73729,1,3
638,"Hawaii",80544,0,0
340,"Miami",73692,1,3
489,"Washington",55195,1,5
494,"Washington",69529,0,0
476,"Chicago",90358,0,0
597,"Washington",135140,0,0
552,"Miami",159249,0,0
337,"New York",187176,1,1
224,"Miami",33167,1,5
401,"New York",75158,1,1
392,"Chicago",93585,1,1
487,"Miami",31557,1,5
535,"New York",150795,1,4
465,"New York",85355,0,0
408,"Las Vegas",94343,0,0
299,"Las Vegas",141892,0,0
404,"Las Vegas",176100,1,5
545,"Hawaii",77365,1,5
316,"Las Vegas",144469,1,2
518,"Hawaii",67973,1,4
550,"Washington",92910,1,2
374,"Chicago",185898,1,4
339,"Las Vegas",44330,1,3
250,"Miami",85879,1,2
416,"Chicago",157999,1,5
532,"Miami",139299,0,0
433,"Washington",88331,1,4
615,"Miami",82967,1,5
207,"Washington",141501,0,0
612,"Miami",187746,1,4
461,"Chicago",67740,1,5
564,"New York",117578,1,3
395,"Miami",92989,0,0
342,"Las Vegas",123067,0,0
384,"New York",163696,1,2
334,"Hawaii",39600,0,0
254,"New York",106098,1,3
325,"Las Vegas",65105,0,0
324,"Hawaii",170693,1,3
353,"New York",192134,1,5
208,"Chicago",89069,1,5
542,"Las Vegas",170109,1,3
401,"Las Vegas",131913,1,4
471,"Las Vegas",185860,0,0
247,"Miami",62551,1,1
214,"New York",114982,1,4
283,"Miami",116750,1,1
214,"Miami",72774,1,1
622,"Hawaii",67479,1,4
421,"Washington",92564,1,1
561,"Las Vegas",190062,1,1
452,"Washington",179464,1,3
249,"Las Vegas",130697,1,2
205,"Hawaii",158840,0,0
395,"New York",29862,0,0
293,"Washington",64397,0,0
563,"Miami",132133,1,1
430,"Miami",143199,1,1
442,"Las Vegas",155139,0,0
618,"Washington",134579,0,0
234,"Washington",196482,1,1
210,"Las Vegas",110311,1,5
451,"New York",127822,1,5
247,"New York",102387,1,4
318,"Washington",179028,0,0
263,"Miami",123129,1,2
269,"Miami",100034,1,3
456,"Las Vegas",176574,1,3
226,"Chicago",118439,1,4
483,"Hawaii",177528,1,3
531,"Washington",109588,0,0
368,"New York",108413,1,5
517,"Hawaii",94590,0,0
224,"Las Vegas",167824,1,4
463,"Miami",48048,1,5
319,"Chicago",67663,1,4
281,"Las Vegas",96680,1,1
329,"New York",35394,0,0
472,"Chicago",45468,1,2
389,"Washington",71877,1,5
486,"Miami",114116,0,0
626,"Washington",36093,1,1
437,"Miami",48639,0,0
312,"Hawaii",176172,1,4
534,"Chicago",134274,0,0
439,"Hawaii",159830,0,0
261,"New York",41281,0,0
308,"Las Vegas",94984,1,3
253,"New York",143861,1,2
248,"Miami",176977,1,4
493,"Hawaii",41949,1,3
532,"New York",140485,1,5
401,"Washington",82681,1,5
266,"Washington",156988,1,3
578,"Chicago",79457,0,0
649,"New York",166115,1,5
209,"Miami",43957,1,3
442,"Miami",80465,0,0
558,"Las Vegas",162132,1,2
436,"Chicago",161294,1,2
311,"Washington",198374,0,0
413,"Miami",123583,1,4
331,"New York",65811,0,0
635,"Chicago",76189,0,0
515,"Washington",98851,0,0
536,"Las Vegas",180806,1,5
206,"Hawaii",67308,1,5
380,"New York",197812,1,3
404,"New York",30883,0,0
255,"New York",188233,1,2
316,"New York",75068,1,4
267,"Washington",52979,1,5
388,"New York",108076,0,0
297,"Hawaii",101648,1,3
435,"Miami",49133,1,5
600,"Las Vegas",147310,1,5
432,"New York",165963,1,3
391,"Chicago",197710,1,5
333,"New York",71280,0,0
301,"Washington",42149,1,1
224,"Miami",168647,1,1
554,"Miami",147920,1,4
631,"New York",177805,1,5
610,"Las Vegas",165212,0,0
331,"Hawaii",192638,1,2
310,"Chicago",179222,1,4
338,"Chicago",188350,1,1
348,"Miami",198028,1,5
477,"New York",191307,1,3
486,"New York",108476,0,0
249,"Chicago",175433,1,2
424,"Las Vegas",60299,0,0
221,"Hawaii",140248,1,1
496,"Miami",82653,0,0
630,"Las Vegas",77608,0,0
631,"Hawaii",93494,1,2
610,"Chicago",154766,0,0
414,"Miami",38156,0,0
366,"Washington",129838,1,4
375,"Washington",34960,0,0
623,"Miami",178401,1,4
509,"New York",70360,0,0
388,"Chicago",65271,1,1
416,"Washington",76726,1,4
536,"Las Vegas",56102,1,2
531,"Chicago",51743,0,0
412,"Hawaii",124411,0,0
385,"Washington",134593,0,0
381,"Chicago",121039,1,2
502,"New York",40884,1,1
511,"Washington",134902,1,2
227,"New York",50979,0,0
407,"Hawaii",187929,1,5
427,"Washington",76578,0,0
271,"Washington",91893,1,4
336,"Las Vegas",192298,1,5
290,"Washington",82111,1,5
253,"New York",116002,1,1
583,"Hawaii",82886,0,0
353,"New York",173058,0,0
228,"New York",173207,1,4
490,"Miami",52720,1,2
544,"Washington",197120,0,0
442,"New York",126693,0,0
426,"Hawaii",100535,1,2
540,"Miami",31078,0,0
599,"Chicago",144293,0,0
572,"Hawaii",194282,1,5
425,"Las Vegas",120448,0,0
558,"Washington",152748,1,5
287,"New York",127285,1,1
368,"Chicago",30235,0,0
383,"Chicago",124945,1,1
241,"Miami",189522,1,3
201,"Washington",177561,1,2
375,"Las Vegas",187557,1,1
271,"Las Vegas",151875,1,1
596,"Miami",114836,1,2
466,"New York",66867,1,1
403,"Washington",43769,0,0
440,"New York",54764,1,2
223,"Hawaii",127592,1,5
539,"Washington",75122,0,0
510,"Washington",115457,1,4
258,"Miami",155649,1,2
475,"New York",196236,1,3
492,"Washington",39534,0,0
355,"Washington",119170,1,4
510,"New York",159761,1,1
456,"Las Vegas",35228,0,0
325,"Las Vegas",67058,1,3
612,"New York",139430,1,1
221,"Las Vegas",114482,0,0
606,"New York",160975,1,1
568,"Chicago",122505,1,1
346,"Hawaii",164105,1,4
388,"Hawaii",149901,1,2
427,"Miami",177326,0,0
448,"Chicago",114746,1,4
233,"Las Vegas",98808,1,3
344,"Hawaii",106488,1,3
305,"Washington",145341,1,4
244,"Washington",168000,1,2
640,"Miami",155822,0,0
354,"Washington",179928,1,3
620,"Hawaii",61524,0,0
565,"Miami",96702,1,5
384,"Washington",74625,1,5
559,"Miami",87782,1,1
310,"Chicago",41774,0,0
550,"Chicago",59049,1,3
239,"New York",91225,1,1
295,"Las Vegas",78174,1,1
642,"Las Vegas",158580,1,4
220,"Miami",151671,1,2
446,"Miami",70712,0,0
503,"Miami",185967,1,5
324,"Miami",49600,1,2
422,"Las Vegas",189105,1,1
587,"Las Vegas",90139,0,0
418,"Miami",30024,1,2
261,"Miami",161994,1,1
343,"Miami",141308,1,4
545,"Hawaii",64526,1,2
220,"Las Vegas",46099,1,2
616,"Las Vegas",173216,1,2
507,"Chicago",181493,0,0
388,"New York",79538,0,0
261,"New York",74874,1,3
617,"Las Vegas",171163,1,2
304,"New York",114977,1,2
533,"Miami",35066,0,0
204,"Miami",117839,0,0
312,"New York",40381,0,0
645,"Hawaii",161432,0,0
523,"Miami",74204,1,1
493,"Las Vegas",121197,0,0
308,"Chicago",59056,1,3
239,"Miami",84402,1,2
334,"Chicago",171063,1,1
444,"Las Vegas",85786,1,1
551,"New York",153116,0,0
322,"Washington",54931,1,1
343,"Washington",185482,1,4
626,"Las Vegas",31740,0,0
421,"Chicago",36983,1,1
638,"Miami",49624,1,5
581,"Las Vegas",154264,0,0
641,"Washington",45184,0,0
251,"Las Vegas",138062,1,4
341,"Miami",190356,1,3
625,"Washington",137766,1,2
489,"Las Vegas",152631,1,2
641,"Washington",153841,1,1
637,"Hawaii",83004,0,0
529,"New York",36453,0,0
376,"Chicago",98263,1,1
499,"Chicago",150443,1,3
316,"Washington",129898,1,4
339,"Washington",99488,0,0
578,"Miami",112455,1,2
510,"Miami",123646,0,0
549,"Hawaii",136936,1,1
339,"Miami",86847,0,0
489,"Miami",30645,0,0
476,"New York",158929,1,1
302,"Hawaii",84609,0,0
311,"Washington",170525,0,0
595,"Las Vegas",31046,1,5
553,"Miami",98236,0,0
212,"Hawaii",144557,1,1
540,"Chicago",130190,1,3
604,"Hawaii",115674,1,4
602,"Miami",191136,1,2
254,"Hawaii",150545,1,1
639,"Miami",27948,0,0
610,"Washington",58108,0,0
317,"Washington",118621,0,0
600,"Miami",123228,1,1
575,"New York",193295,1,3
398,"Las Vegas",90729,1,4
235,"Chicago",85353,1,1
590,"New York",125561,0,0
346,"Las Vegas",61264,0,0
304,"Washington",75891,1,1
573,"Las Vegas",126938,1,1
646,"Hawaii",155874,0,0
304,"New York",59902,1,2
240,"Chicago",61783,0,0
486,"Las Vegas",33753,0,0
585,"Hawaii",148144,0,0
283,"Las Vegas",78961,0,0
427,"Las Vegas",140603,1,3
360,"Miami",26783,1,5
571,"Chicago",156684,1,1
418,"Chicago",56079,0,0
304,"Las Vegas",99393,0,0
322,"New York",137780,1,4
570,"Hawaii",93944,1,5
212,"Washington",159947,1,2
383,"New York",178603,1,2
468,"Washington",112290,0,0
438,"Las Vegas",37705,0,0
507,"New York",106459,1,4
429,"Chicago",194348,1,1
449,"Las Vegas",106156,1,2
579,"Hawaii",160884,0,0
341,"Hawaii",148053,0,0
216,"New York",170354,1,1
567,"Las Vegas",35922,1,1
550,"Miami",149961,1,5
587,"New York",89810,1,4
230,"Washington",67253,1,4
204,"Las Vegas",165438,1,4
466,"Las Vegas",136944,1,2
591,"Hawaii",75400,0,0
401,"Las Vegas",92510,0,0
217,"New York",48613,1,5
385,"Las Vegas",135270,1,3
364,"Las Vegas",124044,1,3
414,"Las Vegas",42482,1,4
260,"Washington",142698,1,3
416,"Miami",62049,1,4
319,"Washington",132589,1,4
420,"Chicago",79677,0,0
608,"Chicago",153352,1,2
425,"Miami",83279,1,2
517,"Washington",51316,0,0
226,"Las Vegas",127612,0,0
510,"Las Vegas",166426,0,0
559,"New York",51249,0,0
208,"Las Vegas",157067,1,1
217,"Chicago",184316,1,1
460,"New York",131644,1,5
556,"Chicago",134022,0,0
531,"New York",146141,1,1
321,"Chicago",47740,1,1
562,"Miami",37407,0,0
391,"Miami",42035,1,1
274,"Las Vegas",195635,1,3
472,"Hawaii",146965,1,4
572,"Las Vegas",71199,0,0
551,"Las Vegas",193743,0,0
237,"Miami",178565,1,2
232,"Hawaii",162973,1,5
632,"Miami",180660,1,2
241,"New York",132424,1,2
296,"Chicago",39904,0,0
398,"Miami",100278,1,4
550,"Chicago",81193,0,0
583,"Washington",42407,0,0
481,"Las Vegas",110432,0,0
375,"Miami",83732,1,5
265,"Miami",56761,1,2
597,"Washington",63345,0,0
593,"Washington",136820,1,5
352,"New York",92805,0,0
431,"Miami",103631,0,0
422,"Miami",126406,1,3
557,"Hawaii",75707,0,0
613,"Washington",96065,1,3
464,"Miami",63915,1,4
571,"Hawaii",151166,1,5
563,"Chicago",167014,0,0
327,"Miami",140203,1,4
429,"Miami",135790,0,0
333,"Washington",77727,1,5
590,"New York",43686,1,2
521,"Miami",49636,0,0
363,"Las Vegas",191581,1,1
649,"New York",97092,1,2
515,"Chicago",177297,1,5
307,"New York",149136,1,2
491,"Las Vegas",111658,1,1
355,"Washington",112413,0,0
560,"Hawaii",195705,1,3
346,"Las Vegas",75411,0,0
320,"New York",47107,1,4
231,"Miami",105479,1,5
457,"Hawaii",33852,0,0
202,"Las Vegas",152509,1,2
326,"New York",26065,1,1
326,"Washington",110479,1,1
568,"Hawaii",70352,0,0
253,"Chicago",91028,0,0
318,"Chicago",74376,1,4
398,"Washington",87701,0,0
631,"Miami",168092,1,5
343,"Hawaii",162760,1,3
553,"Hawaii",181872,1,3
259,"New York",136113,1,2
423,"Washington",123592,1,3
436,"Washington",64934,1,3
599,"Las Vegas",95584,0,0
363,"Washington",144286,1,5
410,"New York",77750,1,2
398,"Washington",68375,1,2
521,"Chicago",168112,0,0
223,"New York",185839,1,2
516,"Las Vegas",65347,0,0
499,"Washington",144583,1,3
499,"Las Vegas",101097,0,0
425,"Washington",33053,0,0
324,"Hawaii",75901,0,0
368,"New York",148511,1,4
247,"Washington",77933,0,0
315,"Washington",121738,1,3
221,"New York",108263,1,1
411,"Hawaii",102209,1,4
346,"New York",124981,1,1
294,"New York",175727,1,3
539,"New York",138322,1,5
310,"Hawaii",123670,1,2
382,"Hawaii",69135,1,5
517,"Hawaii",114049,0,0
251,"New York",38233,0,0
261,"Miami",45141,1,3
643,"New York",193985,1,1
640,"Las Vegas",194046,0,0
541,"Hawaii",154596,1,4
214,"Miami",25046,1,1
638,"Miami",171263,1,1
542,"New York",139550,0,0
599,"Las Vegas",55993,0,0
300,"Miami",80459,1,5
322,"Washington",46391,1,5
473,"Washington",128748,0,0
353,"Las Vegas",127022,1,5
541,"Hawaii",173016,1,5
234,"New York",54603,0,0
601,"Miami",78607,0,0
547,"Washington",157265,0,0
597,"Miami",75220,1,1
626,"Chicago",152891,0,0
346,"Washington",117038,0,0
280,"Chicago",176636,0,0
267,"Chicago",199587,1,3
252,"Las Vegas",106933,1,5
412,"Las Vegas",74181,1,4
565,"Washington",86064,1,1
590,"Hawaii",59546,0,0
229,"Las Vegas",40055,0,0
529,"Las Vegas",42220,1,4
638,"New York",120535,0,0
340,"Miami",32204,1,5
522,"New York",197458,1,2
468,"Miami",196366,1,3
219,"Washington",101560,0,0
402,"Hawaii",114733,0,0
487,"Las Vegas",76743,0,0
560,"Miami",123269,0,0
444,"Miami",37439,0,0
597,"Miami",66523,0,0
203,"New York",100848,0,0
401,"Miami",30405,0,0
417,"Miami",32746,1,1
557,"Chicago",48692,1,5
325,"Chicago",158805,1,5
466,"Hawaii",188879,1,3
284,"Miami",120684,1,4
563,"Las Vegas",58045,0,0
467,"Las Vegas",199633,1,3
323,"Hawaii",162758,1,4
561,"Miami",132960,1,5
472,"Miami",167674,1,5
631,"Hawaii",163411,1,2
280,"Washington",115293,1,4
202,"Las Vegas",199119,1,1
367,"Hawaii",181218,1,5
547,"Miami",60833,0,0
458,"Miami",74252,0,0
277,"New York",79752,1,5
240,"Hawaii",147536,1,2
594,"Chicago",47076,0,0
266,"New York",42143,1,4
486,"Hawaii",63600,1,1
401,"Hawaii",81065,0,0
617,"Hawaii",107277,1,5
475,"Washington",104577,0,0
231,"Miami",55312,1,3
433,"Washington",166698,1,2
510,"Las Vegas",106834,1,5
418,"Miami",121492,0,0
477,"Hawaii",146882,1,2
416,"Las Vegas",183502,0,0
584,"New York",183135,1,4
320,"Miami",163777,1,4
384,"Hawaii",26662,0,0
560,"Las Vegas",101854,0,0
593,"Hawaii",43775,0,0
443,"Washington",141156,1,3
348,"Miami",148005,1,3
460,"Washington",194410,1,2
350,"Hawaii",198824,1,3
271,"Washington",36725,1,5
430,"Hawaii",46328,1,5
216,"New York",157237,1,1
264,"Miami",52932,0,0
277,"Las Vegas",81212,1,4
346,"New York",189280,1,5
359,"Las Vegas",33599,0,0
590,"Las Vegas",37836,1,1
360,"New York",33767,1,5
628,"Las Vegas",182515,1,5
417,"Hawaii",42579,1,2
590,"New York",43798,0,0
343,"Miami",67688,0,0
351,"Chicago",27155,1,3
273,"Washington",145797,0,0
481,"Chicago",73743,1,4
283,"Miami",77139,1,5
443,"Miami",186707,1,2
288,"Chicago",190897,1,1
247,"New York",117074,1,5
349,"Las Vegas",140170,1,3
471,"Las Vegas",108216,0,0
511,"Chicago",174759,1,5
292,"Miami",135618,0,0
387,"Las Vegas",156834,1,5
265,"Hawaii",102535,1,1
293,"Hawaii",163305,0,0
545,"New York",198098,1,2
417,"Washington",140333,1,4
308,"Chicago",157684,1,3
558,"Miami",117581,1,1
399,"Washington",133227,0,0
276,"Hawaii",117151,1,2
274,"Las Vegas",49099,0,0
636,"Miami",124464,0,0
435,"Hawaii",87619,1,5
435,"Hawaii",63124,0,0
510,"Las Vegas",40838,0,0
555,"Chicago",115298,1,5
512,"Washington",63657,0,0
596,"New York",121296,0,0
264,"Las Vegas",65719,0,0
319,"Washington",40807,1,2
603,"Miami",54957,0,0
359,"Las Vegas",162037,1,4
620,"Miami",63060,0,0
347,"Washington",68964,1,2
490,"New York",101217,1,1
435,"New York",183000,1,2
453,"Washington",173324,0,0
424,"Miami",100303,1,1
439,"Hawaii",187049,1,5
372,"Las Vegas",184715,1,1
471,"Chicago",90024,1,2
318,"Las Vegas",179816,0,0
491,"Hawaii",189002,1,4
500,"Washington",188432,0,0
449,"Las Vegas",178328,1,5
339,"New York",31542,0,0
535,"Miami",187536,1,3
581,"Washington",127212,1,1
366,"Washington",181236,1,5
399,"Miami",138189,0,0
592,"Hawaii",125470,1,5
384,"Washington",66280,1,3
418,"Hawaii",26395,1,2
427,"Hawaii",89088,0,0
218,"Las Vegas",135501,1,5
378,"Las Vegas",65301,1,4
407,"Las Vegas",49510,1,2
451,"Las Vegas",122489,1,4
503,"Hawaii",109450,0,0
507,"Washington",89190,1,2
601,"Las Vegas",174382,1,5
500,"Chicago",51536,1,1
436,"Washington",124291,1,5
340,"Miami",43696,0,0
212,"Miami",133143,1,1
259,"Hawaii",199285,1,3
426,"Hawaii",176610,1,4
430,"Washington",160455,1,5
252,"Washington",66268,0,0
315,"New York",64704,1,4
274,"New York",194736,1,3
326,"New York",73028,1,1
269,"New York",84158,1,3
393,"Washington",127540,0,0
295,"New York",88102,1,2
235,"Chicago",152284,1,3
593,"Miami",99595,1,1
296,"Miami",172474,1,1
291,"Miami",167961,1,3
342,"Miami",121870,1,3
349,"Washington",172541,1,5
546,"Miami",145083,1,3
458,"Miami",93049,1,4
273,"Miami",165738,1,5
566,"Miami",141814,1,3
615,"Las Vegas",64457,0,0
314,"New York",171354,1,3
538,"Miami",103269,0,0
292,"Hawaii",97143,1,1
573,"Las Vegas",77614,0,0
336,"Chicago",113638,1,2
545,"Miami",169893,1,2
254,"Washington",84046,1,4
580,"Washington",133392,1,5
570,"Hawaii",144573,1,3
584,"Las Vegas",51464,1,4
207,"Las Vegas",76913,1,3
217,"New York",157814,1,4
334,"New York",188131,1,4
347,"Chicago",54497,1,4
234,"Miami",97967,1,1
519,"Chicago",106987,1,4
211,"Hawaii",101884,0,0
571,"Miami",86636,1,4
430,"Las Vegas",168870,1,1
545,"Miami",70737,0,0
622,"Hawaii",196493,1,5
444,"Hawaii",143829,1,2
627,"Washington",140034,0,0
343,"New York",123958,1,1
329,"Hawaii",196725,1,2
636,"New York",116712,1,1
309,"Miami",84862,0,0
560,"New York",67790,0,0
333,"Hawaii",145537,0,0
514,"Las Vegas",52768,0,0
543,"Las Vegas",110631,1,4
323,"Miami",143168,1,1
202,"New York",197699,1,1
390,"Miami",153586,1,4
469,"Chicago",93264,1,2
399,"New York",153774,1,4
354,"Las Vegas",199403,1,4
432,"New York",153620,1,2
303,"Hawaii",142521,0,0
330,"New York",100750,0,0
210,"Las Vegas",115750,1,1
438,"Las Vegas",36660,1,2
388,"Las Vegas",81360,1,1
639,"Miami",28677,0,0
222,"New York",66775,1,1
487,"Las Vegas",79692,0,0
422,"New York",110912,1,1
202,"Hawaii",120838,1,4
283,"New York",77121,1,4
485,"New York",143335,1,4
433,"Hawaii",148848,1,3
601,"New York",44181,0,0
505,"Hawaii",175278,1,5
431,"Washington",44127,1,4
338,"Las Vegas",112481,1,4
379,"New York",49140,1,4
269,"Chicago",126612,1,5
371,"Chicago",154417,1,2
322,"Washington",142145,1,3
625,"Las Vegas",46416,0,0
314,"Miami",41815,0,0
531,"Hawaii",168814,1,4
230,"Chicago",133642,1,5
367,"New York",67621,0,0
298,"Washington",126503,1,1
596,"Las Vegas",101087,0,0
390,"Las Vegas",170186,1,1
344,"Las Vegas",90929,1,4
386,"New York",147966,0,0
270,"New York",58790,1,2
483,"Las Vegas",75334,1,5
546,"Hawaii",138921,0,0
606,"Washington",172465,0,0
475,"Hawaii",186170,1,3
484,"Las Vegas",88502,1,4
498,"Las Vegas",126001,1,2
618,"Miami",83364,0,0
647,"Las Vegas",188966,0,0
316,"Washington",44926,1,3
331,"New York",188233,1,2
610,"Chicago",185724,0,0
368,"Washington",36171,1,1
526,"Chicago",152536,0,0
578,"Washington",109834,0,0
253,"New York",171540,1,5
580,"Hawaii",182191,1,5
495,"Hawaii",118443,1,2
204,"Washington",46362,1,2
249,"Chicago",77166,1,5
392,"New York",36217,0,0
573,"Washington",199919,1,4
351,"Las Vegas",103524,0,0
333,"New York",52079,1,1
608,"Washington",90651,1,4
383,"Hawaii",45089,1,3
455,"Hawaii",28596,0,0
312,"Las Vegas",182377,1,1
260,"Washington",122838,1,3
289,"Chicago",96009,1,1
439,"Washington",124296,1,5
630,"New York",164187,0,0
389,"Las Vegas",73877,0,0
578,"Miami",38243,0,0
236,"Miami",166097,1,2
538,"New York",138973,1,3
320,"Las Vegas",127706,1,5
438,"Washington",32695,0,0
220,"New York",165366,1,2
546,"New York",84780,0,0
610,"Hawaii",111596,0,0
536,"New York",61338,1,2
244,"Hawaii",106423,1,4
626,"Miami",135760,0,0
280,"New York",34560,1,2
561,"Washington",107159,1,3
502,"Las Vegas",156380,1,1
388,"Hawaii",102712,1,4
539,"New York",59235,0,0
387,"Miami",79657,1,3
467,"Las Vegas",172957,1,4
344,"Las Vegas",128082,1,4
491,"Miami",95063,1,4
361,"Hawaii",172965,1,2
592,"Hawaii",182724,1,4
383,"New York",163714,1,3
405,"Hawaii",170640,1,4
600,"New York",112812,0,0
493,"Las Vegas",96662,0,0
204,"Washington",181333,0,0
495,"Hawaii",30061,0,0
309,"New York",79482,1,2
634,"Hawaii",133241,0,0
401,"Miami",167708,1,5
501,"Las Vegas",172839,1,3
245,"Las Vegas",152859,0,0
293,"Las Vegas",106326,1,5
626,"Miami",85278,0,0
456,"Hawaii",118777,1,2
383,"Miami",113176,1,5
461,"Chicago",144768,1,2
259,"Miami",153685,1,1
424,"Las Vegas",103044,1,5
284,"Hawaii",177501,1,2
308,"Miami",28135,1,3
564,"New York",95086,0,0
505,"Miami",95390,0,0
636,"Las Vegas",127168,1,4
262,"Hawaii",101803,1,1
403,"Las Vegas",146313,1,1
420,"Miami",44166,0,0
444,"Las Vegas",139529,1,5
405,"Washington",39491,0,0
277,"Hawaii",161950,0,0
522,"Hawaii",171955,1,3
608,"Hawaii",82641,1,3
331,"Miami",83585,1,1
544,"New York",77667,0,0
618,"Washington",185099,0,0
204,"Las Vegas",172817,1,1
425,"Washington",120062,1,4
317,"New York",116404,1,4
408,"Washington",95946,0,0
383,"New York",38212,0,0
576,"Miami",42645,1,3
260,"Hawaii",108940,0,0
591,"Las Vegas",73150,0,0
377,"Hawaii",194958,1,5
479,"Las Vegas",83719,0,0
258,"Hawaii",35195,1,3
597,"Miami",97427,0,0
488,"Chicago",26556,0,0
430,"Hawaii",148635,0,0
484,"Hawaii",87854,1,4
634,"New York",77951,1,5
556,"Washington",108533,1,2
627,"New York",82509,0,0
498,"New York",161590,0,0
405,"Las Vegas",82642,1,1
625,"New York",33609,1,1
501,"Las Vegas",168134,1,4
357,"Miami",40982,0,0
356,"New York",88973,1,3
207,"Miami",112724,1,3
403,"Las Vegas",143393,1,5
430,"Las Vegas",149667,0,0
227,"Washington",133896,1,3
534,"Chicago",168267,1,1
269,"Miami",185415,1,5
355,"Las Vegas",35168,0,0
371,"Las Vegas",197091,1,4
614,"Miami",106634,0,0
487,"Las Vegas",159160,1,5
588,"New York",138756,0,0
386,"Washington",114313,1,4
517,"Miami",57068,1,5
289,"New York",34904,0,0
438,"Las Vegas",44992,1,3
605,"Hawaii",62477,0,0
331,"Washington",173330,1,1
338,"Las Vegas",53676,0,0
393,"Washington",65239,1,3
599,"Hawaii",90358,0,0
506,"Washington",190689,1,2
397,"Hawaii",132782,1,5
575,"Miami",185855,1,4
309,"Miami",178797,0,0
373,"Las Vegas",103741,0,0
254,"Chicago",41393,1,4
305,"Washington",51884,0,0
509,"New York",49527,1,5
647,"Washington",28017,0,0
574,"Washington",86830,1,4
514,"Washington",163070,1,2
436,"Las Vegas",184817,1,2
282,"New York",100928,1,5
642,"Miami",57983,1,3
571,"Miami",196021,1,1
636,"Chicago",193004,1,2
436,"Miami",195936,1,2
535,"Chicago",143250,1,2
558,"Miami",54238,0,0
426,"Miami",123370,0,0
434,"New York",118076,0,0
517,"Chicago",66319,0,0
415,"Chicago",107817,1,3
332,"Miami",33279,1,3
441,"Chicago",198581,1,2
465,"New York",57295,0,0
497,"Hawaii",193418,1,1
630,"Miami",188839,0,0
322,"Hawaii",101399,0,0
319,"Chicago",29124,1,4
315,"Hawaii",62743,0,0
396,"Miami",120858,1,5
392,"Las Vegas",177328,1,3
376,"Chicago",114703,1,4
456,"Washington",46324,1,1
368,"Miami",109752,1,1
369,"New York",161401,0,0
338,"New York",120419,1,2
481,"Hawaii",189411,1,2
274,"New York",192066,1,5
261,"Washington",137524,1,2
237,"Chicago",138295,1,1
234,"Chicago",85687,1,5
511,"Las Vegas",133940,1,1
637,"Las Vegas",119818,1,2
557,"Washington",34312,0,0
495,"Washington",116068,1,1
511,"Chicago",76650,1,2
356,"Chicago",124891,1,2
490,"Washington",88092,1,2
375,"Hawaii",131890,1,2
256,"New York",173038,1,3
553,"Las Vegas",166214,1,4
591,"Chicago",118174,0,0
388,"Washington",112005,1,1
492,"Miami",38663,1,2
459,"Washington",143742,1,2
602,"Washington",181229,1,1
378,"Las Vegas",59328,0,0
378,"Chicago",194948,1,5
339,"Las Vegas",191096,1,2
244,"New York",112724,0,0
527,"Chicago",127871,0,0
600,"Las Vegas",71092,0,0
450,"Washington",193661,1,3
259,"Washington",148289,0,0
607,"New York",146083,0,0
378,"New York",197779,1,3
259,"Hawaii",153857,0,0
605,"Hawaii",67115,1,3
401,"Las Vegas",183450,1,5
395,"Las Vegas",140784,1,2
388,"Washington",109504,0,0
341,"New York",119396,1,3
264,"Miami",66123,1,1
556,"Hawaii",48957,0,0
578,"Miami",142728,0,0
287,"Chicago",124227,1,3
406,"Las Vegas",151358,0,0
314,"Miami",71153,0,0
237,"Hawaii",137265,1,2
546,"Miami",100290,1,5
325,"Las Vegas",117794,1,1
427,"Washington",73531,0,0
261,"New York",71937,1,2
415,"New York",139451,0,0
583,"Hawaii",64709,1,4
206,"New York",146730,0,0
648,"Miami",38964,0,0
555,"Washington",80190,1,4
313,"New York",56532,1,5
533,"Miami",189477,1,5
408,"Chicago",83857,0,0
216,"Miami",58161,1,1
475,"New York",162857,1,3
380,"Miami",145387,0,0
648,"New York",160874,0,0
399,"Washington",100584,1,4
204,"Las Vegas",175527,1,3
211,"New York",178362,1,3
337,"Washington",101088,0,0
256,"Chicago",115544,1,2
252,"New York",100041,1,3
403,"New York",176484,0,0
384,"Las Vegas",35308,1,4
322,"Miami",48883,0,0
376,"Las Vegas",179351,1,4
450,"New York",145926,1,2
305,"Las Vegas",173823,1,5
221,"Hawaii",188792,1,3
635,"Miami",49607,0,0
272,"Hawaii",148983,1,4
471,"Washington",110559,1,1
622,"Las Vegas",48469,0,0
646,"Washington",47695,0,0
466,"Chicago",154250,0,0
558,"Las Vegas",183978,1,1
239,"Miami",170162,1,5
246,"Miami",103095,1,5
259,"Las Vegas",192072,1,5
302,"Miami",47259,0,0
351,"Washington",105648,0,0
473,"Las Vegas",158776,1,5
288,"Las Vegas",182277,1,1
327,"Las Vegas",104554,1,3
236,"Las Vegas",28208,1,1
487,"Miami",129769,1,3
586,"Hawaii",116259,0,0
546,"New York",40933,1,1
472,"Las Vegas",136708,0,0
498,"New York",131523,1,5
536,"Hawaii",93234,1,4
401,"Las Vegas",104804,1,5
293,"Hawaii",152657,1,3
317,"Washington",116022,1,1
395,"Las Vegas",46242,0,0
244,"Miami",61286,1,1
215,"Chicago",43175,0,0
485,"Washington",102944,1,1
442,"New York",197296,1,1
570,"Las Vegas",87993,0,0
498,"Las Vegas",89109,1,2
411,"Chicago",108979,0,0
586,"Chicago",168762,1,3
549,"New York",140407,1,1
372,"Las Vegas",43342,0,0
644,"Las Vegas",193470,1,4
296,"Hawaii",178952,1,5
638,"Washington",167128,1,5
403,"Miami",143123,0,0
340,"New York",104467,1,3
587,"Miami",169939,0,0
518,"Las Vegas",41081,0,0
451,"Miami",64185,1,5
309,"Hawaii",33010,1,2
436,"Miami",41456,1,2
540,"Washington",137781,1,4
425,"Washington",133990,0,0
415,"Miami",170499,0,0
427,"Chicago",99628,1,2
474,"Hawaii",199533,1,1
422,"Chicago",159204,1,5
288,"Washington",163164,0,0
430,"New York",180982,1,1
599,"Chicago",135205,0,0
234,"Hawaii",59361,0,0
410,"New York",114109,0,0
590,"Hawaii",111036,0,0
348,"Washington",103409,1,1
468,"New York",27913,1,4
411,"Miami",118329,0,0
542,"Miami",132980,1,3
439,"Hawaii",85347,1,1
636,"Hawaii",45715,0,0
627,"Miami",142267,0,0
459,"Chicago",98454,1,2
260,"Hawaii",34494,1,2
314,"Chicago",122516,1,3
647,"Washington",66752,1,4
383,"Miami",139740,1,1
299,"Chicago",92180,0,0
357,"Las Vegas",139621,1,2
456,"New York",121661,1,4
214,"New York",153622,1,1
209,"Hawaii",168697,1,3
351,"New York",122830,1,3
315,"New York",55234,0,0
210,"Las Vegas",122305,1,1
546,"Hawaii",153831,0,0
551,"Washington",78906,0,0
512,"New York",142515,1,3
223,"New York",99485,1,2
497,"Miami",178191,1,5
543,"Las Vegas",180722,1,1
344,"New York",110625,1,1
382,"Washington",147793,1,2
215,"Washington",179532,1,1
422,"Las Vegas",99723,0,0
264,"Chicago",98505,0,0
560,"Hawaii",28375,0,0
384,"Las Vegas",156579,1,4
621,"Hawaii",186122,0,0
530,"Washington",168108,1,5
396,"Las Vegas",181661,1,2
559,"Las Vegas",58500,1,5
365,"Miami",155965,1,4
371,"Hawaii",31801,0,0
503,"Hawaii",102241,1,4
398,"Miami",91028,1,4
521,"Las Vegas",37866,0,0
396,"Washington",131971,1,2
499,"Miami",172010,0,0
435,"New York",100379,1,3
607,"Las Vegas",111249,1,5
622,"Chicago",87104,1,5
632,"New York",165145,1,1
305,"Hawaii",30695,0,0
394,"Chicago",145846,1,2
388,"Hawaii",32855,1,2
272,"Las Vegas",48904,0,0
439,"Chicago",37934,0,0
620,"Miami",57922,1,2
241,"Miami",47872,0,0
495,"Chicago",141813,0,0
280,"New York",41504,0,0
312,"Chicago",145253,1,3
461,"Miami",104706,1,2
245,"Washington",169442,1,1
499,"Las Vegas",123928,1,1
479,"Las Vegas",101413,0,0
593,"New York",98610,0,0
289,"New York",93537,0,0
344,"Hawaii",180647,1,1
384,"Miami",92238,0,0
617,"Washington",191287,1,1
220,"Las Vegas",125452,1,5
287,"Miami",129717,1,4
524,"Miami",81505,1,2
225,"Las Vegas",137436,1,3
642,"New York",80430,1,1
212,"Hawaii",199100,1,5
429,"Hawaii",132197,1,2
589,"Las Vegas",94491,1,5
336,"Washington",57612,0,0
479,"Chicago",43370,1,3
454,"Chicago",48789,0,0
402,"Miami",96417,1,4
624,"Chicago",115939,1,1
373,"Hawaii",174493,1,5
355,"Miami",140782,1,1
625,"Chicago",91365,1,1
242,"Washington",196591,1,5
598,"Las Vegas",198375,1,2
334,"Las Vegas",61362,1,2
271,"Las Vegas",34186,0,0
250,"Washington",189327,1,1
237,"Washington",107108,1,4
304,"Las Vegas",75057,0,0
587,"Hawaii",47239,1,2
386,"Las Vegas",175705,0,0
521,"New York",85635,1,4
618,"Washington",43528,0,0
337,"New York",60067,1,3
532,"Chicago",27139,0,0
494,"Hawaii",163778,0,0
337,"Washington",54007,1,4
210,"Las Vegas",99420,1,4
372,"Las Vegas",184427,1,5
314,"Miami",34769,1,1
440,"Miami",109135,1,2
501,"Hawaii",190053,0,0
331,"Chicago",59794,1,1
412,"Chicago",93140,0,0
371,"Hawaii",109412,1,1
245,"Las Vegas",102133,1,4
280,"New York",121932,1,4
580,"Chicago",65898,0,0
413,"Las Vegas",55360,1,4
595,"Chicago",32724,0,0
579,"Miami",40324,0,0
278,"Miami",82649,1,1
526,"Hawaii",119929,1,5
392,"Washington",108040,1,5
463,"Washington",74988,0,0
545,"Miami",77293,0,0
617,"Miami",144162,1,1
563,"Miami",76280,0,0
624,"Las Vegas",61342,0,0
334,"Chicago",36451,0,0
201,"Chicago",29043,1,2
285,"Las Vegas",181786,0,0
535,"Chicago",74797,1,5
486,"Las Vegas",120759,0,0
428,"Miami",176568,1,4
212,"Washington",139794,1,4
227,"Hawaii",88334,1,4
277,"Las Vegas",191125,1,3
647,"Washington",54709,0,0
551,"Las Vegas",36555,1,3
435,"Miami",158250,1,3
220,"New York",32883,0,0
322,"Miami",125223,0,0
252,"Las Vegas",156311,1,2
525,"Miami",62432,0,0
382,"Miami",189775,1,1
599,"Washington",179573,1,4
372,"Hawaii",117326,0,0
392,"Hawaii",179720,1,5
218,"Las Vegas",175459,1,1
402,"Chicago",190341,1,4
513,"Las Vegas",160182,1,3
564,"Las Vegas",121355,0,0
269,"Las Vegas",109920,0,0
449,"Chicago",86239,1,5
397,"New York",136371,1,4
528,"Hawaii",83389,0,0
390,"Chicago",38551,0,0
402,"Chicago",198165,1,2
541,"Washington",55297,1,5
311,"Chicago",194658,1,3
413,"Las Vegas",103513,0,0
303,"Washington",128661,1,2
401,"Washington",138177,1,1
607,"Las Vegas",185969,0,0
628,"Washington",103816,0,0
464,"Hawaii",100564,0,0
490,"Miami",47967,0,0
624,"New York",149103,0,0
530,"Las Vegas",91568,0,0
628,"Las Vegas",31846,0,0
507,"Washington",161153,1,2
316,"Las Vegas",121625,1,2
522,"Hawaii",123558,1,2
420,"Miami",163335,1,5
609,"New York",62098,0,0
620,"Miami",169686,0,0
415,"New York",40978,0,0
398,"Washington",104100,0,0
468,"Miami",83891,0,0
518,"New York",196927,1,5
639,"Hawaii",185886,1,5
410,"New York",170616,1,5
334,"New York",71807,0,0
572,"Miami",198846,1,1
606,"Las Vegas",136440,0,0
476,"Miami",63229,0,0
322,"Miami",141517,1,4
395,"New York",30546,1,5
630,"Miami",113753,0,0
429,"Hawaii",105796,0,0
314,"Washington",198484,1,4
385,"New York",28595,0,0
293,"Las Vegas",122698,0,0
427,"New York",42481,0,0
582,"Miami",87274,1,3
210,"Washington",37138,1,3
575,"Miami",162512,0,0
315,"Hawaii",69416,1,5
519,"Hawaii",125021,0,0
499,"New York",159801,1,1
473,"Hawaii",121279,0,0
478,"Las Vegas",60822,0,0
468,"Miami",37495,0,0
505,"New York",39152,0,0
641,"Las Vegas",94657,0,0
577,"Las Vegas",118282,1,5
234,"New York",78819,0,0
438,"Las Vegas",150653,1,2
273,"Las Vegas",173177,1,1
394,"Miami",185038,1,5
245,"Las Vegas",104645,1,4
248,"Las Vegas",65751,1,5
574,"Miami",188503,0,0
629,"Miami",154109,1,2
381,"New York",180344,1,2
366,"New York",145461,1,2
402,"Chicago",123978,1,1
395,"Miami",65266,0,0
633,"Miami",156146,0,0
534,"Miami",134934,1,1
327,"Las Vegas",161538,1,3
421,"New York",56184,1,4
640,"Miami",149662,1,5
455,"Washington",86074,1,3
236,"New York",157212,1,1
227,"Hawaii",126257,0,0
608,"Washington",56064,0,0
571,"New York",190908,1,2
482,"New York",99551,0,0
296,"New York",110818,1,2
357,"Hawaii",113748,1,1
264,"Las Vegas",92450,1,1
394,"Miami",132971,1,4
548,"Miami",164112,0,0
609,"Chicago",135877,1,5
572,"Washington",99871,1,5
630,"Washington",114038,1,1
369,"Washington",29845,1,2
221,"Washington",93510,1,3
330,"Las Vegas",86701,1,1
650,"Las Vegas",48732,1,4
402,"New York",92988,1,5
648,"Hawaii",55270,1,3
518,"Miami",119205,1,5
335,"Miami",69974,1,2
609,"New York",68684,1,3
413,"Chicago",162115,0,0
567,"New York",129238,0,0
314,"Miami",135910,1,2
631,"New York",91767,0,0
408,"Washington",192992,1,1
259,"Hawaii",59169,1,5
547,"Washington",196883,1,2
264,"Hawaii",130838,1,3
444,"Hawaii",47943,1,1
496,"Washington",46335,1,2
459,"Las Vegas",93964,1,4
427,"New York",137470,1,4
619,"Washington",141009,0,0
302,"Miami",171283,1,3
206,"Chicago",195653,1,1
325,"Washington",72314,1,2
340,"Hawaii",31416,0,0
605,"New York",171396,0,0
451,"Washington",180428,1,5
261,"Hawaii",122177,1,1
298,"Washington",109629,1,4
238,"Miami",164976,1,2
585,"New York",92954,1,5
226,"Miami",31421,1,1
348,"Hawaii",160385,1,2
425,"Miami",31336,0,0
350,"Hawaii",196523,1,5
595,"New York",58658,0,0
597,"Hawaii",111066,1,1
606,"Miami",196575,0,0
559,"Las Vegas",51609,0,0
606,"Las Vegas",182101,0,0
398,"Hawaii",77920,0,0
379,"Hawaii",97497,0,0
367,"Las Vegas",171040,1,3
438,"Hawaii",198570,1,4
233,"Miami",143523,1,4
523,"Washington",82214,1,1
309,"New York",99150,1,4
580,"Hawaii",168911,1,1
648,"Chicago",105630,1,3
247,"Washington",126571,1,3
418,"Las Vegas",89401,1,4
508,"Chicago",189427,0,0
569,"Hawaii",176241,1,5
545,"Las Vegas",121786,1,3
392,"New York",160041,1,1
621,"New York",174817,0,0
528,"Miami",105603,1,2
352,"Chicago",37284,0,0
416,"Miami",56667,0,0
634,"Las Vegas",89692,1,2
611,"Las Vegas",181590,0,0
303,"Chicago",107240,1,2
338,"Miami",120977,1,5
356,"Hawaii",59419,1,4
220,"Washington",104842,1,5
634,"Washington",39008,0,0
567,"Las Vegas",128053,0,0
504,"New York",75834,1,2
383,"Hawaii",130202,1,1
320,"Miami",171365,1,4
618,"Hawaii",160864,1,3
365,"Las Vegas",110197,0,0
447,"Miami",190549,1,4
434,"Washington",167597,1,5
617,"Hawaii",26387,0,0
426,"Miami",139640,1,2
487,"Washington",123602,1,4
306,"New York",141093,1,3
364,"Las Vegas",93301,1,5
602,"Hawaii",178420,1,2
545,"Hawaii",174389,1,2
558,"Chicago",116168,0,0
345,"Chicago",118307,1,3
242,"Washington",97079,1,3
629,"Miami",136424,0,0
403,"Las Vegas",184996,1,3
451,"Washington",114609,1,4
277,"Hawaii",159950,1,2
210,"Las Vegas",92181,1,3
295,"New York",148989,1,5
343,"Miami",199834,1,1
462,"New York",48693,1,4
223,"Washington",39085,1,1
312,"Hawaii",35152,1,1
207,"Miami",49783,1,3
298,"Miami",27177,1,2
436,"Hawaii",137805,1,1
348,"Las Vegas",127804,1,4
534,"Las Vegas",85344,0,0
630,"Miami",148313,1,5
300,"Las Vegas",124735,0,0
640,"Washington",116146,0,0
241,"Chicago",43777,0,0
531,"New York",49185,1,2
323,"Miami",141481,1,4
324,"Miami",89291,1,2
227,"Washington",106371,1,5
303,"Hawaii",29860,1,5
542,"Hawaii",29783,0,0
355,"Washington",82308,0,0
523,"Washington",95794,0,0
291,"New York",101583,1,3
225,"Miami",31247,0,0
527,"Miami",58739,0,0
320,"Miami",101585,1,4
349,"New York",113358,1,1
584,"Hawaii",107369,0,0
203,"Miami",74949,1,3
395,"Hawaii",34004,0,0
253,"Chicago",57392,0,0
427,"Washington",174397,1,5
639,"Chicago",196189,1,5
498,"Miami",123615,1,5
598,"Miami",88891,0,0
531,"Las Vegas",99365,1,3
427,"Miami",172448,1,5
599,"Hawaii",169851,1,5
423,"New York",27893,0,0
551,"Washington",108775,1,5
428,"Hawaii",101070,0,0
238,"Washington",51565,1,5
446,"Chicago",53009,0,0
361,"New York",175092,1,1
442,"Las Vegas",166122,1,2
478,"Las Vegas",148075,0,0
311,"New York",84289,0,0
405,"Miami",51621,0,0
246,"Las Vegas",195655,1,1
207,"Miami",149897,1,1
243,"New York",135650,0,0
301,"Miami",148268,1,4
265,"New York",189370,1,1
580,"Washington",115355,1,2
387,"Las Vegas",43641,0,0
453,"Hawaii",160999,1,3
464,"New York",68799,1,5
232,"Washington",198381,1,5
547,"Las Vegas",174200,1,2
463,"Chicago",170853,1,1
548,"Las Vegas",190725,0,0
397,"Miami",198072,1,3
484,"Miami",59653,1,4
537,"Miami",190797,0,0
513,"Washington",67575,0,0
642,"New York",78877,0,0
326,"New York",156257,1,3
229,"Miami",122445,1,4
391,"Miami",31300,1,4
338,"New York",60908,0,0
393,"Hawaii",108072,1,4
400,"Chicago",129530,0,0
492,"Las Vegas",86117,1,1
207,"New York",100881,1,2
305,"Chicago",189616,1,1
419,"New York",142089,1,3
600,"Hawaii",92761,1,1
324,"Las Vegas",94081,1,2
335,"Hawaii",168743,1,1
644,"Miami",82254,1,1
409,"Miami",111075,1,2
201,"New York",85370,1,1
227,"Miami",32507,0,0
619,"Miami",152427,1,2
413,"Hawaii",109799,1,2
579,"New York",52835,0,0
574,"Las Vegas",130070,1,5
546,"Las Vegas",57550,0,0
472,"New York",91913,1,4
451,"Miami",43673,0,0
436,"Chicago",149771,1,4
307,"Chicago",32030,0,0
477,"New York",46432,0,0
590,"Las Vegas",163844,0,0
544,"Chicago",137109,1,2
285,"New York",174736,1,2
368,"Hawaii",46628,0,0
540,"Washington",122899,1,4
239,"New York",118742,1,5
495,"Washington",105685,0,0
522,"Las Vegas",104257,1,5
587,"Washington",157997,1,5
294,"Las Vegas",196981,1,2
324,"Miami",75796,1,2
576,"Miami",92245,0,0
326,"Washington",160805,1,1
582,"New York",106200,0,0
478,"Las Vegas",147589,1,5
312,"Washington",58518,1,4
479,"Las Vegas",29942,0,0
225,"Las Vegas",55224,1,2
612,"Las Vegas",139128,1,2
599,"Miami",38849,1,4
509,"Miami",72735,0,0
629,"Chicago",107272,1,3
451,"Miami",59366,0,0
552,"Miami",83877,0,0
560,"Las Vegas",161030,1,5
319,"Chicago",142611,0,0
332,"Hawaii",146066,1,4
302,"New York",127153,1,2
588,"Hawaii",178141,0,0
526,"Chicago",123565,1,5
269,"Chicago",192303,0,0
584,"Las Vegas",50767,0,0
485,"Hawaii",149021,1,5
450,"New York",29619,0,0
220,"Hawaii",49138,1,3
326,"Las Vegas",50079,1,4
469,"Chicago",157651,1,2
631,"New York",144720,0,0
226,"New York",113132,1,5
406,"Chicago",27846,1,4
384,"Las Vegas",55573,1,2
429,"Washington",42903,0,0
218,"New York",106392,1,3
588,"Las Vegas",73041,0,0
318,"Hawaii",71836,1,5
407,"Las Vegas",48507,1,4
298,"New York",55752,1,4
621,"Washington",50848,0,0
520,"New York",50015,1,2
380,"Las Vegas",29679,0,0
326,"Miami",107666,1,4
517,"Hawaii",162190,1,2
299,"Miami",35658,0,0
332,"New York",46811,1,5
600,"Hawaii",28959,1,4
425,"Washington",95982,1,4
629,"Las Vegas",171912,1,3
549,"Las Vegas",134869,1,1
588,"Hawaii",107974,1,2
459,"New York",27314,0,0
231,"New York",125958,0,0
433,"Las Vegas",56139,0,0
605,"Hawaii",193922,1,2
214,"Hawaii",144526,1,5
249,"Las Vegas",49484,1,3
484,"New York",171380,1,4
412,"New York",196338,1,3
646,"Washington",147676,0,0
546,"New York",143550,1,2
548,"Washington",122640,1,3
387,"Chicago",110318,1,1
649,"Hawaii",31390,0,0
398,"Las Vegas",183667,0,0
635,"Hawaii",33845,1,2
447,"Washington",100775,1,4
539,"Washington",182981,1,3
500,"Washington",52295,0,0
574,"Miami",118595,0,0
497,"Miami",58243,1,2
203,"Miami",111947,1,5
219,"Miami",87790,1,5
616,"Las Vegas",161794,0,0
394,"Hawaii",34802,0,0
486,"Miami",115057,1,4
476,"Miami",67447,1,5
629,"Las Vegas",35884,0,0
525,"Hawaii",136656,1,4
295,"Las Vegas",199733,1,5
369,"Las Vegas",49506,1,1
498,"Hawaii",50409,1,2
309,"Las Vegas",151101,1,3
460,"Las Vegas",88375,1,1
239,"New York",108955,1,5
622,"Hawaii",153150,1,5
305,"Miami",79549,1,2
328,"Miami",80240,1,2
403,"Chicago",45094,1,4
409,"Washington",116808,1,3
318,"Hawaii",93519,1,5
291,"New York",191351,1,5
526,"Las Vegas",93259,1,2
390,"Las Vegas",99746,1,2
490,"Chicago",176703,1,5
483,"New York",38578,0,0
224,"New York",92640,1,3
415,"Miami",148820,1,4
481,"Miami",164460,0,0
347,"Las Vegas",138206,1,2
518,"Miami",196845,1,2
605,"Hawaii",138800,1,3
379,"Hawaii",50950,0,0
377,"Miami",138775,1,3
420,"New York",90917,0,0
224,"New York",47332,1,2
350,"Las Vegas",161793,1,5
286,"Miami",188093,1,3
373,"New York",183014,1,2
397,"Las Vegas",36153,1,4
271,"Hawaii",124703,0,0
232,"Chicago",98021,1,2
499,"Las Vegas",35357,0,0
388,"Miami",121338,1,5
250,"Miami",84930,0,0
408,"New York",94377,1,1
325,"Las Vegas",61083,0,0
242,"New York",167870,1,5
281,"Las Vegas",92880,1,1
436,"Washington",41075,0,0
286,"New York",125722,1,1
432,"Las Vegas",101200,1,4
360,"Washington",86785,0,0
572,"Chicago",58455,0,0
341,"New York",199401,1,2
435,"New York",57068,1,5
309,"New York",122821,1,1
346,"Miami",52011,1,2
380,"Miami",61148,0,0
493,"Hawaii",199895,1,2
225,"Hawaii",107469,1,1
517,"New York",153969,0,0
445,"Hawaii",64835,1,3
353,"Las Vegas",50685,0,0
531,"Las Vegas",173378,1,1
320,"Washington",93914,1,3
245,"Las Vegas",127229,1,2
368,"Hawaii",170221,1,4
235,"Las Vegas",45151,1,4
302,"New York",115996,1,4
644,"Washington",129700,0,0
253,"Washington",120484,1,5
468,"Chicago",95653,1,2
512,"Miami",70982,1,1
435,"Hawaii",83266,1,4
380,"Hawaii",60722,0,0
390,"Washington",154517,1,3
438,"Chicago",120233,1,4
510,"Washington",143493,0,0
643,"New York",100689,0,0
432,"Hawaii",157429,1,1
422,"Las Vegas",192465,1,4
332,"Washington",86781,0,0
272,"Miami",35708,1,1
350,"Hawaii",145596,1,3
332,"Las Vegas",117883,1,1
364,"Chicago",119704,1,4
414,"Las Vegas",127199,1,4
369,"Washington",25938,0,0
392,"Hawaii",119939,1,5
302,"Hawaii",108855,1,4
225,"New York",117747,1,3
586,"Washington",80975,1,3
453,"Las Vegas",81788,1,1
442,"Hawaii",106578,1,3
478,"Miami",54052,0,0
299,"Hawaii",127121,1,5
434,"Chicago",49801,1,1
525,"Hawaii",50569,0,0
213,"Hawaii",125854,1,1
487,"Las Vegas",53818,0,0
533,"Miami",171101,1,3
400,"Miami",150272,1,4
559,"New York",171150,1,2
495,"Miami",80715,0,0
474,"Las Vegas",122115,0,0
282,"Miami",63047,1,5
534,"Las Vegas",113762,0,0
390,"Las Vegas",122922,1,4
248,"Washington",39425,1,1
271,"Las Vegas",99170,0,0
554,"Hawaii",95809,0,0
253,"Las Vegas",88182,0,0
410,"New York",176398,1,5
367,"Miami",72066,1,5
422,"New York",95423,1,2
455,"Las Vegas",129697,1,1
629,"Las Vegas",88827,0,0
281,"Hawaii",159801,1,3
374,"New York",80126,0,0
394,"Hawaii",146475,1,4
582,"New York",102672,1,4
215,"Las Vegas",71015,0,0
210,"Washington",39829,1,2
347,"Chicago",32924,1,5
354,"Chicago",151091,1,5
596,"New York",60052,0,0
454,"Chicago",110763,1,1
256,"Chicago",45680,1,5
228,"Miami",161724,1,1
252,"Hawaii",149257,1,2
576,"Chicago",58172,1,5
386,"New York",160199,1,5
636,"Washington",192692,1,3
517,"Washington",169780,1,1
321,"New York",71571,1,2
601,"Miami",113750,1,1
492,"Hawaii",51344,0,0
648,"Las Vegas",31144,0,0
252,"New York",106767,0,0
555,"Hawaii",199369,1,1
641,"Hawaii",25834,0,0
537,"Miami",51432,0,0
549,"Las Vegas",160953,1,1
640,"Chicago",113530,1,3
347,"Hawaii",106736,0,0
372,"Miami",77802,1,5
280,"Chicago",80074,1,2
387,"Miami",73378,1,1
390,"Miami",102568,1,5
470,"Hawaii",191262,0,0
385,"New York",131969,1,4
235,"Hawaii",189709,1,1
495,"Las Vegas",89226,1,5
215,"Hawaii",30243,1,3
269,"Miami",66329,1,4
634,"Miami",40400,0,0
429,"Miami",39496,0,0
327,"Las Vegas",42280,1,4
201,"Las Vegas",139486,1,3
346,"Washington",108715,1,5
598,"Miami",152240,1,5
272,"Washington",130702,1,1
372,"Miami",90064,1,5
451,"Washington",147758,1,4
423,"Washington",187359,1,3
525,"New York",104613,0,0
566,"Hawaii",139831,0,0
384,"New York",151085,1,2
301,"New York",189045,1,4
428,"New York",40415,0,0
336,"Washington",65998,0,0
573,"Las Vegas",28600,0,0
319,"Chicago",62695,0,0
423,"Miami",60238,0,0
244,"Washington",49473,1,4
329,"New York",42720,0,0
580,"Washington",150976,1,5
414,"New York",144215,1,1
404,"Washington",132651,0,0
290,"Las Vegas",29877,1,1
317,"Washington",158399,1,3
443,"Washington",89889,0,0
526,"Washington",53273,1,5
283,"Miami",55851,0,0
283,"New York",119131,1,5
613,"New York",121868,1,2
260,"Washington",28665,1,3
203,"Las Vegas",118292,1,1
323,"Washington",158843,1,2
495,"Las Vegas",52717,1,1
429,"Las Vegas",49798,0,0
341,"Chicago",130129,1,1
287,"Hawaii",170365,1,4
639,"Hawaii",97772,0,0
535,"Chicago",101060,0,0
383,"Miami",172309,1,5
247,"Chicago",74981,0,0
508,"Miami",147169,1,1
471,"Las Vegas",87918,0,0
493,"New York",86781,1,5
539,"Chicago",191909,1,1
469,"New York",129322,1,2
240,"Las Vegas",85836,1,5
514,"New York",97778,1,2
209,"Las Vegas",179103,1,1
640,"Miami",79943,1,1
628,"Las Vegas",195133,1,3
570,"Las Vegas",25515,0,0
312,"New York",108889,1,5
460,"Miami",185314,1,2
355,"Chicago",143015,0,0
633,"Miami",93938,1,4
583,"New York",92701,0,0
524,"Las Vegas",186472,0,0
556,"New York",127737,1,1
534,"Las Vegas",192603,1,2
346,"New York",192534,0,0
602,"Miami",42867,0,0
225,"New York",58425,1,2
454,"Chicago",154719,1,3
343,"Miami",91385,1,1
545,"Miami",90081,0,0
480,"Washington",98945,1,5
376,"Las Vegas",186377,1,1
589,"Hawaii",69674,0,0
447,"Las Vegas",95115,0,0
584,"New York",124718,1,2
432,"Chicago",128891,1,5
492,"New York",135336,0,0
318,"Washington",115236,1,5
330,"Las Vegas",89158,1,1
641,"New York",153846,0,0
647,"New York",149366,0,0
330,"New York",27107,0,0
472,"Miami",91440,1,2
362,"Hawaii",114750,0,0
645,"Miami",122262,0,0
608,"Washington",118788,0,0
433,"Las Vegas",31146,0,0
421,"Washington",191183,1,4
375,"Hawaii",42250,0,0
595,"Miami",124957,1,1
615,"Washington",50630,1,4
322,"Washington",98133,1,3
581,"Miami",75762,0,0
423,"Las Vegas",133026,0,0
482,"Washington",140239,1,3
380,"Chicago",96763,1,4
235,"Miami",193084,1,1
275,"Las Vegas",110948,1,5
217,"Miami",75055,1,4
371,"Las Vegas",95839,1,4
521,"Hawaii",60723,0,0
315,"Washington",64468,0,0
382,"Miami",52048,1,5
562,"Hawaii",158094,0,0
558,"New York",182014,1,3
373,"Washington",56425,0,0
536,"New York",194542,1,4
410,"New York",60115,0,0
301,"Las Vegas",106050,1,4
292,"Hawaii",87964,1,1
224,"Las Vegas",110824,1,2
463,"Washington",139463,1,5
635,"Miami",33346,0,0
224,"Las Vegas",129358,1,5
523,"Chicago",117866,1,2
201,"Washington",111426,1,4
645,"Chicago",33376,0,0
636,"Miami",90583,1,5
515,"Chicago",103270,1,4
549,"Washington",79014,0,0
401,"New York",147112,0,0
532,"New York",164024,1,1
505,"Hawaii",119109,0,0
206,"Las Vegas",74257,1,3
441,"Las Vegas",115477,1,2
538,"New York",64626,0,0
209,"Chicago",52465,1,2
514,"Las Vegas",75435,1,5
583,"Las Vegas",113522,0,0
411,"Chicago",78825,1,5
317,"Hawaii",137789,1,4
558,"Hawaii",84143,0,0
391,"New York",70089,1,2
591,"Chicago",146719,1,5
483,"Hawaii",48024,0,0
403,"Washington",162462,1,1
434,"Washington",88911,0,0
638,"Hawaii",60600,0,0
508,"Washington",97342,1,4
577,"Miami",65379,0,0
378,"Miami",187854,1,4
600,"Hawaii",104305,1,3
211,"Miami",135019,1,1
369,"New York",134868,1,2
508,"New York",146868,1,4
402,"Chicago",118396,1,5
296,"Miami",90181,1,3
280,"Miami",118963,0,0
506,"Washington",114482,0,0
496,"Las Vegas",104613,1,2
389,"Chicago",106336,0,0
472,"Miami",27215,1,1
380,"Hawaii",41499,1,4
441,"New York",179546,0,0
581,"Washington",189168,1,2
312,"Las Vegas",175327,1,2
507,"New York",34721,0,0
384,"New York",69081,0,0
443,"Las Vegas",97347,0,0
639,"New York",148509,1,1
468,"New York",189621,1,3
279,"Hawaii",189849,1,2
598,"Las Vegas",138776,0,0
354,"New York",125675,1,1
581,"Washington",46352,0,0
236,"Miami",143643,1,2
228,"Hawaii",193305,1,2
248,"Las Vegas",138793,1,4
584,"New York",76226,0,0
374,"Hawaii",63638,1,4
595,"Hawaii",114480,1,1
357,"Chicago",173683,1,2
368,"New York",68548,0,0
321,"Las Vegas",55102,1,5
414,"New York",107846,0,0
299,"Hawaii",165175,1,5
563,"New York",58314,0,0
390,"Las Vegas",159075,1,3
533,"Miami",112014,0,0
592,"Miami",83811,0,0
598,"Chicago",64092,0,0
362,"Washington",190025,1,4
458,"Las Vegas",189583,1,2
245,"Miami",93636,1,5
261,"Las Vegas",86074,0,0
264,"Chicago",151972,1,5
283,"Hawaii",166411,1,2
210,"Hawaii",66552,1,5
319,"Hawaii",159763,1,2
220,"Hawaii",101023,1,3
224,"Las Vegas",51231,1,1
302,"New York",68723,0,0
276,"Washington",139382,1,5
274,"Hawaii",113686,0,0
463,"New York",145458,0,0
256,"Las Vegas",43655,0,0
518,"New York",36089,1,1
639,"Miami",68109,0,0
514,"Hawaii",188123,0,0
632,"Washington",114574,1,4
605,"Washington",149383,1,3
648,"Hawaii",41100,0,0
307,"Washington",54376,0,0
552,"New York",176585,1,1
514,"Miami",119724,1,5
396,"Hawaii",164583,0,0
509,"Las Vegas",126565,1,4
267,"Hawaii",36125,0,0
210,"New York",61827,1,3
261,"Las Vegas",117062,1,2
511,"Miami",128867,1,2
339,"Miami",100620,1,4
357,"Hawaii",196777,1,2
605,"New York",26343,0,0
415,"Hawaii",93323,1,4
536,"Miami",130198,1,4
486,"New York",199260,1,3
566,"New York",50792,0,0
440,"Miami",96847,0,0
392,"Las Vegas",30396,0,0
422,"Las Vegas",132402,1,5
227,"Las Vegas",95894,1,4
475,"Hawaii",33036,0,0
483,"Chicago",85956,0,0
270,"New York",119462,1,4
387,"Miami",43544,0,0
327,"Miami",50372,1,1
371,"Chicago",133393,1,1
554,"New York",190182,1,3
643,"New York",108670,1,3
429,"Las Vegas",98010,0,0
563,"Hawaii",150761,1,5
633,"Miami",155497,0,0
384,"Miami",144647,1,2
598,"Hawaii",130073,1,1
213,"Hawaii",78183,1,1
509,"New York",140685,1,3
374,"Miami",38735,0,0
327,"Las Vegas",80746,1,3
578,"Miami",174058,0,0
459,"Hawaii",92454,1,3
490,"Miami",48193,0,0
363,"Washington",129763,1,3
473,"New York",74819,1,1
613,"Washington",168731,1,1
583,"Washington",51056,0,0
647,"Las Vegas",153965,1,4
395,"New York",184667,1,1
594,"Chicago",31717,0,0
364,"Washington",37321,0,0
230,"Las Vegas",57551,0,0
380,"Las Vegas",174258,1,5
425,"Las Vegas",37579,0,0
546,"Hawaii",183447,1,4
304,"Hawaii",125439,0,0
377,"Las Vegas",140357,1,2
388,"New York",132801,0,0
549,"Hawaii",139564,1,1
438,"Hawaii",109478,0,0
249,"Hawaii",56775,0,0
417,"New York",114146,1,1
246,"New York",81889,1,3
603,"Chicago",38977,0,0
448,"New York",161195,1,1
617,"Chicago",73344,0,0
549,"Las Vegas",102015,0,0
489,"Las Vegas",147497,1,2
354,"New York",191844,1,2
549,"Washington",134307,0,0
327,"Washington",196024,1,4
308,"Miami",138896,0,0
201,"Chicago",134650,1,2
373,"Washington",106356,1,3
491,"Miami",82383,1,5
565,"Las Vegas",144514,0,0
282,"Las Vegas",130089,1,1
642,"Chicago",111561,1,1
495,"Chicago",159123,0,0
571,"Miami",182985,0,0
615,"Hawaii",188157,0,0
469,"Washington",107300,0,0
339,"Hawaii",81698,1,1
551,"Hawaii",154231,1,2
541,"Las Vegas",100491,1,2
591,"Las Vegas",70001,1,2
398,"Las Vegas",135738,0,0
579,"Miami",147719,0,0
490,"New York",127571,0,0
372,"Chicago",80536,0,0
256,"Chicago",68620,1,2
443,"Miami",168818,0,0
498,"Miami",121201,0,0
227,"Las Vegas",78968,1,1
607,"Miami",92989,1,5
286,"Las Vegas",73377,1,4
634,"Miami",182425,0,0
242,"Chicago",63001,1,4
253,"Miami",108879,1,1
403,"Hawaii",86327,0,0
516,"Miami",37685,1,2
370,"Hawaii",137452,1,4
338,"Miami",195474,0,0
517,"Washington",104803,0,0
515,"New York",39812,1,2
533,"Hawaii",185237,0,0
393,"Hawaii",43246,1,3
292,"Washington",44818,1,5
381,"Miami",132577,1,4
327,"New York",80593,1,5
539,"Miami",98083,1,1
450,"Miami",98495,1,4
548,"Miami",52772,0,0
430,"Las Vegas",165906,1,2
474,"Chicago",111224,1,5
497,"Miami",196044,1,2
505,"Washington",92305,1,2
256,"Hawaii",27560,1,3
491,"Miami",32725,0,0
312,"Miami",109945,1,1
474,"New York",131226,0,0
520,"Hawaii",104490,1,4
441,"Chicago",183064,1,4
536,"Las Vegas",185324,1,2
569,"Las Vegas",162449,1,5
397,"Hawaii",134799,1,1
543,"Las Vegas",168215,1,4
619,"Las Vegas",176124,0,0
554,"Miami",148967,0,0
630,"Hawaii",161488,1,2
590,"New York",126770,1,2
304,"Hawaii",131418,1,3
519,"Washington",102100,1,5
561,"Las Vegas",58208,1,4
398,"Las Vegas",43292,0,0
579,"Las Vegas",112210,0,0
262,"Miami",54047,0,0
434,"Miami",124153,1,5
341,"Miami",119088,1,2
448,"Las Vegas",198958,1,4
286,"Miami",31493,0,0
635,"Hawaii",140622,0,0
372,"New York",113675,1,1
566,"Miami",71547,1,1
335,"Washington",76350,1,5
437,"New York",84819,1,3
390,"Las Vegas",192279,0,0
522,"New York",101697,0,0
269,"Las Vegas",181358,1,1
367,"Miami",131821,1,2
320,"Hawaii",83755,0,0
566,"Las Vegas",33309,0,0
488,"New York",142596,0,0
545,"Las Vegas",83308,1,4
463,"Chicago",34262,0,0
649,"Washington",93901,1,5
354,"Washington",42152,0,0
372,"Hawaii",135830,1,4
580,"Chicago",160707,1,5
371,"Las Vegas",33027,0,0
223,"Miami",121706,1,5
214,"New York",47699,1,4
508,"Chicago",54113,1,2
582,"Las Vegas",50524,0,0
624,"New York",142170,0,0
425,"New York",108759,0,0
354,"Hawaii",135207,1,2
262,"New York",150472,1,1
493,"Hawaii",110995,0,0
294,"Miami",107690,1,3
330,"Chicago",142464,1,1
408,"Washington",73442,1,1
421,"New York",61058,0,0
341,"New York",182916,1,3
557,"Chicago",76766,0,0
317,"Miami",54774,0,0
281,"Las Vegas",69080,0,0
241,"Las Vegas",54708,0,0
330,"Las Vegas",89875,1,1
298,"Hawaii",198225,1,1
516,"New York",138591,1,2
435,"Miami",146589,1,1
498,"Las Vegas",130096,1,5
273,"Miami",87220,1,4
556,"Las Vegas",26891,0,0
290,"Las Vegas",127174,1,2
603,"Miami",110273,0,0
241,"Miami",192539,1,1
551,"Hawaii",137340,1,2
241,"Miami",42835,0,0
263,"Las Vegas",150977,0,0
290,"Chicago",144626,1,5
452,"Washington",195250,1,5
496,"New York",162634,1,4
355,"Chicago",139172,0,0
437,"Hawaii",62959,1,3
424,"Hawaii",29935,0,0
342,"Hawaii",163734,1,3
569,"Washington",104456,1,1
599,"Miami",33164,0,0
474,"Miami",34009,0,0
328,"Washington",66258,1,5
453,"Miami",193639,1,3
497,"Miami",145670,0,0
403,"Las Vegas",195633,1,1
484,"New York",196536,1,5
494,"New York",161650,1,2
591,"Las Vegas",194228,1,5
254,"Hawaii",56037,1,2
585,"Miami",28994,1,3
352,"New York",69303,0,0
571,"Washington",188485,1,4
626,"Chicago",177822,1,4
296,"Washington",104203,0,0
529,"Miami",47432,0,0
450,"Washington",58155,0,0
276,"New York",133187,1,3
322,"Hawaii",78329,1,2
249,"New York",122713,1,2
232,"Chicago",153068,1,4
276,"Las Vegas",184375,1,1
481,"New York",67080,0,0
524,"New York",61476,0,0
487,"New York",95009,1,1
500,"Miami",79320,0,0
242,"Las Vegas",114962,0,0
328,"Miami",165600,1,2
628,"New York",195790,0,0
360,"New York",54433,1,2
271,"New York",85638,0,0
576,"Hawaii",100626,1,4
580,"Miami",60757,0,0
371,"Hawaii",126518,1,3
507,"Hawaii",30483,0,0
415,"Las Vegas",54235,1,4
268,"New York",99339,1,3
487,"New York",45711,0,0
571,"Miami",176243,1,2
392,"Washington",184256,1,3
401,"New York",41427,1,2
304,"Las Vegas",101310,1,4
235,"Hawaii",95473,1,2
353,"Washington",106252,1,4
301,"Miami",76681,1,4
263,"New York",193543,1,3
456,"Las Vegas",118307,0,0
506,"Washington",72867,0,0
347,"New York",102764,0,0
609,"Hawaii",182443,1,1
310,"Las Vegas",85897,1,1
468,"Miami",36496,0,0
501,"Washington",87786,1,2
556,"Chicago",123808,1,1
399,"Las Vegas",177716,1,5
316,"Hawaii",56774,0,0
453,"Hawaii",127307,0,0
400,"Miami",40655,1,4
454,"Washington",74243,1,1
401,"Washington",130127,1,1
625,"New York",50884,0,0
234,"New York",177686,1,3
347,"Las Vegas",198852,1,1
441,"Washington",132426,1,1
503,"Chicago",51340,0,0
508,"New York",62262,0,0
202,"Miami",70194,1,5
539,"Washington",50581,0,0
320,"Miami",153211,1,5
608,"New York",35443,0,0
417,"Washington",99343,1,4
232,"New York",142996,1,3
359,"Washington",114777,1,5
529,"Hawaii",90971,1,1
420,"Miami",144027,0,0
544,"Las Vegas",136902,1,2
322,"Las Vegas",145644,1,5
388,"Hawaii",191768,1,3
532,"New York",158981,0,0
527,"Las Vegas",162344,1,1
294,"New York",74504,1,2
235,"Hawaii",26514,0,0
437,"Hawaii",94338,1,2
463,"Chicago",59130,1,2
238,"New York",40757,0,0
200,"New York",135143,0,0
277,"Chicago",167626,1,2
480,"Chicago",114294,0,0
524,"Hawaii",77632,0,0
625,"Miami",98907,0,0
415,"Las Vegas",140653,0,0
622,"Miami",38217,1,3
377,"Washington",168222,0,0
202,"Washington",181552,1,4
209,"Chicago",85585,0,0
517,"New York",85806,0,0
632,"Washington",90464,0,0
363,"Miami",106321,1,5
371,"Las Vegas",36874,1,4
421,"New York",180853,1,2
618,"Washington",99816,0,0
206,"Chicago",35656,1,3
249,"Miami",74804,1,4
492,"Hawaii",71063,1,1
302,"Miami",102825,0,0
335,"Miami",101431,1,2
588,"Washington",174219,0,0
491,"New York",45174,1,4
357,"Miami",59076,0,0
391,"Miami",39992,1,5
419,"Las Vegas",113664,1,4
269,"Hawaii",75187,1,4
445,"Hawaii",39911,0,0
484,"Hawaii",73662,0,0
387,"Hawaii",146472,0,0
526,"Washington",108621,1,1
617,"Miami",106547,0,0
435,"Miami",88870,1,4
396,"Miami",168786,1,1
522,"Las Vegas",125158,0,0
320,"Las Vegas",114884,1,5
345,"New York",187187,0,0
257,"Washington",31338,0,0
605,"Miami",193201,1,3
635,"Las Vegas",137578,1,3
362,"Hawaii",58088,1,3
433,"Hawaii",87929,0,0
326,"Las Vegas",65184,0,0
274,"Las Vegas",37479,0,0
583,"Washington",108767,1,3
390,"Las Vegas",108207,0,0
590,"New York",189482,1,5
480,"Miami",156572,0,0
538,"Chicago",153324,1,1
212,"Washington",195078,1,5
464,"Chicago",111363,1,4
220,"New York",166540,1,1
625,"Hawaii",60205,1,2
402,"New York",169967,1,3
270,"Chicago",191337,0,0
454,"Washington",159999,1,2
593,"Washington",56769,1,1
228,"Miami",151074,1,1
631,"Las Vegas",82447,0,0
588,"Washington",147103,0,0
435,"Miami",44234,0,0
577,"New York",41151,0,0
524,"New York",117003,0,0
649,"Hawaii",119677,0,0
528,"Miami",196720,1,1
425,"New York",113074,0,0
598,"Miami",179975,1,5
286,"Hawaii",188162,1,2
288,"Hawaii",127600,1,2
229,"Hawaii",91595,0,0
567,"Washington",120393,1,4
515,"Chicago",146127,1,1
220,"Miami",38989,1,3
614,"Las Vegas",173753,0,0
641,"Las Vegas",126675,0,0
567,"Hawaii",133653,0,0
328,"Hawaii",182649,1,4
403,"Las Vegas",167316,1,1
369,"New York",143107,1,2
227,"New York",193664,1,4
471,"New York",95439,1,5
347,"Miami",181585,1,1
248,"New York",159912,1,1
200,"New York",133966,1,5
378,"Las Vegas",104851,1,4
349,"Hawaii",45161,1,5
436,"Hawaii",111060,1,3
372,"Las Vegas",68666,0,0
365,"Washington",148613,1,5
208,"Washington",108684,1,2
640,"New York",47992,0,0
447,"Miami",149118,1,1
217,"New York",127062,1,5
431,"Chicago",153636,1,2
406,"Las Vegas",36640,1,4
430,"Miami",103068,1,5
596,"Las Vegas",199157,0,0
222,"Miami",157422,1,1
291,"Washington",121440,1,5
223,"Las Vegas",170201,1,3
400,"Hawaii",39311,1,5
256,"Hawaii",72975,1,5
638,"Chicago",45622,1,2
255,"Las Vegas",113850,1,1
214,"New York",159676,1,5
422,"Las Vegas",39602,0,0
295,"Miami",29545,1,5
393,"Las Vegas",140682,1,3
252,"Chicago",56437,0,0
327,"Washington",162543,1,1
531,"Miami",72009,1,5
326,"Washington",67985,1,3
287,"Las Vegas",58048,1,1
241,"Washington",182958,1,4
506,"New York",174392,1,2
314,"New York",122763,1,3
317,"Washington",75660,1,2
267,"Miami",174986,1,1
398,"New York",53704,1,4
499,"Washington",63538,1,4
562,"Chicago",157625,1,4
617,"Miami",34840,0,0
450,"Washington",182127,1,2
498,"Washington",73092,0,0
212,"Hawaii",189401,1,3
607,"New York",80557,0,0
333,"Hawaii",135352,0,0
342,"Washington",69930,0,0
543,"Washington",169639,1,1
240,"Las Vegas",115670,1,5
636,"New York",172922,0,0
575,"Miami",173302,0,0
260,"Hawaii",55027,0,0
254,"Washington",194617,1,4
384,"Las Vegas",70492,0,0
250,"Miami",187384,1,2
410,"Las Vegas",96185,0,0
550,"New York",81363,1,2
304,"Washington",118123,1,3
374,"Miami",108418,1,2
238,"Hawaii",79426,1,4
283,"Chicago",96658,1,4
635,"Las Vegas",174350,0,0
507,"Hawaii",173598,1,4
619,"Las Vegas",49041,0,0
466,"Las Vegas",143118,1,1
236,"New York",40842,1,3
580,"Miami",192426,1,4
213,"Washington",176609,1,1
567,"Chicago",96948,1,4
376,"Hawaii",163466,1,3
265,"Miami",102906,1,1
500,"Miami",58341,0,0
478,"Miami",82849,1,3
402,"Washington",126856,0,0
563,"Hawaii",30020,1,2
592,"Las Vegas",92126,1,4
644,"Miami",197703,1,5
381,"Las Vegas",164119,1,4
358,"Miami",30260,0,0
255,"Chicago",71215,1,4
646,"Miami",78605,0,0
621,"Las Vegas",51173,0,0
623,"Las Vegas",71879,0,0
383,"New York",191315,1,1
547,"Washington",25208,0,0
375,"New York",141915,1,3
215,"Chicago",38386,0,0
378,"Las Vegas",121831,1,1
632,"Las Vegas",99817,1,5
435,"Las Vegas",189174,1,4
503,"Las Vegas",118278,1,2
205,"Washington",82272,1,5
428,"Miami",25045,0,0
539,"Las Vegas",155764,1,3
403,"New York",165862,1,4
544,"Las Vegas",60921,0,0
453,"New York",36390,1,4
531,"Washington",81024,0,0
529,"Las Vegas",57425,1,2
353,"Miami",186132,1,4
514,"Washington",73483,1,4
443,"Washington",61987,0,0
596,"Miami",122628,1,1
234,"Washington",150469,1,3
369,"Washington",66750,0,0
488,"Washington",55318,0,0
211,"Las Vegas",162247,1,3
293,"New York",170924,0,0
485,"Washington",143668,0,0
608,"New York",148375,1,3
423,"Chicago",42407,1,4
280,"Las Vegas",32056,1,1
540,"New York",60084,0,0
209,"Washington",33794,0,0
479,"Miami",29827,0,0
456,"New York",161726,1,2
268,"New York",86823,1,2
223,"Washington",54422,1,1
219,"Hawaii",164869,1,4
280,"Hawaii",170843,1,5
310,"Las Vegas",77532,1,1
555,"Las Vegas",27756,0,0
278,"Chicago",97607,0,0
636,"Chicago",199104,0,0
421,"New York",47965,1,2
378,"Miami",100721,1,1
429,"Hawaii",37215,0,0
575,"Miami",159246,1,5
225,"Chicago",91570,1,5
238,"Washington",46671,1,1
620,"Miami",69903,0,0
631,"New York",186464,1,5
379,"Las Vegas",48544,0,0
424,"Las Vegas",146686,1,3
380,"Las Vegas",116946,1,1
298,"New York",84121,1,1
537,"New York",27852,0,0
495,"New York",25155,0,0
434,"Washington",57149,1,1
294,"Washington",64014,1,4
531,"Washington",161444,1,1
434,"Las Vegas",94698,0,0
275,"New York",111248,1,5
443,"New York",55780,1,5
370,"Chicago",186168,1,2
595,"Las Vegas",144163,1,5
591,"New York",147137,1,2
328,"New York",26553,0,0
335,"Las Vegas",50207,0,0
359,"Miami",121804,1,3
408,"Washington",125659,1,2
447,"New York",64395,0,0
415,"Miami",122768,1,2
567,"New York",112327,1,2
282,"Hawaii",186860,1,2
637,"Miami",62021,1,5
487,"Chicago",108300,1,2
624,"Miami",133547,0,0
434,"Las Vegas",160795,1,1
574,"New York",183956,0,0
637,"Washington",123137,1,3
213,"Hawaii",166001,1,2
279,"Hawaii",90753,1,1
573,"Hawaii",41930,0,0
481,"Miami",175966,0,0
548,"Hawaii",119784,1,2
545,"Hawaii",45036,1,5
309,"Las Vegas",132368,1,3
308,"Miami",37137,0,0
329,"Miami",120536,1,5
234,"Washington",75614,1,2
238,"Hawaii",184133,0,0
455,"Miami",124102,1,2
423,"New York",66287,1,1
324,"Miami",45407,1,4
441,"Chicago",86238,0,0
431,"New York",41367,0,0
218,"Las Vegas",84994,0,0
392,"Hawaii",85212,1,3
226,"Las Vegas",125731,1,4
374,"Washington",184717,1,2
456,"Las Vegas",66074,0,0
260,"Las Vegas",192165,1,1
269,"Hawaii",84229,1,1
335,"Las Vegas",190348,1,3
372,"Las Vegas",196155,1,4
290,"Las Vegas",56801,0,0
579,"Hawaii",190516,1,1
340,"Las Vegas",106482,0,0
351,"Miami",150868,1,3
507,"New York",140130,1,1
448,"Chicago",88819,0,0
254,"Chicago",111326,1,2
529,"Washington",101725,0,0
382,"Las Vegas",175978,0,0
259,"New York",55774,0,0
566,"Hawaii",182385,1,3
602,"Washington",61811,1,2
620,"Hawaii",175440,0,0
569,"Miami",178500,1,5
406,"Miami",42271,0,0
604,"Las Vegas",163098,1,4
344,"New York",140645,1,2
351,"Hawaii",29438,0,0
515,"Hawaii",69026,1,4
232,"New York",139519,1,5
434,"Hawaii",66375,1,4
513,"New York",197048,0,0
524,"Chicago",98708,0,0
529,"Miami",90316,0,0
629,"Washington",163031,1,4
648,"Las Vegas",123399,0,0
371,"New York",167263,0,0
631,"Hawaii",146699,1,4
463,"Las Vegas",171737,1,3
344,"Washington",106677,1,5
243,"Washington",49926,1,3
271,"Las Vegas",62264,1,1
261,"Las Vegas",172906,1,5
530,"Hawaii",63506,1,3
323,"Hawaii",88657,1,1
640,"Miami",135884,0,0
368,"Chicago",118335,1,1
253,"Miami",49246,0,0
260,"New York",81913,1,5
298,"Washington",181223,1,1
600,"Miami",75917,0,0
632,"Las Vegas",149464,0,0
282,"Hawaii",144846,1,4
635,"Las Vegas",157876,1,1
311,"Miami",195577,1,4
460,"Washington",128221,1,5
252,"Chicago",65486,1,4
224,"New York",159951,1,1
401,"Hawaii",102425,0,0
332,"Las Vegas",198531,1,4
380,"Miami",62325,1,3
595,"Las Vegas",138713,1,4
523,"Chicago",182589,1,4
643,"Las Vegas",85504,0,0
201,"Washington",126951,1,5
422,"Washington",74731,1,5
362,"Miami",134143,1,3
319,"Las Vegas",194597,1,2
329,"New York",93495,0,0
479,"Washington",97635,1,1
585,"Hawaii",81373,0,0
451,"New York",135165,0,0
278,"Hawaii",100124,1,3
282,"Hawaii",70699,0,0
274,"Chicago",60406,0,0
525,"New York",54355,0,0
632,"Chicago",29897,1,2
613,"Las Vegas",74691,0,0
391,"Las Vegas",66826,0,0
427,"Chicago",135974,0,0
552,"Las Vegas",87370,0,0
530,"Las Vegas",29981,1,5
407,"Las Vegas",78752,0,0
470,"Miami",68525,0,0
631,"Las Vegas",160359,1,3
505,"Hawaii",126241,0,0
386,"New York",60008,0,0
387,"Las Vegas",59096,0,0
247,"Washington",109030,1,4
598,"Miami",153309,1,3
644,"Miami",176964,1,3
466,"Chicago",105032,1,5
607,"Las Vegas",31582,0,0
338,"New York",50545,1,4
504,"Miami",45801,0,0
531,"Hawaii",159562,1,4
383,"Las Vegas",28798,0,0
574,"Hawaii",126588,1,3
472,"Las Vegas",167437,1,3
412,"Las Vegas",122033,1,5
270,"Miami",67550,1,2
202,"Miami",184042,1,5
617,"New York",110407,1,3
627,"Las Vegas",38163,0,0
426,"Miami",122362,1,5
302,"Las Vegas",25261,1,5
588,"Miami",40636,0,0
364,"Las Vegas",194407,1,2
420,"Miami",33098,1,4
626,"Las Vegas",133850,1,1
451,"Washington",31899,1,2
213,"Las Vegas",121467,1,2
609,"Las Vegas",89793,0,0
260,"New York",100176,1,1
334,"Miami",70830,1,1
302,"Miami",166241,0,0
270,"Miami",92101,1,2
243,"Washington",176205,0,0
455,"Miami",130815,1,5
589,"Hawaii",37441,0,0
215,"Las Vegas",36406,1,5
604,"Miami",57721,0,0
581,"Washington",116156,0,0
511,"Miami",194508,0,0
496,"New York",178800,0,0
349,"Las Vegas",48135,1,3
268,"Las Vegas",121681,0,0
351,"New York",77091,0,0
443,"New York",78505,0,0
328,"New York",171330,1,5
393,"New York",189166,1,3
335,"Washington",72655,1,2
391,"Chicago",126245,1,1
508,"New York",191104,1,5
206,"Miami",49048,0,0
568,"New York",81200,0,0
251,"Las Vegas",151308,0,0
346,"Chicago",71385,1,4
495,"Miami",70772,0,0
481,"Hawaii",157659,1,5
574,"Las Vegas",71236,0,0
204,"New York",31310,0,0
603,"Miami",147385,0,0
439,"Washington",110203,0,0
347,"Washington",194715,1,4
285,"Las Vegas",82537,1,4
482,"Las Vegas",140707,1,1
589,"Las Vegas",174196,1,5
496,"New York",197738,0,0
597,"New York",49793,0,0
237,"Miami",169503,1,4
206,"Hawaii",78176,1,1
293,"Miami",122435,1,2
570,"Hawaii",137308,0,0
344,"Miami",133394,0,0
329,"Washington",115478,1,1
265,"Washington",115911,1,2
396,"Washington",71447,1,4
595,"New York",127657,0,0
567,"Washington",39558,1,3
445,"New York",180268,1,5
540,"Hawaii",78165,0,0
560,"Las Vegas",32670,0,0
293,"Hawaii",164795,1,2
323,"Washington",162094,1,1
481,"Las Vegas",196594,1,2
304,"Washington",109796,1,4
344,"Chicago",123715,1,4
275,"Las Vegas",184731,1,4
603,"Miami",34984,0,0
550,"New York",67193,1,2
226,"Miami",38760,1,5
482,"New York",114901,0,0
557,"Miami",87706,1,2
411,"Las Vegas",139519,0,0
613,"Hawaii",111586,0,0
399,"Miami",37624,1,4
202,"Miami",83946,1,2
547,"Miami",118019,1,4
534,"New York",107868,1,5
398,"Washington",157664,1,5
361,"New York",197482,1,4
335,"Miami",194600,1,3
445,"Miami",47729,0,0
321,"Chicago",164338,1,5
377,"Miami",58695,1,3
341,"Chicago",172976,0,0
540,"Hawaii",163067,1,2
223,"Las Vegas",198138,1,2
571,"New York",140925,1,3
611,"New York",109001,0,0
526,"Hawaii",130993,1,4
265,"Washington",133768,1,3
406,"Las Vegas",198675,0,0
324,"Washington",179091,1,3
351,"Chicago",84474,1,3
278,"Washington",97822,1,4
400,"Las Vegas",71496,0,0
536,"Las Vegas",173316,1,3
385,"New York",187348,1,2
486,"Washington",44551,1,1
462,"Chicago",37337,1,3
506,"New York",182651,0,0
292,"Miami",70483,1,4
575,"Hawaii",103494,0,0
524,"Washington",164436,0,0
295,"Las Vegas",68210,1,2
272,"Las Vegas",112751,1,2
444,"New York",63247,1,2
231,"Hawaii",152147,1,1
359,"Las Vegas",177819,1,3
471,"Hawaii",159563,1,1
275,"Miami",177274,1,3
497,"Hawaii",146444,1,2
413,"Chicago",81898,1,5
581,"New York",157375,1,5
331,"Las Vegas",149656,1,5
545,"Las Vegas",69181,1,2
623,"Washington",197562,1,5
464,"New York",96087,1,2
639,"Las Vegas",91033,0,0
540,"Hawaii",143181,1,1
640,"Chicago",101825,0,0
274,"New York",164094,1,5
555,"Hawaii",28084,0,0
257,"New York",199907,1,4
316,"Washington",122855,1,4
250,"Chicago",149469,1,2
536,"Las Vegas",72625,0,0
433,"New York",68755,1,5
554,"Las Vegas",180886,0,0
536,"Chicago",122508,0,0
592,"Washington",76083,1,5
568,"New York",41817,0,0
562,"Washington",182485,1,3
619,"New York",160034,1,4
435,"Las Vegas",175786,0,0
483,"Hawaii",136277,1,5
283,"Hawaii",73160,0,0
402,"Washington",143171,0,0
589,"Chicago",173061,1,2
314,"Miami",175485,1,2
572,"Hawaii",190854,1,4
470,"Washington",134553,1,1
276,"Hawaii",162054,1,2
413,"Washington",82590,0,0
557,"Hawaii",194688,1,3
368,"New York",176988,1,4
315,"Miami",181335,0,0
312,"Washington",102179,0,0
344,"Las Vegas",128698,1,2
271,"New York",42514,0,0
369,"Chicago",27773,1,4
273,"Chicago",131714,0,0
630,"Washington",47530,1,3
618,"New York",65506,0,0
407,"Washington",71095,1,5
470,"Hawaii",162622,1,4
394,"New York",54495,0,0
350,"Hawaii",191915,1,3
501,"Hawaii",187675,1,4
226,"New York",55062,1,4
238,"New York",166299,1,1
459,"Washington",74747,1,3
249,"Washington",80449,1,1
339,"Hawaii",49638,1,4
220,"Chicago",149629,1,4
410,"Hawaii",40664,0,0
472,"Miami",166798,1,3
388,"Las Vegas",70554,0,0
528,"Las Vegas",161900,0,0
552,"Las Vegas",27787,0,0
434,"Washington",118598,1,1
413,"Las Vegas",128716,1,4
544,"Hawaii",130731,1,5
393,"Las Vegas",136498,1,4
520,"Miami",198267,1,1
646,"Miami",112957,1,5
465,"New York",136289,1,2
588,"Las Vegas",139495,1,1
599,"Washington",55541,0,0
448,"New York",154583,0,0
464,"Las Vegas",193063,0,0
305,"Las Vegas",66102,1,1
443,"New York",92705,0,0
596,"Hawaii",155747,1,4
397,"New York",38712,0,0
279,"Las Vegas",142885,1,3
288,"Las Vegas",131982,1,1
416,"Las Vegas",100284,0,0
348,"New York",178114,1,2
561,"Las Vegas",175525,0,0
232,"Hawaii",115767,1,5
353,"Hawaii",169769,1,3
378,"Miami",130556,1,1
361,"Washington",48773,0,0
510,"Miami",85261,0,0
502,"Washington",155057,1,1
284,"Las Vegas",126019,1,3
450,"New York",25741,0,0
389,"Las Vegas",88280,0,0
381,"Washington",56138,0,0
460,"Las Vegas",129539,1,4
388,"Washington",48379,0,0
224,"Miami",143853,1,2
470,"New York",168023,1,4
329,"Miami",161368,1,2
506,"Miami",177874,1,5
364,"Chicago",92049,1,3
606,"Las Vegas",110349,0,0
584,"Las Vegas",102262,0,0
352,"Chicago",57408,0,0
624,"Las Vegas",55413,0,0
608,"Washington",164354,1,5
212,"New York",136662,1,2
232,"Las Vegas",110212,1,5
517,"Chicago",78021,1,4
317,"Hawaii",36677,0,0
282,"Hawaii",85421,0,0
240,"Miami",171441,1,3
543,"Hawaii",122460,1,2
480,"Las Vegas",169175,0,0
363,"Hawaii",31181,1,1
498,"Las Vegas",130276,1,5
528,"Hawaii",174397,1,2
239,"Las Vegas",182513,1,4
251,"New York",46854,1,2
434,"Las Vegas",189449,1,5
625,"New York",160878,1,3
281,"Las Vegas",196518,1,4
455,"New York",84302,0,0
510,"Chicago",174410,1,5
200,"Washington",184020,1,4
227,"Las Vegas",189178,1,3
485,"Miami",144910,1,2
563,"Miami",91257,0,0
647,"Las Vegas",110672,1,5
417,"New York",188896,1,1
628,"Miami",109521,1,3
268,"Miami",53221,1,3
631,"Las Vegas",95715,0,0
410,"Hawaii",193835,1,5
273,"Hawaii",196814,1,3
378,"Chicago",86706,1,5
567,"Miami",188878,1,2
361,"Las Vegas",43084,0,0
642,"New York",108631,1,1
230,"Washington",57368,1,2
504,"Washington",83246,1,5
326,"Washington",103351,0,0
328,"Las Vegas",78716,0,0
394,"Las Vegas",30821,1,3
552,"Las Vegas",46366,0,0
231,"Chicago",158750,1,1
582,"Las Vegas",95670,0,0
478,"New York",181247,1,3
305,"Washington",114259,1,3
612,"New York",33926,0,0
550,"Washington",124867,1,2
552,"Las Vegas",193737,0,0
307,"Miami",28465,1,4
296,"New York",189277,1,2
603,"Miami",133642,1,2
315,"Miami",88970,1,3
510,"Washington",105524,0,0
344,"Washington",142742,1,2
509,"Chicago",39477,0,0
527,"Las Vegas",56960,1,5
463,"New York",57067,0,0
418,"Chicago",78634,0,0
229,"Hawaii",114437,1,1
278,"Washington",132868,1,3
577,"Chicago",132936,1,1
229,"Miami",169985,1,3
633,"New York",47709,0,0
520,"Chicago",67952,0,0
387,"Miami",47082,1,1
267,"Chicago",95671,1,3
439,"Las Vegas",172418,1,5
511,"Chicago",151445,1,3
416,"Washington",92823,1,4
438,"New York",133828,0,0
387,"Washington",178539,1,5
544,"Miami",100313,1,4
319,"Miami",167898,1,3
588,"Hawaii",77100,0,0
602,"Chicago",108486,1,2
235,"Miami",57458,1,5
516,"Las Vegas",36185,1,4
581,"Miami",54268,0,0
501,"Chicago",121371,0,0
539,"Chicago",152100,1,3
550,"New York",91606,0,0
371,"Washington",135022,1,2
359,"Las Vegas",109780,1,2
421,"Las Vegas",54936,1,2
226,"Las Vegas",143311,1,4
509,"Washington",185337,1,1
631,"Las Vegas",77478,0,0
535,"Washington",25573,0,0
274,"Hawaii",168559,1,3
219,"New York",84361,0,0
429,"Hawaii",130387,0,0
617,"New York",123864,0,0
613,"Miami",78197,0,0
236,"Miami",27160,1,2
381,"Washington",87561,0,0
208,"Washington",183156,1,1
635,"Las Vegas",197288,1,5
574,"Chicago",76417,0,0
203,"Las Vegas",112119,1,1
229,"Las Vegas",177649,1,3
424,"Washington",199175,1,5
385,"Las Vegas",79714,1,1
580,"Las Vegas",143878,1,4
240,"New York",35557,1,5
515,"Miami",154941,1,1
216,"Las Vegas",156376,1,5
454,"New York",31576,1,2
348,"Hawaii",91704,1,1
570,"Las Vegas",169665,1,1
534,"New York",106838,1,1
511,"Las Vegas",38223,0,0
481,"Las Vegas",92251,1,1
452,"Chicago",78743,1,2
317,"Miami",103250,0,0
216,"Miami",125892,1,4
422,"New York",70743,1,4
575,"New York",28820,0,0
407,"New York",81144,1,5
518,"Las Vegas",191163,0,0
421,"Washington",86024,1,2
404,"Las Vegas",161302,1,5
348,"Miami",172807,1,4
217,"Miami",82399,1,1
488,"Las Vegas",40441,1,4
467,"Washington",178014,0,0
263,"Miami",158314,1,5
357,"Las Vegas",39062,1,4
491,"Chicago",106936,1,2
491,"Hawaii",86427,1,5
365,"Washington",161446,1,1
357,"New York",41099,1,2
366,"Chicago",112316,1,2
614,"Chicago",115368,0,0
542,"Las Vegas",29280,0,0
265,"Las Vegas",159875,1,5
351,"Miami",34291,1,1
310,"Hawaii",40759,1,1
273,"New York",53493,1,1
638,"Washington",169101,1,5
252,"Chicago",111210,1,1
232,"Hawaii",58429,0,0
537,"Las Vegas",116427,1,4
260,"Hawaii",139296,1,3
204,"Las Vegas",87492,1,2
585,"Washington",69368,0,0
352,"Las Vegas",86363,0,0
421,"Las Vegas",146494,1,2
457,"Miami",127091,1,4
251,"Hawaii",180458,1,2
238,"Miami",42225,1,4
590,"Washington",46160,0,0
426,"Las Vegas",75549,1,5
422,"Washington",132547,1,2
537,"Hawaii",45155,0,0
278,"Chicago",73434,0,0
215,"Miami",185482,1,4
464,"Las Vegas",180010,1,2
284,"New York",28429,0,0
287,"Miami",112185,1,1
632,"Las Vegas",28979,0,0
273,"Miami",69013,1,2
315,"Miami",33422,0,0
464,"Miami",166929,1,1
275,"Las Vegas",106586,1,3
490,"Hawaii",120678,1,5
288,"Miami",110510,1,2
439,"Las Vegas",196230,1,5
349,"Miami",79229,0,0
459,"Miami",53539,0,0
458,"New York",74733,0,0
325,"Hawaii",185374,1,4
308,"New York",152332,1,2
607,"Miami",156510,1,2
461,"New York",41757,1,3
418,"Chicago",90943,1,1
541,"Washington",107403,1,5
220,"Washington",120049,0,0
484,"New York",102696,1,3
481,"Washington",40552,0,0
548,"Hawaii",67174,1,4
380,"Las Vegas",67502,1,1
295,"Chicago",127112,1,1
489,"Las Vegas",101168,0,0
403,"Washington",162773,1,4
452,"New York",144011,1,5
536,"Hawaii",78291,1,5
262,"Las Vegas",135808,1,5
435,"Chicago",66479,0,0
257,"Las Vegas",115722,1,1
463,"Las Vegas",195403,1,2
293,"Washington",118997,1,3
434,"Las Vegas",101329,1,1
585,"Hawaii",191383,1,3
458,"Las Vegas",25467,0,0
504,"Chicago",93038,1,5
421,"Miami",149506,1,3
630,"Chicago",133325,0,0
261,"Hawaii",164555,1,4
387,"Miami",72965,1,3
456,"Miami",101447,0,0
483,"New York",28836,0,0
346,"Washington",185056,0,0
579,"Chicago",32673,0,0
616,"Miami",75954,1,4
605,"Las Vegas",73458,0,0
334,"New York",119930,1,5
444,"New York",47461,1,2
452,"Las Vegas",53047,1,5
572,"Miami",41483,1,4
211,"New York",92641,1,3
458,"Las Vegas",146170,1,5
315,"Hawaii",56891,0,0
511,"New York",128416,1,1
292,"New York",33364,0,0
280,"New York",46012,1,2
601,"Las Vegas",109244,0,0
408,"Las Vegas",95064,1,5
398,"Hawaii",33763,0,0
464,"Hawaii",95982,0,0
451,"Las Vegas",104343,1,2
480,"Miami",163694,1,5
478,"Miami",177976,1,2
266,"Hawaii",49642,1,4
334,"Las Vegas",81173,1,5
544,"New York",141873,1,5
478,"New York",27491,0,0
494,"Las Vegas",111189,0,0
620,"Las Vegas",95983,0,0
474,"Hawaii",108671,0,0
529,"Washington",91489,1,4
274,"New York",76869,1,1
543,"Washington",61810,0,0
552,"Miami",149159,1,1
291,"Miami",194349,1,3
384,"Miami",50264,0,0
457,"Hawaii",68945,1,1
419,"Las Vegas",95109,0,0
477,"Las Vegas",190567,1,3
322,"Las Vegas",151867,0,0
315,"Las Vegas",80387,1,2
553,"Miami",153729,1,3
446,"Miami",117923,1,5
275,"Hawaii",78933,0,0
639,"Miami",100729,0,0
420,"Hawaii",174873,1,2
274,"New York",75615,0,0
296,"Washington",135952,1,4
519,"Hawaii",58843,0,0
246,"Chicago",41159,1,4
264,"New York",61967,1,5
384,"Chicago",168885,1,4
487,"Las Vegas",61804,0,0
211,"Chicago",188486,1,2
267,"New York",132178,1,5
316,"Hawaii",199384,1,1
525,"New York",88006,1,1
394,"Hawaii",40660,1,5
246,"New York",97218,1,2
373,"Las Vegas",174892,1,3
429,"Washington",111550,0,0
434,"Miami",115082,1,4
610,"Hawaii",108708,1,5
278,"Las Vegas",133211,1,2
385,"Washington",46190,0,0
387,"New York",87202,1,1
406,"Miami",103302,1,4
216,"Washington",131163,1,5
614,"Hawaii",67021,1,4
539,"Washington",121730,0,0
641,"Hawaii",104761,0,0
598,"New York",98647,1,2
647,"Las Vegas",61488,0,0
369,"Hawaii",169449,1,1
356,"Chicago",88651,1,1
550,"Chicago",87778,0,0
266,"Hawaii",99349,0,0
426,"Hawaii",92409,0,0
534,"Washington",198823,0,0
291,"Washington",156173,1,3
501,"Miami",31365,1,5
400,"Las Vegas",181274,1,3
605,"Miami",122368,0,0
332,"New York",163556,1,2
452,"Chicago",107437,0,0
213,"Washington",148953,1,5
454,"Washington",73481,0,0
457,"Washington",41312,1,3
621,"Las Vegas",65464,0,0
503,"Hawaii",147221,1,5
454,"Chicago",112698,0,0
276,"Washington",199015,1,4
539,"Las Vegas",138617,1,1
337,"Las Vegas",132135,1,5
509,"Washington",96427,0,0
255,"Miami",184930,0,0
417,"Las Vegas",39759,1,1
239,"Washington",62935,0,0
333,"Washington",161831,1,2
258,"Las Vegas",123241,0,0
366,"Washington",140400,1,4
412,"Miami",41302,1,1
212,"Miami",67642,0,0
397,"Washington",88527,0,0
605,"Miami",156082,0,0
302,"Chicago",124168,1,5
225,"Las Vegas",127807,1,2
342,"Las Vegas",76794,0,0
325,"Miami",87923,1,1
413,"Chicago",124266,1,5
360,"New York",135551,1,4
502,"Washington",37179,0,0
599,"Las Vegas",86158,0,0
387,"New York",158185,1,3
435,"New York",42571,1,1
352,"Hawaii",148724,0,0
572,"Miami",107606,1,3
274,"Washington",81338,0,0
373,"Las Vegas",197983,1,1
505,"New York",45596,0,0
629,"Washington",124387,0,0
304,"Las Vegas",167494,1,1
509,"Miami",80546,1,4
239,"Washington",174293,1,2
519,"Miami",149952,1,2
617,"Las Vegas",84024,0,0
564,"Miami",77400,1,3
279,"New York",49449,0,0
231,"Chicago",43828,0,0
449,"Hawaii",119796,1,1
423,"Hawaii",56941,0,0
572,"Chicago",128381,1,2
463,"Washington",173630,1,1
504,"Hawaii",195368,1,2
300,"Chicago",174930,1,3
345,"New York",29240,1,2
427,"Las Vegas",81853,0,0
625,"New York",33657,0,0
306,"New York",185935,1,2
322,"Washington",174496,1,3
464,"Hawaii",68537,0,0
232,"Washington",104394,1,5
217,"New York",148074,1,5
534,"Chicago",31210,0,0
475,"Miami",26436,0,0
539,"Chicago",37592,0,0
318,"Las Vegas",122968,1,4
562,"Chicago",83696,1,5
572,"New York",194149,1,2
283,"Washington",108331,1,3
211,"Chicago",28974,0,0
353,"New York",123390,0,0
433,"New York",59783,0,0
648,"New York",188867,1,5
386,"Hawaii",193595,1,1
382,"New York",108360,0,0
572,"New York",114765,1,4
577,"Chicago",40159,0,0
226,"Washington",188083,1,5
406,"Miami",141138,1,1
331,"Chicago",139494,1,4
340,"Washington",42166,0,0
543,"New York",195788,1,2
207,"New York",113175,1,3
529,"Hawaii",108644,1,3
258,"Hawaii",71263,1,1
488,"Hawaii",100018,1,1
220,"Las Vegas",28552,1,2
476,"Hawaii",28228,0,0
255,"New York",31367,1,3
221,"Miami",47534,1,1
524,"Chicago",170082,1,4
561,"Hawaii",76866,0,0
545,"New York",147099,1,4
463,"Miami",170054,1,4
415,"New York",82582,1,4
216,"Washington",99461,0,0
308,"Washington",128465,1,2
394,"Hawaii",180818,1,4
508,"Las Vegas",84760,1,1
573,"New York",195754,1,4
271,"Miami",31928,0,0
542,"Miami",155521,0,0
395,"New York",189848,0,0
319,"Las Vegas",128990,0,0
389,"Las Vegas",90752,0,0
568,"Miami",36940,0,0
631,"Las Vegas",141832,1,4
356,"Washington",172850,1,2
569,"Las Vegas",68966,0,0
492,"Hawaii",194022,1,4
291,"Las Vegas",107722,1,1
571,"Chicago",91194,0,0
532,"Chicago",43161,0,0
493,"Washington",94819,0,0
300,"Hawaii",187289,1,1
316,"New York",169108,1,5
379,"Las Vegas",92966,1,4
557,"Hawaii",103525,0,0
528,"Chicago",103806,1,4
619,"Chicago",34699,0,0
204,"New York",73330,1,5
279,"Chicago",48193,0,0
478,"Hawaii",52521,1,1
392,"Washington",179421,0,0
334,"Hawaii",175643,1,1
579,"Las Vegas",189087,0,0
313,"Washington",90331,1,4
289,"New York",92343,1,1
216,"Miami",155287,1,1
219,"Hawaii",162369,1,1
447,"New York",93303,1,2
340,"Washington",35340,1,5
279,"Las Vegas",82785,1,3
586,"New York",92327,0,0
629,"Washington",134695,1,5
239,"Las Vegas",86589,1,3
477,"Washington",31012,0,0
381,"New York",128712,0,0
276,"New York",195185,1,2
574,"Hawaii",75718,1,1
501,"Las Vegas",87574,1,3
433,"Hawaii",87906,1,5
437,"Miami",61352,0,0
522,"Hawaii",119070,1,5
590,"Chicago",62433,0,0
627,"Chicago",53858,0,0
603,"Miami",49166,1,5
567,"Chicago",51784,0,0
268,"Las Vegas",148313,1,1
525,"Chicago",164937,1,3
490,"Las Vegas",73097,1,4
510,"Las Vegas",53200,0,0
283,"Chicago",127626,1,2
256,"Washington",175553,1,4
455,"Chicago",91538,0,0
560,"New York",37113,0,0
579,"Las Vegas",57897,0,0
518,"Miami",96036,1,3
599,"Las Vegas",180911,0,0
496,"Miami",27686,0,0
267,"Washington",167842,1,2
435,"Miami",123906,0,0
324,"New York",71346,1,2
246,"Hawaii",128696,1,2
214,"Miami",101455,1,4
452,"Hawaii",154309,1,3
540,"Miami",143336,1,5
603,"Hawaii",53253,0,0
543,"Las Vegas",32960,0,0
322,"Washington",26213,1,2
529,"Washington",96135,1,2
216,"Miami",88854,0,0
476,"Chicago",154753,1,2
635,"New York",37762,1,3
480,"Las Vegas",109304,0,0
329,"Las Vegas",92804,1,3
351,"Hawaii",30378,1,5
593,"Las Vegas",169710,1,2
303,"Hawaii",183496,1,5
530,"Washington",154767,1,5
367,"Chicago",112957,0,0
628,"Las Vegas",174602,0,0
645,"Chicago",62187,1,2
417,"Washington",140532,1,1
476,"Miami",34222,1,1
372,"Washington",118360,1,3
367,"Washington",161134,1,2
631,"New York",191383,0,0
479,"New York",127014,1,1
643,"Las Vegas",132782,0,0
348,"Miami",113354,1,2
481,"Hawaii",149063,0,0
606,"New York",172867,1,1
455,"Las Vegas",165834,1,5
561,"Chicago",174381,0,0
547,"Las Vegas",86851,1,1
211,"New York",184949,1,5
313,"Hawaii",77054,1,1
325,"Miami",134576,1,5
511,"Las Vegas",40653,0,0
234,"Miami",53181,1,3
273,"Washington",112248,1,5
425,"Washington",82739,1,5
372,"New York",154185,1,5
422,"Washington",161946,1,4
554,"Hawaii",79298,1,4
557,"New York",134997,1,5
300,"Miami",140361,1,3
255,"Hawaii",38848,1,2
561,"Las Vegas",116570,0,0
246,"New York",171661,1,2
512,"Hawaii",139895,0,0
376,"New York",41332,0,0
616,"Miami",69593,1,2
224,"Washington",51779,0,0
643,"Las Vegas",88417,0,0
561,"Chicago",65970,0,0
327,"New York",82481,1,2
350,"Las Vegas",118382,1,3
493,"Hawaii",111233,0,0
239,"Hawaii",163628,1,3
623,"New York",142775,1,3
360,"Miami",163365,1,3
460,"Washington",90078,0,0
539,"Miami",162789,1,3
315,"Miami",32116,0,0
603,"Las Vegas",140747,0,0
272,"Miami",73274,1,4
610,"New York",156897,0,0
614,"Las Vegas",44383,0,0
494,"Miami",42286,0,0
648,"New York",64989,0,0
498,"New York",197509,1,1
266,"Las Vegas",130808,1,3
525,"Chicago",199054,1,5
445,"Las Vegas",131514,1,5
640,"Washington",70818,0,0
226,"Miami",189081,1,3
264,"Miami",59576,0,0
437,"Hawaii",95415,0,0
508,"Miami",156538,0,0
371,"New York",74248,1,2
362,"New York",112898,1,4
423,"Washington",112511,0,0
601,"Miami",144913,1,5
649,"Miami",61267,0,0
633,"Chicago",80773,0,0
236,"Washington",152128,1,2
215,"Hawaii",86758,0,0
500,"Chicago",132956,1,1
222,"New York",78687,0,0
635,"New York",128159,0,0
332,"New York",54055,1,3
322,"Washington",173032,1,2
419,"Miami",132534,0,0
293,"New York",189707,1,2
303,"Hawaii",156557,1,5
434,"New York",84260,0,0
365,"Hawaii",161065,1,4
606,"New York",179164,0,0
309,"Miami",169873,1,1
365,"New York",129219,1,5
641,"Las Vegas",167395,0,0
269,"Hawaii",190485,1,1
288,"Miami",69586,1,5
438,"Chicago",190873,1,4
384,"New York",184768,1,1
210,"Washington",166502,1,3
391,"Las Vegas",37922,0,0
232,"Las Vegas",191677,1,5
600,"New York",62696,0,0
588,"Washington",106972,0,0
333,"Miami",149428,1,5
505,"Las Vegas",42300,1,3
246,"Las Vegas",157997,0,0
207,"New York",101780,1,3
592,"Miami",157739,0,0
529,"Washington",37695,0,0
610,"Washington",77811,0,0
205,"Washington",129283,1,1
218,"Washington",33742,0,0
347,"Chicago",99306,1,3
374,"New York",52592,1,1
478,"Hawaii",113788,0,0
407,"Hawaii",41424,0,0
234,"Washington",54264,0,0
418,"Chicago",49860,1,4
604,"Chicago",127261,0,0
351,"Hawaii",147913,1,2
599,"Miami",156071,1,5
285,"Washington",198963,1,1
312,"Washington",98980,1,4
586,"Hawaii",31128,0,0
591,"Las Vegas",110705,0,0
369,"Miami",65270,0,0
460,"New York",77867,0,0
420,"Miami",104972,1,1
534,"New York",100810,1,3
302,"Las Vegas",132570,1,2
537,"Las Vegas",60771,0,0
571,"Las Vegas",154180,0,0
245,"Chicago",52089,1,3
324,"New York",147123,1,1
210,"Hawaii",121437,1,1
468,"New York",123035,1,1
644,"Miami",47778,1,5
580,"Las Vegas",105968,1,5
466,"Miami",41940,0,0
355,"Miami",56311,1,3
491,"Washington",130238,1,3
217,"Las Vegas",94763,1,1
252,"Hawaii",149956,1,5
432,"Chicago",103283,1,5
592,"Miami",162823,1,3
246,"Chicago",123604,1,5
635,"Chicago",46982,0,0
627,"Miami",102594,1,5
622,"Washington",191293,0,0
541,"New York",105480,1,2
210,"New York",98781,1,2
392,"Chicago",185632,1,3
267,"Las Vegas",164791,1,5
394,"New York",105946,1,2
443,"Hawaii",35948,1,5
533,"New York",25320,0,0
541,"Miami",157105,1,4
611,"New York",38031,1,2
332,"New York",139155,1,3
450,"Hawaii",95608,1,2
288,"Chicago",143707,1,1
549,"Miami",86485,0,0
466,"Chicago",193619,1,4
444,"Las Vegas",86254,0,0
278,"Chicago",147197,0,0
608,"Las Vegas",171967,1,5
641,"Las Vegas",158863,1,1
645,"Hawaii",141481,0,0
215,"New York",118312,1,5
266,"Miami",199446,1,2
513,"Hawaii",120947,0,0
250,"Hawaii",95375,1,5
210,"Las Vegas",138014,1,1
206,"New York",46259,0,0
340,"Washington",148240,0,0
477,"Las Vegas",52323,1,5
619,"Miami",57305,0,0
306,"Miami",70501,1,5
591,"Hawaii",135238,0,0
590,"Chicago",99412,1,3
236,"Miami",80093,1,2
211,"Hawaii",28666,1,2
231,"Chicago",40973,1,1
460,"New York",169364,1,2
435,"New York",107235,1,5
496,"Las Vegas",68871,1,1
277,"Las Vegas",37301,0,0
233,"Miami",161450,1,3
496,"Miami",84752,1,5
207,"Las Vegas",67785,0,0
273,"Miami",128058,1,3
473,"Chicago",62201,1,3
224,"New York",49189,0,0
229,"Hawaii",106502,1,2
350,"New York",41665,1,2
260,"Miami",27387,1,1
250,"Miami",188072,1,2
332,"Washington",142062,0,0
588,"New York",134853,1,5
527,"Las Vegas",65204,0,0
366,"Las Vegas",88724,1,2
236,"Hawaii",177749,0,0
418,"New York",181873,1,4
279,"New York",108437,1,3
612,"Miami",63205,0,0
230,"New York",152888,1,5
636,"New York",147411,1,2
367,"Las Vegas",100557,1,2
415,"New York",89822,1,3
290,"Chicago",97803,1,1
484,"Las Vegas",150001,1,1
619,"Las Vegas",103019,1,1
607,"New York",145789,0,0
452,"Miami",151063,1,1
394,"Las Vegas",161313,1,5
637,"New York",126194,1,3
267,"New York",130748,1,1
362,"New York",186954,1,4
578,"New York",154550,1,3
548,"Las Vegas",63021,0,0
229,"Las Vegas",53375,0,0
401,"Washington",84366,1,2
381,"Washington",175876,1,5
331,"Las Vegas",25836,0,0
355,"Washington",30734,0,0
620,"Hawaii",56767,0,0
335,"New York",29720,0,0
610,"Las Vegas",99131,0,0
201,"New York",63176,1,1
334,"New York",194752,1,3
325,"Miami",116778,1,5
243,"Las Vegas",195536,1,3
604,"Washington",125088,1,5
458,"Hawaii",145593,1,3
344,"Miami",174363,1,2
632,"New York",100294,0,0
321,"Hawaii",174536,1,3
589,"Las Vegas",122568,1,4
314,"New York",75078,0,0
208,"Miami",113680,1,2
286,"Washington",154035,1,1
208,"Miami",109388,0,0
451,"New York",145688,1,4
457,"Hawaii",137508,1,1
526,"Chicago",179854,1,1
584,"New York",151479,0,0
617,"Chicago",113716,0,0
397,"Washington",129745,0,0
226,"New York",144267,1,5
325,"New York",131981,1,3
494,"Miami",81812,1,2
625,"Las Vegas",198312,1,3
398,"Washington",121717,0,0
638,"Miami",178837,0,0
476,"Washington",65446,1,4
449,"Hawaii",118858,0,0
268,"Miami",31275,1,2
390,"Chicago",132716,1,2
433,"New York",177433,1,4
476,"Miami",73517,1,3
256,"Miami",155578,1,5
366,"New York",129653,1,2
535,"Hawaii",91888,1,5
286,"Hawaii",112971,1,4
277,"New York",49410,0,0
226,"Washington",124550,1,3
436,"Washington",37449,0,0
348,"New York",108634,0,0
208,"Miami",83272,1,4
536,"Washington",88554,0,0
483,"Miami",144890,0,0
637,"Washington",173193,1,2
590,"Las Vegas",156120,1,3
412,"Chicago",141296,0,0
550,"Washington",109114,0,0
543,"Hawaii",93059,1,4
584,"Chicago",78269,0,0
542,"Miami",78080,1,5
239,"Hawaii",187994,1,1
508,"Washington",101650,0,0
395,"New York",100855,1,5
425,"New York",176455,1,5
412,"Washington",118477,1,5
433,"Miami",56877,1,1
544,"Hawaii",72447,0,0
496,"Washington",168645,0,0
395,"Hawaii",137412,1,1
388,"Las Vegas",27040,1,4
389,"Las Vegas",156248,1,5
266,"Miami",155172,1,1
629,"Miami",149264,0,0
309,"Hawaii",191170,1,1
588,"Miami",142087,1,1
589,"Las Vegas",166650,1,2
218,"Chicago",183780,0,0
347,"New York",52293,0,0
358,"New York",149394,1,2
382,"Washington",96108,0,0
272,"Miami",62892,1,3
625,"Las Vegas",153272,0,0
649,"Las Vegas",64681,0,0
517,"Miami",83330,0,0
340,"Miami",70930,1,4
315,"Miami",69218,1,5
594,"Hawaii",79760,0,0
611,"Miami",121498,1,5
442,"Las Vegas",193958,1,2
469,"New York",190028,1,2
444,"Hawaii",73901,0,0
477,"Chicago",57925,0,0
510,"Las Vegas",113526,1,5
556,"Miami",158783,1,5
399,"Washington",150366,1,4
424,"New York",82838,1,2
559,"Las Vegas",90752,0,0
416,"Washington",149673,1,4
520,"Hawaii",183224,0,0
480,"Las Vegas",128225,0,0
221,"New York",41601,0,0
365,"Chicago",130495,1,4
330,"New York",180006,1,3
354,"Miami",89797,0,0
335,"Washington",163954,1,4
572,"New York",96142,0,0
338,"Miami",198057,1,4
544,"New York",31601,0,0
585,"Washington",103450,0,0
436,"Hawaii",172843,0,0
619,"Miami",131610,0,0
580,"Hawaii",128458,0,0
280,"Hawaii",188225,1,3
222,"Washington",63775,0,0
518,"Las Vegas",37633,0,0
226,"New York",48050,1,1
254,"New York",104298,1,1
400,"Miami",144455,1,3
330,"Las Vegas",111045,1,4
389,"Washington",103959,1,3
478,"Hawaii",87172,1,1
580,"Las Vegas",99424,0,0
391,"Chicago",166182,1,2
353,"Las Vegas",101533,1,2
312,"Chicago",90121,1,2
231,"New York",89389,1,3
247,"Miami",73452,0,0
464,"New York",95691,0,0
370,"Miami",140567,0,0
281,"Las Vegas",148517,1,5
434,"New York",100628,0,0
569,"Chicago",47680,0,0
521,"Washington",135548,0,0
233,"Washington",172370,1,5
286,"New York",35651,0,0
210,"Washington",179559,1,2
525,"Chicago",121556,1,4
390,"Chicago",125317,0,0
255,"Las Vegas",178039,1,2
305,"Miami",128668,1,2
332,"Chicago",60753,0,0
638,"Miami",142989,1,3
503,"Washington",28264,0,0
280,"Washington",99973,1,1
310,"Las Vegas",150836,0,0
397,"New York",196209,1,1
298,"Miami",30076,1,4
480,"Washington",95248,0,0
417,"Miami",94589,1,4
546,"Miami",179681,1,4
431,"Hawaii",186377,1,3
343,"Miami",50176,0,0
571,"Miami",58088,0,0
618,"Chicago",29773,0,0
383,"Las Vegas",42410,0,0
270,"Miami",96355,0,0
220,"Hawaii",126068,0,0
563,"Las Vegas",180779,1,3
315,"Las Vegas",136684,1,2
499,"Washington",89509,1,2
319,"Washington",99543,0,0
262,"New York",136773,1,1
279,"Las Vegas",137475,1,2
415,"Hawaii",97305,0,0
482,"Chicago",131734,0,0
616,"Hawaii",140520,0,0
647,"Miami",186669,0,0
316,"New York",195553,1,1
554,"Miami",172955,0,0
315,"Las Vegas",31147,1,3
397,"Las Vegas",169687,1,2
586,"New York",42413,0,0
512,"Miami",71318,1,4
351,"Chicago",160407,1,1
616,"Chicago",34801,0,0
396,"New York",55711,0,0
370,"Miami",102574,1,3
563,"Las Vegas",88426,1,2
536,"New York",45701,1,5
456,"Miami",189801,1,2
521,"Washington",175168,1,5
343,"Washington",184902,0,0
403,"Las Vegas",75565,0,0
620,"Hawaii",73903,1,1
435,"Chicago",98289,1,4
349,"Washington",48945,1,5
534,"New York",195841,1,2
556,"New York",66392,0,0
420,"Washington",118190,0,0
531,"Las Vegas",130785,0,0
365,"Hawaii",48467,0,0
350,"Miami",131882,1,1
324,"Miami",172538,1,4
648,"Washington",53013,0,0
477,"Miami",30187,0,0
376,"Las Vegas",181268,0,0
415,"Miami",180501,1,4
219,"New York",120935,1,2
360,"Las Vegas",192557,1,4
393,"New York",99001,1,5
457,"Las Vegas",25882,0,0
483,"Miami",81208,1,1
299,"New York",80473,1,1
581,"Washington",178832,0,0
295,"New York",108058,1,4
542,"Las Vegas",33627,1,2
612,"Las Vegas",113801,0,0
329,"Washington",57059,1,1
285,"Las Vegas",146377,1,4
642,"New York",39273,0,0
481,"Hawaii",117728,1,5
629,"Washington",102012,0,0
275,"Hawaii",89815,0,0
334,"Hawaii",179069,1,2
384,"New York",109009,1,2
222,"Hawaii",99170,1,5
493,"Hawaii",150594,1,3
300,"New York",198566,1,1
270,"Las Vegas",78006,1,2
524,"New York",170311,0,0
526,"New York",62631,1,2
319,"Chicago",158543,1,1
464,"Miami",158394,0,0
554,"Miami",108698,0,0
369,"Chicago",143561,0,0
271,"New York",151246,0,0
469,"New York",55145,0,0
248,"New York",170599,1,4
438,"Miami",183521,1,2
529,"Miami",167831,0,0
290,"Miami",58515,1,1
443,"Miami",78026,0,0
237,"Chicago",92334,1,3
365,"Hawaii",159804,1,5
444,"Chicago",132601,1,2
401,"Washington",111356,1,2
271,"New York",124421,0,0
357,"New York",135081,1,2
419,"Hawaii",50596,1,5
212,"Chicago",92031,1,3
222,"Hawaii",76920,1,3
237,"Las Vegas",85224,1,5
279,"New York",186777,1,1
544,"New York",188550,0,0
473,"New York",54214,1,5
532,"Las Vegas",39199,0,0
583,"New York",85430,0,0
649,"Las Vegas",100889,0,0
455,"New York",126282,0,0
231,"Chicago",29019,1,2
272,"Hawaii",108905,1,5
357,"Miami",146343,0,0
353,"Miami",74559,0,0
418,"Miami",122074,0,0
588,"New York",63120,0,0
521,"Las Vegas",167852,1,2
514,"New York",49925,1,5
266,"Miami",180243,1,5
553,"Hawaii",94624,0,0
464,"Washington",161363,0,0
578,"Miami",171418,1,4
296,"Miami",130705,1,3
491,"Miami",191527,0,0
425,"Hawaii",89766,1,4
590,"Hawaii",174535,0,0
225,"Las Vegas",53673,1,1
274,"Miami",66510,1,4
282,"Chicago",40754,0,0
478,"New York",177212,1,2
300,"Las Vegas",107639,1,1
365,"New York",130254,1,3
495,"Miami",50456,0,0
461,"Miami",98466,1,3
595,"New York",161372,0,0
608,"Miami",44337,0,0
284,"Washington",29247,1,3
512,"Las Vegas",105189,1,2
282,"New York",132184,1,2
319,"New York",93242,1,5
415,"Washington",77489,0,0
363,"New York",174349,1,2
362,"Las Vegas",154295,0,0
277,"Washington",157079,1,3
432,"Miami",159927,0,0
409,"Las Vegas",178760,1,4
324,"Hawaii",92848,1,5
339,"Washington",70038,1,3
339,"Hawaii",40500,1,3
554,"New York",37060,0,0
337,"Washington",30821,0,0
340,"New York",57300,1,3
396,"Chicago",123552,1,5
543,"Las Vegas",88848,1,4
431,"Hawaii",54510,1,2
544,"Washington",72926,0,0
534,"Hawaii",103832,1,4
349,"Miami",109861,1,4
461,"New York",98563,1,4
615,"Chicago",197533,0,0
500,"Miami",147927,1,5
430,"Las Vegas",26756,0,0
277,"Miami",71352,1,2
316,"New York",118217,1,1
413,"Las Vegas",126692,1,5
438,"Washington",128622,0,0
452,"Hawaii",182559,0,0
272,"New York",111999,1,4
251,"Washington",93758,1,5
534,"Miami",78280,1,4
301,"Miami",46800,1,5
283,"New York",72396,1,2
340,"New York",64169,1,3
606,"New York",175679,1,2
430,"Las Vegas",191454,1,3
209,"New York",126740,1,1
206,"Miami",72776,1,1
260,"Miami",155199,1,1
609,"New York",35429,1,5
365,"Hawaii",45272,0,0
482,"Hawaii",92543,1,4
309,"Washington",119872,0,0
527,"Miami",93226,0,0
610,"Miami",32896,0,0
508,"Hawaii",97591,0,0
414,"Hawaii",120201,1,3
463,"Las Vegas",46024,1,4
487,"Miami",80536,0,0
203,"New York",129851,1,5
542,"Las Vegas",177116,1,3
433,"Hawaii",109448,0,0
452,"New York",131823,0,0
416,"New York",40803,0,0
574,"Las Vegas",176130,0,0
216,"Las Vegas",72017,1,1
501,"Washington",188734,0,0
553,"Las Vegas",163862,1,2
541,"Washington",158648,1,1
232,"Chicago",29645,1,5
231,"Washington",137688,1,2
364,"Hawaii",44157,0,0
259,"Washington",100223,0,0
225,"New York",125298,1,4
206,"New York",36203,1,3
337,"Miami",126432,1,1
380,"Miami",115473,1,2
581,"Washington",92361,0,0
616,"Washington",133231,1,5
418,"Miami",152942,1,5
274,"Chicago",110950,1,1
368,"New York",155533,0,0
481,"Washington",29006,1,3
607,"New York",106402,0,0
502,"Las Vegas",86028,1,2
614,"New York",185721,1,2
467,"Washington",111806,0,0
369,"Las Vegas",78347,1,1
375,"Las Vegas",96953,0,0
303,"Las Vegas",33364,0,0
321,"Chicago",119093,1,1
509,"Las Vegas",196723,1,4
318,"Washington",196021,1,1
507,"Hawaii",50101,0,0
428,"Miami",27335,0,0
597,"Las Vegas",45036,0,0
606,"Washington",49002,1,2
261,"Las Vegas",196745,1,5
296,"Washington",168003,1,2
423,"Chicago",178369,1,2
403,"Washington",132849,1,3
505,"Las Vegas",51626,1,3
443,"Miami",82006,1,5
292,"Hawaii",78509,0,0
554,"New York",44500,1,1
244,"New York",183247,1,2
384,"Miami",118464,1,3
213,"Hawaii",134053,1,4
532,"Las Vegas",100424,0,0
417,"Hawaii",187770,1,2
230,"Washington",34123,0,0
418,"New York",194930,1,5
544,"New York",58479,0,0
347,"New York",180157,1,2
442,"Chicago",139708,0,0
411,"Las Vegas",168949,1,5
261,"Las Vegas",50993,0,0
228,"Las Vegas",133694,1,3
204,"Las Vegas",145240,1,4
553,"New York",49270,0,0
361,"Miami",155681,1,5
455,"Las Vegas",141208,1,4
537,"Washington",102575,0,0
323,"Hawaii",68055,0,0
481,"Las Vegas",115812,1,5
352,"Washington",97294,0,0
361,"Washington",128033,1,2
554,"Washington",71173,0,0
434,"Washington",147529,1,1
359,"New York",132353,1,4
453,"Hawaii",37159,1,4
642,"Las Vegas",100753,1,4
302,"Hawaii",50292,0,0
581,"Miami",39028,0,0
435,"Las Vegas",57408,1,2
303,"New York",183278,1,3
445,"Miami",169994,1,3
264,"Hawaii",38444,1,3
306,"New York",199450,1,3
533,"Washington",101953,0,0
460,"Chicago",160575,1,1
425,"New York",35874,1,5
480,"New York",162321,1,3
537,"New York",127393,1,4
515,"Las Vegas",28232,1,5
274,"Miami",127871,1,1
543,"Miami",46844,0,0
442,"Miami",176001,1,1
497,"Chicago",76914,1,2
413,"New York",172922,1,1
478,"Miami",114195,0,0
576,"New York",37672,1,2
408,"Miami",79665,0,0
470,"New York",70216,0,0
503,"New York",166545,1,2
364,"Washington",28840,1,2
246,"Hawaii",123711,1,2
370,"Chicago",175099,1,5
535,"Las Vegas",29119,0,0
459,"Chicago",193656,1,5
333,"Miami",95763,1,4
320,"Chicago",193585,1,1
646,"Hawaii",49861,0,0
467,"Washington",156745,0,0
324,"Hawaii",103531,0,0
236,"Chicago",75704,1,2
201,"Miami",183467,1,5
352,"Chicago",186525,1,5
612,"Hawaii",59975,0,0
570,"Miami",127365,1,3
324,"Chicago",175056,1,4
413,"New York",174658,1,1
526,"New York",55658,0,0
599,"Chicago",186438,1,3
465,"New York",70585,0,0
428,"Miami",191368,1,1
589,"Miami",128234,1,3
577,"New York",181135,0,0
282,"Miami",107088,1,4
482,"Las Vegas",30320,0,0
253,"Miami",198874,1,3
329,"Las Vegas",137739,1,3
585,"Hawaii",32899,0,0
563,"Chicago",38016,1,3
276,"Las Vegas",120485,1,3
570,"Hawaii",171680,0,0
228,"Miami",187903,1,2
274,"Miami",132221,1,5
552,"New York",105927,0,0
468,"Chicago",83310,0,0
413,"Chicago",111982,1,5
619,"Chicago",91720,0,0
645,"Hawaii",166556,1,5
455,"Miami",185820,0,0
485,"Chicago",87168,0,0
539,"Chicago",81897,0,0
363,"Washington",139644,1,2
610,"Miami",177065,1,4
319,"Hawaii",192898,1,4
461,"Hawaii",73115,0,0
629,"New York",133938,0,0
220,"New York",151726,1,2
250,"Miami",119983,1,5
391,"Las Vegas",145420,1,3
529,"New York",45744,1,1
558,"Las Vegas",43830,0,0
521,"New York",92211,1,3
270,"Chicago",140249,0,0
328,"New York",62687,1,1
369,"Miami",185612,1,3
622,"Las Vegas",65075,0,0
348,"Las Vegas",185147,1,1
302,"Las Vegas",140485,1,1
204,"Washington",60708,1,5
422,"Miami",170274,1,1
556,"New York",176590,1,2
493,"Hawaii",45154,1,4
273,"Chicago",155059,1,4
645,"Las Vegas",61766,0,0
240,"Washington",151365,0,0
529,"Las Vegas",29850,0,0
306,"Chicago",92845,1,4
631,"Chicago",103260,0,0
334,"Washington",36671,0,0
305,"Washington",178924,1,3
476,"Miami",72116,0,0
218,"Chicago",113145,1,5
227,"Miami",88498,1,5
566,"Las Vegas",132853,1,1
259,"Las Vegas",194327,1,1
223,"Chicago",64932,0,0
332,"Miami",150814,1,3
240,"New York",38570,1,3
432,"Washington",135558,0,0
528,"Washington",122018,0,0
584,"Hawaii",152228,1,2
415,"Hawaii",39369,1,2
334,"Chicago",86947,1,5
561,"Las Vegas",49614,0,0
480,"New York",142603,1,3
616,"Las Vegas",134683,0,0
592,"New York",110045,0,0
569,"Hawaii",134408,1,4
201,"Miami",146295,1,3
492,"Miami",117282,0,0
384,"Washington",163673,1,1
519,"New York",164824,1,3
556,"Miami",59574,0,0
451,"New York",98082,1,4
392,"Chicago",44408,0,0
630,"Washington",129572,1,1
548,"Washington",87140,0,0
434,"Miami",58754,0,0
391,"Hawaii",122938,0,0
556,"Hawaii",45039,0,0
562,"New York",188993,1,4
278,"Chicago",122630,1,4
454,"Washington",82538,1,2
432,"Las Vegas",50544,1,1
362,"Hawaii",149018,1,4
210,"Las Vegas",158328,1,2
442,"Washington",60670,1,2
450,"New York",30731,1,4
347,"New York",110164,1,5
231,"Hawaii",169093,1,5
613,"New York",63065,0,0
401,"Chicago",75470,1,4
602,"New York",179369,0,0
382,"Las Vegas",181525,1,4
508,"Las Vegas",50710,0,0
576,"Chicago",72851,0,0
359,"Chicago",185446,1,4
317,"Washington",109965,1,2
329,"Hawaii",75007,1,2
314,"Washington",49168,1,3
286,"New York",171943,1,5
211,"Miami",92186,1,3
321,"Las Vegas",144292,0,0
530,"New York",195167,1,3
381,"New York",91147,1,1
588,"Miami",195828,1,2
491,"Las Vegas",97204,1,1
385,"Washington",45968,0,0
642,"New York",113341,1,1
619,"Chicago",114553,1,5
549,"Hawaii",139600,1,1
353,"Chicago",155554,1,2
316,"New York",152288,1,5
271,"New York",191764,1,2
592,"New York",172641,0,0
466,"Chicago",120131,1,2
238,"Washington",76487,1,1
539,"Las Vegas",189115,1,2
270,"Las Vegas",156828,1,2
230,"Washington",151300,1,5
254,"Hawaii",54850,1,2
223,"New York",74911,1,4
421,"Washington",188465,1,4
433,"Hawaii",130047,1,3
215,"Las Vegas",72022,1,5
508,"Washington",49277,1,3
615,"Chicago",95313,1,5
204,"Washington",125830,1,3
545,"Chicago",40721,0,0
220,"Miami",131266,1,3
588,"Miami",73719,1,4
479,"Washington",116968,1,4
418,"Hawaii",118521,1,1
566,"Miami",189091,0,0
584,"New York",54234,1,1
358,"Hawaii",62284,1,2
483,"Washington",50378,0,0
598,"Las Vegas",196285,0,0
580,"Chicago",49946,0,0
321,"New York",159956,1,4
310,"Las Vegas",74827,1,3
395,"Las Vegas",120048,1,1
318,"Washington",125001,1,3
610,"Miami",53322,0,0
511,"Hawaii",199167,0,0
410,"Las Vegas",30241,0,0
262,"New York",129375,1,4
430,"Las Vegas",44287,1,3
638,"Las Vegas",127166,1,5
283,"New York",122953,1,2
467,"Miami",84734,0,0
437,"Miami",72838,0,0
540,"Las Vegas",70383,0,0
317,"Miami",45710,1,3
478,"New York",64253,0,0
216,"Washington",186970,1,1
632,"Miami",165146,0,0
275,"Las Vegas",54312,1,5
339,"Chicago",53820,1,3
383,"Las Vegas",57244,1,3
402,"Las Vegas",62916,0,0
454,"Miami",67393,0,0
449,"New York",25981,0,0
586,"Miami",167514,1,1
392,"New York",35813,1,3
432,"Las Vegas",87393,1,2
438,"Miami",86593,1,2
402,"New York",180653,1,5
347,"Chicago",79457,1,3
590,"Washington",134279,0,0
565,"New York",121240,1,1
646,"Las Vegas",177264,1,4
395,"Miami",137111,1,2
410,"Las Vegas",84384,0,0
416,"New York",113575,1,5
596,"Washington",48839,0,0
432,"Las Vegas",27169,0,0
509,"Las Vegas",28444,0,0
280,"New York",74571,1,2
411,"Las Vegas",74725,0,0
509,"Las Vegas",146112,0,0
212,"Washington",35644,1,4
359,"New York",152829,1,4
275,"Miami",132876,1,1
464,"Hawaii",61467,0,0
330,"Miami",82673,1,3
442,"Hawaii",178694,1,2
260,"Hawaii",89031,1,2
489,"Washington",92080,1,4
255,"Hawaii",47914,1,5
497,"New York",161808,1,4
353,"New York",91092,0,0
478,"Hawaii",188348,1,4
573,"Las Vegas",31906,0,0
560,"New York",84906,0,0
280,"Las Vegas",178400,1,4
319,"Las Vegas",130432,1,3
446,"Washington",59943,1,5
351,"Miami",93966,0,0
389,"Miami",62591,0,0
497,"New York",53221,1,4
554,"Las Vegas",123313,0,0
279,"Las Vegas",186410,1,5
432,"Washington",89389,1,4
596,"Washington",61104,0,0
395,"Las Vegas",97137,1,4
388,"Hawaii",90437,1,3
326,"Hawaii",178993,1,5
411,"Miami",73207,0,0
566,"New York",30742,0,0
285,"New York",102615,1,5
593,"Hawaii",107888,0,0
584,"New York",81379,1,2
428,"Hawaii",77736,1,4
493,"New York",41561,1,1
650,"Las Vegas",143243,0,0
488,"Chicago",76298,0,0
424,"Chicago",132839,1,3
342,"Miami",138672,1,4
649,"New York",28588,0,0
304,"Las Vegas",48815,1,5
401,"New York",37801,0,0
319,"Chicago",151547,1,5
226,"New York",82097,1,1
630,"Chicago",130497,1,2
235,"Washington",193493,1,5
410,"New York",93948,1,2
286,"Washington",58044,0,0
642,"New York",84542,1,4
619,"Chicago",107019,1,5
434,"New York",184632,0,0
630,"Las Vegas",165591,0,0
518,"Hawaii",164510,1,5
495,"Chicago",199464,1,3
300,"New York",116228,1,3
480,"Miami",197974,1,2
595,"New York",82373,1,2
333,"Las Vegas",188882,1,2
361,"Washington",71509,0,0
312,"Miami",123894,0,0
513,"New York",190530,1,2
306,"New York",52565,1,1
244,"Las Vegas",94076,1,3
286,"Miami",98341,1,2
532,"Washington",180409,1,2
333,"Las Vegas",174347,1,3
501,"Miami",98294,0,0
320,"Miami",181116,1,5
205,"Las Vegas",112127,1,2
516,"Miami",99748,0,0
294,"Washington",73811,0,0
551,"Chicago",60975,0,0
269,"Hawaii",152809,1,2
625,"Miami",77845,0,0
568,"New York",125089,0,0
203,"Chicago",52182,0,0
521,"Las Vegas",139455,1,2
510,"Washington",199701,1,2
294,"Las Vegas",148692,1,5
369,"Washington",167230,1,4
387,"Chicago",159360,1,2
378,"Las Vegas",52031,0,0
552,"New York",140060,0,0
223,"Washington",49258,1,4
224,"Las Vegas",53227,1,1
419,"New York",177490,1,5
430,"Las Vegas",64174,1,5
298,"New York",85490,1,2
475,"New York",55888,0,0
488,"Las Vegas",125631,0,0
499,"Washington",84977,1,2
260,"New York",30376,1,4
264,"Hawaii",175848,1,4
650,"New York",89936,0,0
314,"Miami",56174,1,2
298,"Chicago",165844,1,2
502,"New York",168884,1,5
375,"Washington",183746,1,1
457,"Chicago",195847,1,1
249,"Washington",112982,1,5
558,"New York",177963,1,3
368,"New York",31144,0,0
576,"Chicago",89078,0,0
643,"Hawaii",107252,0,0
451,"Miami",188508,1,4
357,"New York",130130,1,3
634,"Las Vegas",29669,0,0
528,"Washington",68949,0,0
452,"Las Vegas",130473,1,2
278,"Washington",64853,0,0
489,"Washington",57064,1,4
622,"Washington",66133,0,0
500,"Las Vegas",157549,1,2
506,"Washington",195400,1,4
257,"New York",70253,1,4
307,"Miami",189063,1,1
450,"Washington",75648,1,2
466,"Miami",90282,1,4
368,"Hawaii",114846,0,0
357,"New York",28318,1,2
461,"Hawaii",193655,1,2
513,"Miami",59954,0,0
422,"Las Vegas",111047,0,0
294,"Chicago",70964,0,0
354,"Miami",83232,1,4
505,"New York",50971,0,0
254,"Miami",76436,1,3
624,"New York",161393,0,0
275,"New York",135605,1,1
603,"Miami",87664,0,0
208,"Las Vegas",179074,1,1
479,"New York",142721,1,4
474,"Chicago",167376,0,0
484,"New York",108319,0,0
397,"Las Vegas",44357,0,0
498,"Chicago",34043,0,0
533,"New York",119744,0,0
567,"Miami",135017,0,0
474,"Miami",120662,0,0
493,"New York",100588,1,4
314,"Washington",149880,1,4
527,"New York",53888,0,0
326,"Chicago",167275,1,3
532,"Washington",58676,0,0
244,"Washington",32639,0,0
466,"Miami",118813,0,0
299,"Washington",62093,1,4
544,"Washington",27439,0,0
647,"Las Vegas",184840,0,0
435,"Miami",41201,0,0
537,"Las Vegas",70113,0,0
580,"Miami",104829,0,0
249,"Chicago",142994,1,4
350,"Las Vegas",76364,1,5
206,"New York",41622,1,1
460,"Las Vegas",69292,0,0
322,"Las Vegas",82498,1,5
431,"Las Vegas",170721,1,3
509,"New York",195083,1,1
264,"New York",107727,1,5
475,"Washington",116764,1,5
598,"Washington",145885,1,5
320,"Las Vegas",27756,0,0
255,"Washington",33734,0,0
311,"Las Vegas",197681,1,1
607,"Miami",166493,1,4
475,"Hawaii",149415,1,2
264,"New York",94008,0,0
518,"Las Vegas",194142,0,0
273,"Las Vegas",78429,1,2
649,"Las Vegas",119977,0,0
562,"Hawaii",79219,1,2
389,"Washington",57815,0,0
410,"Las Vegas",153582,1,4
375,"Las Vegas",38661,0,0
215,"Hawaii",33855,1,2
497,"Chicago",51764,1,3
620,"New York",26736,0,0
316,"Hawaii",126860,1,1
203,"Miami",31812,1,5
570,"Chicago",164742,0,0
310,"Washington",179123,1,5
244,"Washington",114050,1,2
229,"Hawaii",129228,1,3
450,"Washington",81127,0,0
328,"Miami",171096,1,4
212,"New York",163870,1,4
441,"Washington",143170,1,1
522,"Washington",47864,0,0
366,"Washington",198195,1,4
385,"Miami",122098,1,4
327,"Hawaii",159651,1,2
622,"New York",61613,0,0
396,"New York",113150,0,0
264,"New York",153511,0,0
473,"Miami",108572,1,5
251,"Washington",120128,1,4
288,"Las Vegas",119877,1,3
609,"Chicago",154811,1,4
209,"Chicago",185201,1,2
447,"Miami",48237,0,0
280,"Washington",193598,1,1
218,"Washington",134503,1,4
213,"Chicago",189358,1,4
542,"Washington",116498,1,2
532,"Miami",113661,1,1
292,"Washington",58466,0,0
636,"New York",31082,0,0
495,"Las Vegas",35856,1,2
257,"Las Vegas",35645,1,3
584,"Washington",124373,1,5
285,"Washington",52445,0,0
420,"Chicago",191430,1,5
286,"Hawaii",94115,1,2
527,"Miami",44161,1,5
553,"Las Vegas",60761,0,0
626,"Washington",93525,0,0
431,"New York",43112,1,4
326,"Hawaii",147285,1,5
509,"Miami",98515,1,5
285,"New York",25809,1,2
551,"New York",52987,1,3
529,"Miami",114838,1,3
469,"Las Vegas",84754,0,0
457,"New York",188922,1,4
503,"Hawaii",198617,1,4
464,"Washington",37355,0,0
255,"New York",38171,1,4
500,"Miami",189639,1,5
414,"Washington",47932,0,0
463,"Washington",37333,1,2
321,"New York",195114,0,0
516,"Las Vegas",146404,0,0
243,"Las Vegas",78641,1,3
249,"Washington",75354,0,0
255,"Washington",73097,0,0
501,"Miami",194509,1,3
572,"Hawaii",90338,1,3
639,"Las Vegas",103178,1,1
244,"Miami",30144,1,4
423,"New York",199279,1,1
354,"Chicago",197279,1,1
352,"Las Vegas",46839,1,2
577,"New York",72614,1,2
516,"Chicago",150102,0,0
483,"Miami",114133,1,5
605,"Hawaii",198201,0,0
534,"Chicago",79924,0,0
417,"Hawaii",64859,1,1
483,"Miami",164111,1,1
516,"Miami",118662,0,0
398,"Hawaii",110931,1,1
346,"Miami",133204,1,3
206,"Hawaii",182977,1,1
315,"Las Vegas",151727,1,5
322,"Chicago",199691,1,2
343,"Chicago",186642,1,2
238,"Las Vegas",48201,1,1
609,"Hawaii",110800,1,1
359,"Hawaii",115638,1,1
622,"Miami",35258,0,0
641,"Washington",79519,1,5
258,"Chicago",62571,0,0
450,"Miami",105256,1,2
458,"Las Vegas",60874,0,0
306,"New York",98206,1,3
502,"New York",104892,1,4
566,"Miami",192252,1,3
235,"Miami",43722,1,5
510,"Las Vegas",194645,1,2
470,"Miami",71232,1,2
411,"Chicago",158435,1,4
352,"New York",176521,1,5
384,"Las Vegas",137274,1,4
216,"Hawaii",121132,0,0
399,"New York",63026,1,2
544,"Washington",192518,1,2
412,"Miami",150127,1,5
335,"Miami",112677,1,5
529,"Las Vegas",96212,0,0
230,"Miami",28247,0,0
448,"New York",60028,1,2
642,"Chicago",166965,0,0
319,"Miami",51485,1,1
555,"Washington",187471,0,0
559,"Las Vegas",158562,1,2
596,"Hawaii",72791,1,3
309,"Hawaii",92969,1,1
452,"Las Vegas",60008,0,0
607,"New York",47416,1,4
204,"New York",124519,1,4
274,"Washington",71100,1,5
317,"Las Vegas",155318,1,3
548,"New York",184544,1,1
232,"Chicago",59088,1,1
603,"New York",29295,0,0
342,"Hawaii",169042,1,1
600,"New York",157115,0,0
474,"Hawaii",170292,1,2
405,"New York",179085,1,5
516,"Las Vegas",146674,1,5
540,"Miami",178475,1,2
438,"Washington",45754,1,3
207,"New York",154058,1,4
235,"Las Vegas",87506,1,1
502,"Miami",34665,0,0
523,"Las Vegas",112961,1,5
405,"Chicago",101163,0,0
301,"New York",155243,0,0
527,"New York",38033,0,0
208,"Hawaii",63932,1,3
444,"Washington",71189,0,0
237,"New York",115047,1,3
606,"Miami",123511,0,0
553,"Miami",62205,1,2
395,"New York",136902,1,3
476,"Miami",168777,0,0
546,"Las Vegas",179198,1,4
297,"New York",127577,1,4
406,"New York",119124,0,0
200,"Hawaii",80622,0,0
535,"Las Vegas",108636,1,5
527,"New York",121762,0,0
249,"Washington",101744,1,5
522,"Hawaii",127581,1,2
528,"Washington",109383,1,3
392,"Washington",131424,1,1
357,"Las Vegas",51475,1,2
301,"New York",45134,1,4
494,"Miami",27389,0,0
235,"Miami",92902,1,1
286,"New York",35651,1,4
327,"Washington",148121,1,3
518,"Hawaii",166378,1,5
360,"Miami",91926,0,0
649,"Las Vegas",194805,0,0
279,"Washington",158683,1,3
622,"Hawaii",71053,0,0
265,"Las Vegas",133256,1,4
576,"Chicago",81894,0,0
586,"Las Vegas",72782,0,0
321,"Washington",96400,0,0
335,"Miami",53308,0,0
482,"Washington",158444,0,0
486,"Las Vegas",161419,1,2
397,"Washington",54108,0,0
471,"Miami",133244,1,5
211,"Hawaii",61923,1,1
501,"Miami",182216,1,3
382,"Las Vegas",89516,0,0
340,"Las Vegas",58858,1,3
369,"Hawaii",157362,1,4
523,"Miami",30049,1,2
409,"Washington",183573,0,0
451,"Miami",139335,1,2
334,"Hawaii",111638,0,0
599,"New York",170782,1,3
534,"Las Vegas",145283,1,5
451,"New York",105568,1,5
638,"Washington",43886,0,0
308,"Las Vegas",59463,0,0
594,"Miami",63850,0,0
627,"Las Vegas",151856,0,0
535,"Miami",37949,1,3
376,"Washington",54229,0,0
435,"Hawaii",46787,1,5
458,"Hawaii",167093,1,1
439,"New York",37474,0,0
626,"Miami",82308,1,1
594,"Hawaii",172347,1,2
480,"Las Vegas",40191,1,5
605,"Hawaii",80963,1,5
540,"Las Vegas",44148,1,2
325,"New York",137595,1,4
203,"Hawaii",78573,0,0
573,"Washington",141689,1,1
249,"Miami",125976,1,4
253,"Chicago",42183,1,3
271,"New York",155939,1,2
252,"Washington",130631,0,0
473,"Washington",54075,1,5
625,"Miami",179016,0,0
531,"New York",46781,0,0
432,"Miami",98171,1,3
237,"New York",135296,1,3
431,"Las Vegas",106789,1,5
556,"Las Vegas",70463,0,0
576,"Chicago",109731,0,0
650,"Miami",142855,1,1
390,"Las Vegas",86563,1,3
581,"Miami",170309,0,0
289,"Chicago",97148,0,0
283,"Las Vegas",45929,1,2
450,"Miami",136444,1,3
252,"New York",39877,0,0
220,"Miami",128475,1,1
318,"New York",135301,1,1
343,"Las Vegas",67839,0,0
625,"Miami",71012,0,0
397,"Washington",82541,1,4
404,"Chicago",146520,1,2
234,"New York",199649,1,5
368,"New York",165543,1,3
458,"Hawaii",30461,0,0
586,"Hawaii",32600,1,1
304,"Las Vegas",170207,1,1
631,"Hawaii",137628,1,1
590,"Hawaii",176665,0,0
301,"Miami",29229,1,1
375,"New York",33959,1,4
477,"Miami",51923,0,0
262,"Las Vegas",85609,1,4
322,"Las Vegas",65931,1,1
468,"New York",42853,1,5
272,"Miami",126600,1,4
415,"Miami",52292,0,0
582,"Miami",141525,0,0
432,"Chicago",132670,1,5
368,"Washington",76825,1,1
463,"Miami",153017,1,1
527,"Las Vegas",50462,1,3
356,"Hawaii",87975,1,4
272,"Las Vegas",46745,1,3
367,"Las Vegas",112774,1,2
470,"New York",52035,1,3
534,"New York",105717,0,0
208,"Chicago",121188,1,3
627,"Miami",139980,0,0
259,"New York",116084,1,3
212,"Hawaii",27397,0,0
580,"Miami",197716,1,5
401,"Las Vegas",196692,1,2
313,"New York",164619,1,2
576,"Las Vegas",90940,0,0
414,"New York",88650,0,0
254,"New York",85690,1,2
254,"Hawaii",51136,1,2
595,"Miami",195443,1,2
223,"New York",110325,1,5
359,"Washington",70220,1,1
387,"Miami",172715,1,2
542,"Las Vegas",141216,0,0
513,"Washington",143926,0,0
618,"Chicago",93783,1,3
274,"New York",151468,1,1
567,"Miami",104421,0,0
449,"Las Vegas",47579,1,4
599,"Miami",61436,1,3
622,"Chicago",60785,0,0
206,"Hawaii",154481,1,2
387,"Las Vegas",97659,0,0
246,"New York",188628,1,1
409,"Chicago",196822,1,2
524,"Las Vegas",147556,1,3
408,"Hawaii",178226,1,3
282,"New York",49602,1,4
460,"Las Vegas",90524,1,1
331,"Washington",47932,0,0
530,"Hawaii",183301,1,3
613,"Chicago",172479,1,1
317,"Chicago",104699,1,3
446,"Las Vegas",94466,1,2
544,"Las Vegas",44329,1,4
433,"New York",117493,1,2
298,"Las Vegas",53639,1,5
381,"Chicago",113902,1,4
452,"Miami",103636,1,4
225,"Las Vegas",109687,1,2
545,"New York",170577,1,1
214,"Hawaii",132402,1,3
259,"Las Vegas",143027,1,2
386,"Hawaii",174298,1,1
475,"New York",166734,1,4
487,"Washington",35315,1,5
490,"Washington",184960,0,0
242,"Las Vegas",49061,1,2
389,"Las Vegas",53256,0,0
216,"Miami",105792,1,1
342,"Washington",51733,0,0
605,"Washington",85845,1,3
308,"Miami",87074,1,4
512,"New York",194823,1,2
602,"Chicago",66063,1,1
508,"Washington",79975,1,2
249,"Miami",69561,1,2
569,"New York",63072,0,0
515,"Washington",99462,0,0
520,"Las Vegas",58970,0,0
403,"Hawaii",67992,1,3
266,"Las Vegas",45979,1,1
251,"Miami",183693,1,5
602,"New York",181291,1,1
288,"Las Vegas",72022,0,0
245,"Chicago",116494,1,3
278,"Washington",133358,0,0
342,"Chicago",156256,1,4
503,"New York",49472,0,0
484,"Washington",64528,0,0
376,"New York",138660,1,1
475,"Las Vegas",97369,0,0
599,"Chicago",119509,1,2
525,"Chicago",136107,1,2
422,"Chicago",195888,1,2
564,"New York",150351,1,2
338,"Miami",44485,0,0
294,"Miami",132650,1,3
333,"New York",82244,0,0
245,"Hawaii",99620,0,0
285,"Washington",74813,1,4
255,"Las Vegas",119282,1,5
414,"Hawaii",185893,1,5
523,"Las Vegas",79108,1,3
290,"Miami",163587,1,3
345,"Miami",159517,1,5
415,"Hawaii",33877,0,0
497,"New York",173166,0,0
497,"Washington",147996,1,2
597,"New York",28595,0,0
216,"Chicago",131708,1,2
313,"Hawaii",25204,1,1
349,"New York",179417,1,3
570,"Las Vegas",127789,1,2
480,"Hawaii",27562,0,0
317,"Washington",191135,1,1
420,"Chicago",42285,1,5
529,"New York",118659,0,0
251,"Hawaii",79277,1,2
431,"Hawaii",147967,1,2
495,"Chicago",177683,1,1
289,"Chicago",144719,0,0
419,"Miami",150958,1,2
573,"Miami",56623,0,0
587,"Washington",112229,1,2
544,"Las Vegas",132526,1,4
492,"Washington",106039,1,1
287,"Las Vegas",167855,1,5
287,"Miami",176439,1,2
432,"Miami",58421,0,0
540,"Washington",65476,0,0
647,"Washington",195538,1,4
358,"Chicago",85445,0,0
302,"Las Vegas",124100,1,2
521,"Chicago",37518,0,0
395,"Miami",59934,1,5
615,"Washington",126883,1,1
614,"Miami",139870,0,0
370,"Miami",177423,1,4
260,"Hawaii",178620,1,5
541,"Las Vegas",176421,1,3
646,"Hawaii",110484,1,5
219,"Miami",49864,0,0
314,"Las Vegas",118919,1,4
202,"New York",61520,1,2
335,"Las Vegas",105690,1,1
216,"Washington",116280,1,3
418,"Hawaii",134226,1,4
447,"Hawaii",197469,1,2
586,"Washington",61496,0,0
202,"Las Vegas",96383,0,0
650,"Las Vegas",100480,0,0
202,"Washington",125722,1,3
509,"Hawaii",65407,0,0
644,"New York",154977,1,2
530,"Miami",112767,1,1
482,"New York",59187,0,0
238,"Las Vegas",45070,0,0
473,"Washington",44544,1,1
450,"Chicago",106474,0,0
414,"New York",122848,0,0
204,"Miami",172758,1,1
605,"Chicago",135163,0,0
379,"Las Vegas",141366,1,2
383,"New York",45207,0,0
618,"New York",102386,1,2
549,"Miami",67378,1,1
390,"Las Vegas",199287,1,1
444,"New York",106107,1,2
415,"Las Vegas",133252,1,2
326,"New York",170117,1,5
432,"Miami",29825,0,0
284,"Miami",102118,0,0
403,"Las Vegas",148517,1,5
217,"New York",100527,1,3
443,"Washington",181813,1,3
412,"Chicago",41704,1,5
229,"Washington",186068,0,0
226,"New York",46887,1,3
342,"Hawaii",145554,1,5
343,"New York",172435,1,5
365,"New York",169817,1,2
253,"Miami",51856,0,0
522,"Las Vegas",162524,1,5
443,"Las Vegas",68035,0,0
462,"New York",182864,1,1
606,"Washington",57385,0,0
301,"New York",30900,0,0
575,"Washington",178296,1,2
561,"Miami",61391,1,4
287,"Miami",108629,1,4
601,"Las Vegas",63590,0,0
208,"Hawaii",125234,1,3
245,"Hawaii",91910,1,2
388,"New York",190394,1,1
458,"Washington",97171,1,5
260,"Hawaii",130165,1,2
302,"Chicago",85101,1,4
331,"Washington",177268,1,2
322,"Miami",113713,1,2
481,"Miami",52353,0,0
498,"Chicago",63894,1,1
410,"Las Vegas",56493,0,0
560,"New York",195994,1,4
645,"Chicago",133005,0,0
492,"Las Vegas",133698,0,0
429,"Hawaii",178336,1,5
333,"Chicago",98058,0,0
586,"Hawaii",78611,0,0
592,"Chicago",75998,0,0
269,"Miami",41492,1,3
582,"Miami",123879,0,0
386,"Miami",143070,1,3
273,"Las Vegas",89873,1,1
554,"Las Vegas",104613,0,0
480,"New York",119816,0,0
538,"Miami",134749,0,0
255,"Washington",125393,1,3
240,"New York",159333,1,2
618,"Miami",81679,1,2
321,"Washington",193839,1,5
473,"New York",180208,1,1
424,"New York",121591,1,4
586,"Washington",198435,1,3
395,"Hawaii",199590,1,4
493,"Hawaii",39658,0,0
332,"New York",47744,1,5
406,"Las Vegas",142014,1,5
252,"Washington",92809,1,3
548,"Miami",77774,1,3
619,"Hawaii",61954,1,2
261,"Hawaii",167840,1,5
551,"Washington",42003,1,2
234,"Miami",69098,0,0
589,"Hawaii",76700,0,0
319,"Chicago",135675,1,1
431,"New York",106910,1,3
472,"Washington",60833,0,0
588,"Hawaii",51993,1,5
353,"New York",92108,0,0
499,"Las Vegas",84028,0,0
344,"Miami",33193,1,3
405,"Chicago",149352,1,1
570,"Miami",89465,1,4
310,"Washington",68496,0,0
338,"Las Vegas",196701,1,2
248,"Las Vegas",142431,1,2
576,"Hawaii",134396,0,0
479,"Miami",98764,1,5
299,"Chicago",81002,1,1
577,"New York",174095,1,5
379,"Miami",199047,1,2
381,"Hawaii",28151,1,5
292,"Las Vegas",169476,1,2
282,"Hawaii",156011,1,4
351,"New York",108991,1,3
560,"Chicago",70785,0,0
255,"Miami",53937,1,1
264,"Hawaii",195730,1,2
503,"Las Vegas",38871,0,0
389,"Miami",54173,1,5
597,"Hawaii",153850,1,1
412,"Washington",116675,1,2
475,"Miami",87614,0,0
568,"Chicago",167748,1,4
630,"Hawaii",198068,0,0
218,"Washington",195724,1,5
223,"Miami",113169,1,2
523,"Miami",198605,1,1
302,"Washington",98237,0,0
274,"Washington",86569,0,0
515,"Las Vegas",75853,1,3
365,"Chicago",189578,1,2
532,"Washington",44293,0,0
427,"Hawaii",108162,1,3
483,"Chicago",114105,1,3
424,"Miami",34251,1,5
632,"New York",30431,0,0
400,"Washington",120022,0,0
629,"Miami",91251,0,0
273,"Chicago",61955,1,3
233,"Hawaii",35083,1,2
488,"Washington",150590,1,4
352,"Chicago",69410,1,5
481,"New York",110480,1,3
234,"Las Vegas",191270,1,1
341,"Las Vegas",38892,1,2
268,"Miami",105108,0,0
523,"Washington",29180,1,5
469,"Las Vegas",54337,1,3
619,"Hawaii",83896,0,0
487,"Las Vegas",38569,0,0
484,"Miami",65086,1,3
298,"Hawaii",45671,1,4
556,"Miami",123737,1,4
478,"New York",166371,0,0
503,"Miami",121689,1,3
305,"Chicago",195667,1,5
558,"Miami",138443,0,0
469,"Miami",96554,0,0
506,"Hawaii",135391,1,2
445,"Las Vegas",97039,1,3
379,"Chicago",46785,0,0
375,"Hawaii",81080,1,1
486,"Las Vegas",113459,1,1
276,"Hawaii",195757,1,4
546,"Las Vegas",86492,0,0
344,"Washington",31432,0,0
292,"Hawaii",59759,0,0
510,"Las Vegas",166109,0,0
465,"Washington",167780,1,2
340,"Hawaii",45939,1,1
598,"New York",107438,0,0
368,"Las Vegas",176793,0,0
317,"Hawaii",99806,1,2
264,"New York",152502,1,2
422,"Las Vegas",133569,1,5
349,"Las Vegas",156632,1,4
401,"Washington",124880,1,1
421,"Hawaii",47291,0,0
608,"Miami",83891,0,0
305,"Las Vegas",65864,1,1
291,"Chicago",183278,0,0
358,"Miami",26593,0,0
448,"Miami",30719,0,0
261,"Washington",60078,1,5
379,"New York",90971,1,4
548,"New York",42664,1,4
318,"Miami",198522,0,0
644,"Hawaii",100547,0,0
643,"Chicago",179945,1,5
351,"New York",99174,1,2
484,"Hawaii",140055,0,0
506,"Washington",63308,0,0
586,"Hawaii",54557,1,4
624,"Miami",71168,0,0
517,"Miami",164872,1,2
358,"Las Vegas",31985,1,1
570,"Hawaii",50569,0,0
357,"New York",159892,0,0
641,"Las Vegas",172756,0,0
534,"New York",131883,0,0
436,"Washington",190966,1,2
277,"New York",151763,1,4
570,"Miami",131231,0,0
394,"New York",170840,1,2
609,"Washington",53417,0,0
331,"Las Vegas",91870,1,2
610,"New York",36318,0,0
275,"Washington",194347,1,5
649,"Hawaii",52072,1,5
498,"Chicago",56461,0,0
476,"Miami",134645,1,4
400,"Hawaii",119357,1,3
436,"Las Vegas",143383,1,2
643,"Las Vegas",177400,1,2
470,"Miami",119261,1,1
201,"Miami",146321,0,0
586,"Hawaii",84054,1,5
533,"Miami",64116,0,0
577,"Chicago",49659,1,5
293,"Washington",58993,1,5
480,"Miami",81516,1,5
374,"Las Vegas",174961,1,5
506,"Las Vegas",122100,1,3
262,"Washington",86806,1,2
576,"Hawaii",57448,0,0
523,"Washington",76539,0,0
227,"New York",160859,1,3
611,"Miami",57632,0,0
607,"Las Vegas",110139,0,0
509,"Chicago",135442,1,4
280,"Hawaii",119488,1,5
281,"Miami",188851,1,1
465,"Las Vegas",65570,1,1
626,"Las Vegas",188261,1,5
632,"Miami",197333,1,5
396,"Las Vegas",174892,1,2
466,"New York",141040,1,5
457,"Miami",35503,0,0
312,"Miami",185416,1,4
416,"Miami",187009,1,1
353,"Miami",55686,0,0
387,"New York",164214,1,2
416,"Hawaii",154526,0,0
440,"Chicago",191757,1,5
270,"Miami",51592,1,4
268,"Las Vegas",49791,0,0
421,"Las Vegas",73273,0,0
594,"Chicago",49083,1,5
410,"Washington",67470,0,0
533,"Miami",96457,0,0
386,"New York",151716,1,2
439,"Miami",91004,1,1
493,"New York",31716,0,0
572,"Washington",151125,1,4
412,"Las Vegas",154971,1,2
250,"Hawaii",91512,1,2
344,"Miami",66664,1,5
587,"Miami",98478,0,0
343,"Hawaii",163803,1,3
463,"Las Vegas",49949,1,5
330,"New York",58036,1,4
512,"Chicago",157116,1,2
330,"New York",28416,0,0
346,"Hawaii",186400,1,2
336,"Las Vegas",115609,0,0
298,"Washington",101764,1,1
311,"New York",119122,1,1
332,"Miami",88692,0,0
284,"Chicago",164282,1,2
582,"Miami",148098,1,5
472,"Miami",112502,1,5
588,"Las Vegas",72630,0,0
437,"Hawaii",70664,1,1
623,"Hawaii",91761,0,0
610,"Hawaii",90785,0,0
414,"Chicago",46137,0,0
273,"New York",115614,1,5
301,"Chicago",80064,1,3
538,"Miami",77509,1,1
618,"Washington",190031,1,3
317,"Washington",122114,1,2
227,"Hawaii",82706,1,4
486,"Hawaii",128806,0,0
397,"Las Vegas",165995,1,1
215,"Chicago",134828,1,5
527,"Las Vegas",37406,0,0
293,"New York",141130,1,5
255,"Hawaii",178759,1,5
604,"Las Vegas",77091,0,0
227,"Washington",67830,1,3
566,"Washington",28035,0,0
509,"Las Vegas",29646,0,0
438,"New York",187536,1,1
626,"Washington",107248,1,4
409,"Chicago",96783,1,2
307,"Las Vegas",51532,1,5
335,"Chicago",187299,1,5
311,"Miami",124719,1,4
408,"Hawaii",113919,1,2
278,"Hawaii",109906,1,3
309,"Miami",62325,1,1
619,"Hawaii",198684,0,0
323,"Miami",181236,1,4
308,"Washington",150336,0,0
632,"Miami",173167,1,2
291,"Las Vegas",182477,1,3
557,"Las Vegas",64132,0,0
295,"Washington",182814,1,2
648,"Miami",106339,1,5
325,"Washington",119833,0,0
568,"Las Vegas",115475,1,2
324,"Las Vegas",107646,1,3
391,"Hawaii",94537,1,2
528,"Washington",33098,0,0
489,"Hawaii",141961,0,0
478,"Chicago",154794,1,1
467,"Miami",83127,1,2
507,"Las Vegas",173092,1,3
604,"New York",111878,0,0
319,"New York",58878,0,0
366,"Miami",84526,0,0
545,"Chicago",51224,1,3
639,"Las Vegas",75812,1,3
201,"Las Vegas",168820,1,3
306,"Miami",61088,0,0
592,"New York",163747,1,5
397,"Hawaii",192218,1,5
461,"Miami",74682,0,0
403,"Miami",85460,1,5
354,"Las Vegas",67373,1,4
386,"Las Vegas",131420,0,0
507,"Miami",79773,1,5
633,"Washington",153519,1,5
250,"Las Vegas",187484,1,1
316,"Las Vegas",59498,1,4
319,"Miami",114650,1,4
522,"New York",58681,1,1
445,"Miami",146312,1,3
222,"New York",186510,1,2
227,"Las Vegas",127984,1,3
262,"Las Vegas",103835,1,3
418,"Las Vegas",189779,1,4
558,"Hawaii",71125,1,3
418,"New York",33257,0,0
269,"New York",103323,1,4
376,"Hawaii",140069,1,2
430,"Washington",143480,0,0
244,"Hawaii",125545,1,2
284,"New York",116919,1,4
595,"Chicago",169744,1,4
360,"New York",145485,1,3
231,"Washington",136836,1,2
268,"Chicago",63742,1,3
231,"Chicago",43886,1,1
415,"Miami",118883,1,1
326,"Hawaii",49799,1,3
443,"New York",157829,0,0
623,"Hawaii",84115,1,2
359,"New York",146908,1,2
444,"Chicago",82241,1,3
211,"Hawaii",103871,1,5
471,"New York",171904,1,1
350,"Hawaii",55461,0,0
387,"Miami",172005,1,3
209,"Hawaii",68185,1,1
473,"Chicago",89284,1,3
298,"Miami",60467,1,5
532,"Hawaii",56522,0,0
497,"Chicago",96484,0,0
542,"Hawaii",186435,0,0
326,"New York",59077,1,3
612,"New York",191048,0,0
254,"New York",112942,0,0
298,"Miami",116363,1,5
549,"New York",168452,0,0
397,"Washington",70198,1,3
233,"Las Vegas",126974,1,4
497,"Miami",69875,1,2
271,"New York",135711,1,2
558,"Las Vegas",137477,0,0
485,"New York",131144,1,3
366,"Miami",148171,0,0
214,"Las Vegas",39085,1,5
534,"Las Vegas",199349,1,4
525,"Miami",180815,0,0
331,"Miami",122519,1,3
476,"Washington",177210,1,1
365,"New York",146626,1,5
547,"Hawaii",44873,0,0
580,"Chicago",44967,0,0
579,"Las Vegas",177371,1,4
213,"Hawaii",141649,1,3
243,"New York",77793,1,5
464,"New York",103818,0,0
399,"Las Vegas",41087,1,1
570,"New York",185185,1,1
214,"Las Vegas",33893,0,0
364,"New York",85507,1,1
591,"New York",179538,1,2
530,"Las Vegas",35479,0,0
622,"Washington",124326,0,0
308,"Chicago",88733,1,4
610,"New York",46224,1,1
456,"Washington",58710,0,0
420,"Washington",87648,1,2
427,"New York",150192,1,1
394,"Chicago",27245,1,1
420,"Miami",119294,1,1
379,"Washington",117882,1,3
245,"Miami",126033,1,2
578,"Chicago",180411,1,3
396,"New York",186668,1,1
321,"New York",158246,1,2
294,"Washington",157381,1,3
288,"New York",119902,0,0
362,"Hawaii",75096,0,0
500,"Chicago",107787,1,5
581,"Chicago",109040,1,2
288,"Las Vegas",150321,1,3
328,"Hawaii",94086,1,3
395,"Las Vegas",188385,1,1
419,"New York",187815,1,4
541,"New York",150255,1,3
443,"Miami",189094,1,3
635,"New York",83671,0,0
391,"New York",53066,0,0
277,"Chicago",158574,1,4
555,"Las Vegas",39157,1,3
283,"Hawaii",54752,0,0
417,"Washington",187586,1,2
322,"New York",93520,1,2
453,"Miami",104212,1,4
638,"Las Vegas",160491,0,0
284,"Chicago",33713,1,5
527,"Hawaii",88975,1,5
358,"Chicago",130020,1,3
497,"Las Vegas",102675,1,1
316,"Las Vegas",58365,0,0
290,"Las Vegas",182302,1,1
507,"Las Vegas",63018,1,1
240,"Washington",89911,1,4
594,"Las Vegas",123705,0,0
520,"Washington",194003,1,1
345,"Hawaii",36897,1,1
638,"Miami",188384,1,2
206,"New York",136313,0,0
323,"Miami",133809,1,4
290,"New York",60116,1,5
324,"Las Vegas",104310,0,0
279,"New York",139015,1,2
596,"Hawaii",79629,0,0
597,"New York",187293,0,0
636,"Las Vegas",104850,1,4
451,"Hawaii",77604,0,0
206,"Miami",186489,1,4
624,"Washington",174496,0,0
426,"Washington",196217,1,5
495,"Miami",56030,0,0
432,"Miami",93469,1,5
227,"New York",55999,1,2
529,"Miami",62971,0,0
510,"Miami",113863,1,1
519,"Las Vegas",123903,0,0
302,"Las Vegas",86838,0,0
361,"Chicago",151538,1,1
425,"Washington",42908,1,3
629,"Washington",39546,0,0
407,"Miami",56833,0,0
232,"New York",46425,0,0
399,"Las Vegas",192271,1,4
406,"Washington",104056,1,5
367,"Miami",83216,1,2
388,"Miami",169272,1,1
638,"Washington",28532,0,0
208,"Hawaii",144862,1,1
621,"Las Vegas",137263,1,3
650,"Las Vegas",140583,1,1
284,"Washington",57867,0,0
593,"Miami",138650,0,0
460,"Miami",34864,0,0
582,"Las Vegas",89877,1,5
594,"Miami",109747,0,0
438,"Chicago",194127,1,4
589,"New York",27435,0,0
519,"Las Vegas",161730,1,5
283,"Hawaii",26352,0,0
303,"New York",196235,1,1
614,"Las Vegas",42420,0,0
244,"Las Vegas",95406,1,2
308,"Chicago",178409,1,4
608,"Miami",138668,1,5
448,"New York",53043,1,4
540,"Washington",119473,1,4
455,"Washington",91726,0,0
450,"Las Vegas",41104,0,0
212,"Washington",122249,1,3
446,"Chicago",78057,1,2
401,"Miami",64193,1,2
374,"Las Vegas",198759,1,1
208,"Las Vegas",122112,1,2
551,"Washington",166987,1,3
211,"Las Vegas",29966,1,5
449,"Miami",60420,0,0
482,"Las Vegas",118948,1,1
378,"Las Vegas",143763,0,0
485,"Las Vegas",74562,0,0
524,"Chicago",110283,1,4
576,"New York",153884,0,0
348,"Las Vegas",29663,0,0
492,"Chicago",69391,0,0
466,"Miami",27831,0,0
313,"Miami",98876,1,4
539,"Las Vegas",143263,1,3
295,"Washington",166733,1,3
460,"Hawaii",185767,1,1
555,"Chicago",44857,0,0
226,"Hawaii",191950,1,3
617,"Miami",75351,0,0
412,"Las Vegas",191021,1,5
555,"Hawaii",74944,1,2
422,"New York",52611,0,0
464,"Chicago",32277,0,0
349,"Hawaii",94766,1,3
413,"Las Vegas",159792,1,5
481,"New York",73481,0,0
627,"Las Vegas",35785,0,0
542,"New York",114790,1,4
203,"Miami",174560,1,3
588,"Las Vegas",132054,0,0
578,"Hawaii",42141,0,0
370,"Hawaii",186402,1,4
395,"Miami",195903,0,0
363,"Hawaii",39223,0,0
258,"Chicago",169859,1,2
272,"Las Vegas",186649,1,5
559,"New York",149600,1,2
573,"Las Vegas",96475,1,4
274,"Washington",160354,1,5
475,"Miami",181135,1,4
486,"Hawaii",178656,1,4
290,"Washington",100576,1,1
458,"Hawaii",76867,0,0
559,"New York",62743,0,0
450,"Miami",46146,0,0
300,"Miami",171452,1,5
214,"Las Vegas",61414,0,0
511,"Hawaii",56632,1,2
454,"New York",25055,0,0
619,"New York",122313,1,1
340,"Las Vegas",57249,0,0
406,"Hawaii",78993,0,0
308,"New York",76186,0,0
567,"Washington",152395,1,1
253,"Washington",95631,1,5
336,"Hawaii",89694,0,0
257,"Miami",128033,1,4
567,"Chicago",31429,0,0
289,"New York",89727,1,5
468,"Las Vegas",79959,1,5
602,"Hawaii",61967,0,0
287,"Hawaii",62549,1,4
540,"Chicago",137475,0,0
389,"Las Vegas",50293,1,4
474,"Hawaii",176423,0,0
593,"Chicago",101953,1,3
631,"Hawaii",179271,1,2
299,"Miami",182104,0,0
626,"Chicago",143068,0,0
385,"Chicago",31170,0,0
568,"Hawaii",183662,1,3
299,"Las Vegas",137489,0,0
253,"Chicago",77551,1,2
491,"Las Vegas",176120,1,2
616,"Hawaii",174269,1,3
508,"Las Vegas",195453,1,2
389,"Chicago",88536,0,0
436,"Miami",113806,1,1
382,"New York",103438,0,0
361,"Miami",171580,0,0
467,"Miami",79488,0,0
213,"Chicago",72831,0,0
436,"Miami",49531,0,0
383,"Chicago",166788,1,4
340,"Washington",116528,1,3
594,"Washington",159889,1,5
539,"Washington",168595,0,0
305,"Chicago",165495,1,5
342,"Hawaii",63721,1,5
638,"Hawaii",152998,0,0
329,"Las Vegas",166836,1,4
531,"Chicago",161115,1,4
380,"Washington",73136,1,5
383,"Las Vegas",73545,1,5
301,"Hawaii",45925,0,0
622,"Las Vegas",111762,0,0
452,"Miami",103247,1,4
606,"New York",161221,0,0
408,"New York",49775,1,5
372,"Las Vegas",61127,0,0
373,"Chicago",86304,1,1
529,"Hawaii",165302,1,2
505,"Washington",35375,0,0
593,"Washington",85068,0,0
215,"Chicago",58916,1,3
287,"Miami",91402,1,3
470,"Las Vegas",158923,0,0
481,"Miami",101508,1,5
567,"New York",105025,1,1
414,"Las Vegas",151041,1,3
565,"Las Vegas",96851,0,0
282,"Las Vegas",122316,1,5
644,"Las Vegas",142522,0,0
639,"Hawaii",66856,0,0
318,"Las Vegas",157986,1,5
444,"Las Vegas",74171,1,2
274,"Las Vegas",146828,1,2
356,"Washington",45908,1,2
483,"Las Vegas",30539,0,0
541,"Miami",76296,1,3
221,"Chicago",145326,1,1
602,"Miami",38181,0,0
599,"Chicago",88370,1,4
557,"New York",170981,1,5
266,"New York",163613,1,2
592,"Las Vegas",148572,1,4
501,"Miami",106602,0,0
201,"New York",55066,1,1
365,"Miami",82030,1,3
444,"Hawaii",104700,1,5
204,"Las Vegas",93603,1,3
384,"Washington",77994,0,0
471,"Las Vegas",198478,1,4
304,"Chicago",189510,1,3
261,"New York",142991,1,4
574,"Miami",78051,0,0
570,"Miami",194309,1,3
348,"Las Vegas",55199,0,0
203,"Chicago",71991,1,4
300,"Miami",29099,0,0
402,"Chicago",38164,0,0
437,"Hawaii",38012,0,0
266,"Miami",63791,1,1
448,"Washington",158626,0,0
592,"Miami",114772,1,3
628,"Chicago",113318,0,0
305,"Las Vegas",101607,1,1
294,"Miami",134358,1,3
571,"Miami",166045,0,0
603,"New York",78109,1,2
344,"Hawaii",56732,1,3
485,"Hawaii",133607,0,0
448,"Miami",78143,1,2
297,"Las Vegas",173724,1,4
618,"Chicago",58403,0,0
535,"New York",70597,0,0
311,"New York",186285,1,1
397,"New York",94868,0,0
634,"Chicago",100484,1,5
537,"Miami",79813,1,2
577,"Washington",64466,1,1
602,"Las Vegas",63283,0,0
605,"Miami",180482,1,1
585,"Hawaii",193652,1,5
206,"Miami",98589,1,3
575,"Chicago",93386,1,5
395,"Chicago",186427,0,0
264,"Hawaii",182796,1,2
232,"Chicago",43672,1,2
226,"Miami",140135,1,2
549,"Hawaii",187457,1,3
511,"Las Vegas",29184,0,0
600,"Hawaii",115480,0,0
246,"Las Vegas",68185,0,0
321,"Hawaii",63586,1,3
376,"Chicago",190646,1,3
337,"Las Vegas",40958,0,0
549,"Washington",194591,1,4
224,"Washington",199055,1,3
630,"Washington",62041,0,0
553,"Las Vegas",54266,0,0
507,"Washington",183773,1,4
618,"Washington",67699,0,0
388,"Miami",142428,0,0
220,"Las Vegas",64500,1,5
584,"Washington",85201,1,3
216,"Hawaii",171997,1,3
230,"Miami",68558,1,4
593,"Miami",134008,0,0
331,"Miami",58539,1,3
610,"Hawaii",62673,0,0
280,"Washington",91658,1,1
490,"New York",106333,1,2
446,"Las Vegas",53294,0,0
468,"Washington",180176,1,3
334,"New York",28810,1,4
320,"New York",91102,1,4
269,"Washington",152425,1,3
485,"Hawaii",166367,1,3
279,"Miami",183323,1,3
347,"Las Vegas",60310,1,4
346,"New York",110591,0,0
641,"Las Vegas",160057,1,1
394,"Washington",137898,1,5
347,"New York",134445,0,0
556,"Hawaii",177483,0,0
200,"New York",183561,1,1
372,"Miami",43947,1,2
511,"Washington",187495,1,1
552,"Miami",61780,1,2
247,"New York",99496,1,3
620,"Washington",183083,1,1
558,"Hawaii",89788,0,0
400,"Las Vegas",148776,1,3
227,"New York",169591,1,2
526,"New York",149362,0,0
379,"New York",163193,1,1
446,"Hawaii",149017,1,5
493,"Las Vegas",48013,0,0
507,"New York",36498,0,0
390,"Las Vegas",154254,0,0
574,"New York",168238,1,2
212,"Hawaii",89926,1,2
644,"Washington",65378,0,0
235,"New York",57710,1,1
347,"Miami",80903,1,4
289,"Hawaii",167180,1,2
584,"Las Vegas",78173,1,1
627,"Chicago",25923,0,0
253,"Miami",156087,0,0
402,"Miami",75947,0,0
410,"Washington",149779,1,3
605,"Miami",148696,1,3
251,"Las Vegas",176807,1,1
457,"Miami",172793,1,5
605,"Miami",114683,1,2
340,"Miami",62521,0,0
346,"Hawaii",115520,1,3
592,"Washington",89622,0,0
348,"New York",181356,1,5
257,"Las Vegas",149279,1,4
360,"Las Vegas",46942,0,0
619,"New York",176365,0,0
594,"Las Vegas",198213,0,0
569,"Hawaii",71010,0,0
210,"New York",185146,1,3
484,"Miami",106396,0,0
551,"Las Vegas",31735,0,0
523,"Miami",140061,1,5
284,"Hawaii",130568,1,1
461,"Washington",46880,0,0
386,"Chicago",128046,0,0
347,"Washington",134808,1,2
389,"Las Vegas",71032,0,0
365,"Washington",48391,0,0
592,"Hawaii",30288,0,0
323,"Las Vegas",112223,1,2
377,"Washington",64848,1,4
602,"Washington",176222,1,4
570,"Hawaii",109853,1,4
527,"New York",63336,0,0
398,"New York",94023,0,0
406,"Miami",147416,1,5
416,"Las Vegas",71848,1,3
257,"Hawaii",145627,1,2
329,"Hawaii",85022,1,1
481,"Las Vegas",76424,0,0
510,"New York",120997,0,0
271,"New York",159549,0,0
560,"Las Vegas",161198,1,5
289,"Miami",78056,1,2
443,"Washington",156146,1,3
641,"New York",158247,0,0
388,"Miami",114273,1,5
237,"Washington",154895,1,4
276,"Hawaii",170180,1,1
285,"Miami",71617,1,4
213,"Hawaii",179599,0,0
326,"Hawaii",69853,0,0
364,"New York",199259,1,5
324,"Miami",132342,1,3
254,"Washington",138414,1,5
259,"Washington",53057,1,3
592,"Chicago",28555,0,0
391,"Miami",52005,0,0
245,"Miami",48456,1,1
267,"Hawaii",175222,1,3
601,"Hawaii",58916,0,0
610,"Las Vegas",177181,1,2
579,"Hawaii",120292,0,0
447,"Washington",87452,1,5
319,"Washington",50533,1,3
562,"Miami",165058,1,5
230,"Hawaii",141076,1,3
236,"Chicago",122602,1,1
325,"Hawaii",83487,1,3
422,"Washington",128967,1,4
585,"Chicago",141235,1,2
518,"Chicago",105525,1,4
387,"Las Vegas",145977,1,4
443,"New York",186690,1,2
264,"New York",119548,1,5
428,"Washington",34400,1,5
251,"New York",113598,1,5
268,"New York",184828,0,0
604,"New York",80211,0,0
319,"Washington",158682,0,0
538,"Miami",180015,1,4
354,"Washington",134271,1,1
486,"Hawaii",27256,0,0
295,"Miami",154810,1,3
525,"New York",52119,0,0
550,"New York",50927,0,0
632,"Hawaii",28067,0,0
632,"Miami",105221,0,0
410,"New York",107778,1,4
608,"Miami",81334,0,0
503,"Las Vegas",66235,1,2
499,"Chicago",144156,0,0
493,"Miami",198617,1,5
404,"Washington",189907,1,2
431,"New York",135062,0,0
523,"Hawaii",29772,1,4
382,"New York",60669,1,2
297,"New York",177627,1,2
386,"Las Vegas",44890,0,0
472,"Chicago",126610,1,2
411,"Las Vegas",91135,1,1
455,"New York",136323,0,0
381,"New York",27286,1,2
204,"New York",61318,1,2
289,"Las Vegas",34719,0,0
637,"Chicago",58772,0,0
517,"Miami",180256,1,3
241,"Miami",52250,1,2
505,"Washington",50549,0,0
202,"New York",198663,1,4
317,"Hawaii",103369,0,0
425,"Chicago",192057,0,0
329,"Miami",152740,1,5
444,"Las Vegas",103358,0,0
488,"Miami",130807,1,3
424,"New York",191324,1,3
538,"Washington",147580,1,2
450,"Hawaii",34787,1,5
591,"Las Vegas",153492,1,5
253,"Miami",172553,1,3
567,"Las Vegas",124037,1,1
525,"Miami",83764,0,0
635,"Miami",155258,1,5
612,"New York",196230,1,5
252,"Hawaii",118845,1,1
290,"Miami",172479,1,2
495,"Washington",179793,1,2
479,"Washington",31638,1,5
642,"New York",74046,0,0
377,"New York",174814,1,3
635,"New York",144135,0,0
414,"Hawaii",34485,0,0
339,"Las Vegas",42632,1,5
576,"Chicago",195788,0,0
468,"Miami",41394,0,0
474,"Washington",31212,1,4
489,"Miami",95793,1,3
638,"Hawaii",45792,0,0
431,"Miami",73216,1,5
366,"Chicago",123427,1,2
280,"Hawaii",69274,1,3
619,"New York",67806,0,0
351,"New York",180656,1,3
346,"Hawaii",138161,1,2
595,"Chicago",84496,0,0
384,"Las Vegas",42754,0,0
641,"New York",184934,1,2
367,"New York",37423,0,0
477,"New York",32467,0,0
476,"Las Vegas",154575,1,1
248,"New York",194719,1,3
506,"New York",82565,1,2
200,"Las Vegas",88005,1,5
451,"Las Vegas",89175,0,0
443,"Miami",172271,1,4
526,"New York",165090,1,4
352,"Miami",25735,0,0
298,"New York",47452,1,3
292,"Hawaii",26468,0,0
383,"Miami",94615,0,0
220,"Chicago",168357,1,4
534,"Chicago",42588,0,0
606,"Miami",171625,1,2
583,"Miami",186929,0,0
330,"Washington",190225,1,1
485,"Chicago",144150,1,1
279,"Washington",141232,0,0
542,"Hawaii",116000,0,0
571,"New York",53742,1,3
560,"New York",164548,1,2
546,"Las Vegas",136954,1,3
528,"New York",183388,1,4
485,"Hawaii",95584,0,0
385,"Chicago",78729,0,0
386,"Las Vegas",166458,1,2
396,"Washington",87402,0,0
380,"New York",179653,1,5
530,"Washington",126629,1,3
485,"Chicago",168193,1,2
346,"Chicago",166358,1,4
353,"Las Vegas",32089,1,4
401,"New York",132414,1,5
333,"Las Vegas",93325,1,1
409,"Hawaii",123357,1,4
618,"Miami",123789,1,1
225,"Las Vegas",99392,1,5
264,"Las Vegas",189379,1,5
484,"Hawaii",74463,0,0
271,"Hawaii",109978,1,1
522,"Chicago",73471,1,2
267,"Las Vegas",97684,1,3
414,"Chicago",70705,1,5
326,"Hawaii",147231,0,0
634,"Washington",61753,0,0
522,"Miami",61119,0,0
394,"Washington",98515,0,0
372,"Washington",123000,0,0
523,"New York",26449,0,0
312,"Chicago",58923,0,0
516,"Chicago",133555,0,0
365,"Miami",159617,0,0
553,"Miami",53491,0,0
502,"Chicago",28065,0,0
498,"Washington",102992,1,3
331,"Hawaii",192000,1,5
391,"Las Vegas",111650,0,0
590,"Washington",196415,1,2
521,"New York",199747,0,0
337,"New York",38100,0,0
470,"Washington",137970,1,1
369,"Washington",81138,1,1
468,"Hawaii",170262,1,1
483,"Hawaii",163894,1,3
544,"Las Vegas",187033,0,0
290,"Las Vegas",74562,1,4
551,"Hawaii",146963,1,3
297,"Washington",31659,1,4
423,"Las Vegas",85107,0,0
506,"Hawaii",32381,0,0
357,"Hawaii",75356,1,3
218,"Las Vegas",69526,0,0
609,"Las Vegas",55464,0,0
242,"New York",55241,0,0
435,"Hawaii",78558,1,4
572,"Las Vegas",118426,1,2
359,"Hawaii",152162,0,0
447,"Chicago",192248,1,1
277,"New York",29445,0,0
320,"New York",124602,0,0
473,"Chicago",195890,1,1
485,"New York",47879,1,5
493,"Las Vegas",127759,0,0
612,"Hawaii",101403,1,2
257,"Washington",78554,1,3
554,"New York",82681,1,4
240,"Washington",50582,1,5
473,"New York",111794,1,2
458,"Chicago",152961,0,0
485,"Miami",120359,0,0
293,"Chicago",33381,0,0
414,"Hawaii",80254,1,4
610,"Las Vegas",143505,0,0
273,"Washington",178201,1,5
260,"New York",73319,1,4
538,"Las Vegas",111139,1,4
227,"Miami",153050,1,2
402,"Miami",99852,1,1
412,"Las Vegas",127824,1,3
236,"Miami",190226,1,1
506,"Miami",101663,0,0
323,"Miami",173249,0,0
453,"Las Vegas",87474,1,2
358,"Chicago",99756,1,1
403,"Washington",77598,0,0
544,"Hawaii",113819,0,0
491,"Washington",146127,0,0
592,"New York",30552,0,0
300,"Chicago",47353,0,0
263,"Las Vegas",80954,1,2
465,"Hawaii",102950,1,3
526,"Chicago",97608,1,5
291,"Washington",65843,0,0
468,"Chicago",192113,1,4
295,"New York",42016,1,3
312,"Miami",129494,1,3
444,"Washington",65650,0,0
305,"Miami",74724,1,3
497,"Washington",65243,1,1
250,"Las Vegas",42361,1,1
287,"Washington",183391,1,2
565,"Chicago",95159,1,1
227,"Miami",52428,1,3
507,"Miami",68500,0,0
269,"Miami",160395,1,4
267,"Hawaii",141924,1,1
210,"Chicago",191499,1,4
362,"Miami",104468,1,3
448,"New York",31225,1,1
268,"Hawaii",186757,1,2
524,"Miami",26620,0,0
444,"Hawaii",187037,1,3
634,"Washington",158960,0,0
626,"New York",68083,0,0
283,"Las Vegas",158792,1,4
418,"Las Vegas",90179,0,0
343,"Hawaii",198694,1,5
572,"Chicago",70730,1,4
406,"Washington",64043,0,0
636,"Washington",74966,1,2
467,"Chicago",114493,1,5
645,"Washington",67646,0,0
296,"Washington",41066,0,0
243,"Hawaii",122963,1,3
571,"New York",124718,0,0
327,"Hawaii",176109,1,2
358,"Miami",92804,1,3
499,"Hawaii",174540,1,2
577,"Chicago",182616,1,5
512,"Las Vegas",65805,0,0
223,"Chicago",176161,1,4
422,"Washington",76298,0,0
396,"Hawaii",130324,1,5
607,"Miami",123480,0,0
486,"Chicago",169952,0,0
321,"Miami",113856,1,2
340,"Washington",89483,1,3
409,"New York",142984,1,1
342,"Las Vegas",165213,1,4
531,"Washington",46142,1,5
318,"Miami",60224,1,3
566,"Las Vegas",29328,0,0
444,"Chicago",170087,1,3
633,"Hawaii",120924,1,1
603,"New York",62429,1,2
412,"Miami",131734,1,5
269,"Hawaii",41658,1,5
312,"Las Vegas",169878,1,1
407,"Miami",125306,1,1
463,"Hawaii",69706,1,5
342,"Miami",121186,0,0
297,"Washington",171851,1,4
615,"Miami",170113,0,0
577,"Las Vegas",134207,1,3
638,"Washington",171071,0,0
261,"Chicago",132866,1,3
511,"New York",181228,1,5
644,"Hawaii",151990,0,0
437,"New York",122224,1,3
567,"Miami",98240,1,3
611,"New York",172943,0,0
355,"Miami",92523,0,0
345,"New York",53852,1,5
287,"Miami",64396,0,0
415,"Chicago",142724,0,0
568,"Hawaii",61507,1,1
584,"Miami",105491,0,0
610,"Miami",70598,0,0
444,"Chicago",113623,1,4
206,"New York",45126,1,2
343,"Las Vegas",76568,1,1
637,"Miami",44293,0,0
458,"Miami",37075,0,0
334,"Washington",198096,1,2
347,"New York",145682,1,3
262,"Miami",174449,1,2
636,"Miami",163520,0,0
443,"Miami",138385,0,0
358,"Washington",133062,1,1
357,"Las Vegas",31854,0,0
572,"New York",171731,1,5
606,"Hawaii",149223,0,0
425,"Miami",199365,0,0
536,"Miami",163490,0,0
609,"Hawaii",198771,1,3
312,"Miami",66885,1,2
571,"New York",123689,1,2
545,"Las Vegas",66616,0,0
316,"Miami",71845,0,0
379,"Las Vegas",49465,1,2
475,"New York",101700,0,0
417,"Washington",132465,0,0
399,"New York",47525,0,0
446,"New York",181994,1,4
512,"Las Vegas",127257,0,0
411,"Washington",144903,1,3
417,"Washington",138987,0,0
264,"Hawaii",107342,1,5
506,"Chicago",46117,0,0
630,"Washington",99994,0,0
404,"Hawaii",119828,0,0
308,"Las Vegas",40237,0,0
574,"Miami",166141,1,2
284,"Washington",90401,1,1
480,"Miami",117858,1,3
236,"Hawaii",159097,1,4
242,"Miami",77806,1,2
505,"Miami",71364,1,2
421,"Las Vegas",169908,1,2
283,"New York",113928,1,5
366,"Chicago",43026,0,0
345,"Miami",84972,0,0
591,"Hawaii",136660,1,4
449,"Miami",145225,1,3
256,"New York",121246,0,0
358,"Las Vegas",166962,1,1
209,"Washington",118460,0,0
385,"Washington",138098,1,4
506,"Washington",27485,0,0
449,"Washington",194810,1,1
572,"Miami",153321,0,0
549,"New York",93457,1,5
504,"Hawaii",113657,1,3
639,"Hawaii",80409,1,2
610,"Hawaii",137837,0,0
274,"Hawaii",46412,0,0
567,"Hawaii",66125,0,0
587,"Hawaii",171084,0,0
279,"Hawaii",29280,1,4
559,"Hawaii",88520,1,4
571,"New York",152774,1,4
201,"New York",152997,1,4
325,"Washington",72040,0,0
414,"Washington",80247,0,0
589,"Las Vegas",33006,0,0
518,"Las Vegas",165027,0,0
578,"Miami",195033,1,4
628,"Washington",131647,1,1
416,"Miami",156133,0,0
236,"New York",140849,1,1
586,"Washington",125931,0,0
388,"Hawaii",109030,1,4
377,"Miami",177749,1,4
208,"Las Vegas",91443,0,0
580,"Hawaii",33549,0,0
509,"Las Vegas",76811,0,0
205,"New York",147358,1,4
599,"Hawaii",28786,0,0
266,"Hawaii",116698,0,0
443,"Las Vegas",158201,0,0
451,"Las Vegas",109496,1,3
543,"Miami",158395,0,0
337,"New York",147271,1,4
280,"Miami",120600,1,5
202,"New York",134389,1,4
589,"Miami",47059,1,5
291,"New York",138399,1,1
417,"Hawaii",59674,0,0
626,"Hawaii",81717,0,0
460,"Las Vegas",127087,1,4
251,"Las Vegas",111828,1,1
437,"Washington",123115,1,1
455,"Miami",44217,0,0
506,"Las Vegas",122589,1,4
340,"New York",125112,1,1
508,"Chicago",97293,0,0
428,"Hawaii",110344,1,2
559,"Washington",112093,0,0
393,"Miami",68436,0,0
556,"Washington",185710,1,4
401,"Chicago",77074,1,5
623,"Hawaii",68146,0,0
403,"Las Vegas",125255,1,4
546,"Miami",123463,1,4
207,"Miami",130202,1,5
420,"Las Vegas",170328,1,3
425,"Las Vegas",114100,0,0
213,"Washington",52392,1,5
448,"Washington",99522,1,5
444,"Washington",67254,1,2
497,"New York",153758,1,5
229,"Washington",187246,1,3
611,"New York",109595,1,5
585,"Washington",97550,0,0
432,"New York",160378,1,2
265,"Washington",141216,1,1
473,"Washington",43179,1,3
339,"Washington",46834,0,0
235,"New York",87619,0,0
573,"Hawaii",58134,0,0
443,"Hawaii",198553,1,4
277,"Miami",102908,1,4
227,"Washington",112888,1,1
522,"New York",105216,1,4
640,"Miami",152570,0,0
249,"Las Vegas",174524,1,5
362,"New York",198668,0,0
236,"Miami",164428,1,4
487,"Washington",125978,1,1
540,"Miami",53671,1,3
502,"Hawaii",135682,1,3
514,"New York",128470,0,0
243,"New York",106586,1,5
440,"Washington",164700,0,0
506,"Hawaii",178316,1,1
285,"Miami",131297,1,3
264,"New York",31726,1,4
486,"Washington",150402,1,3
505,"Hawaii",86781,1,2
592,"Miami",198984,1,5
321,"Chicago",77538,1,3
397,"Miami",43074,1,5
312,"Miami",169560,0,0
552,"Las Vegas",82902,1,5
497,"Washington",74696,1,1
561,"Las Vegas",161716,1,5
489,"Chicago",195957,1,2
421,"New York",197078,1,2
381,"New York",63855,1,4
464,"Washington",83789,0,0
304,"Las Vegas",124854,1,3
352,"Hawaii",63969,0,0
460,"Chicago",124166,1,3
313,"Hawaii",29980,1,1
416,"Las Vegas",58640,0,0
375,"Miami",138710,1,3
574,"New York",103671,1,3
208,"Washington",93922,1,1
319,"Miami",182198,0,0
464,"Miami",41553,1,3
403,"Las Vegas",146076,1,5
599,"New York",54051,1,1
645,"Hawaii",160438,1,3
516,"New York",71363,0,0
245,"Hawaii",140376,0,0
618,"Washington",62848,0,0
481,"Miami",81021,0,0
423,"Las Vegas",89809,1,5
497,"Las Vegas",124504,0,0
211,"Miami",176768,1,1
347,"Miami",53435,0,0
337,"Las Vegas",36173,0,0
308,"Las Vegas",118819,1,5
328,"Miami",161782,0,0
233,"Las Vegas",84164,0,0
575,"Las Vegas",52357,0,0
235,"Hawaii",199321,1,3
530,"Washington",92301,1,3
378,"Las Vegas",145143,1,3
629,"Las Vegas",55715,1,3
603,"Miami",186326,1,1
373,"Miami",160801,1,4
435,"Washington",68612,1,4
558,"Las Vegas",105717,1,2
623,"Las Vegas",116580,1,1
365,"New York",128265,1,4
323,"Las Vegas",137479,1,4
328,"Washington",167010,1,3
523,"Washington",139703,1,1
497,"Las Vegas",151874,1,4
447,"New York",130605,1,5
291,"New York",176287,1,3
489,"Hawaii",185434,0,0
586,"Miami",184644,1,1
462,"Chicago",136121,1,3
487,"Miami",36242,0,0
552,"New York",32679,0,0
399,"New York",93905,0,0
424,"New York",186660,1,5
305,"Hawaii",175725,0,0
575,"Washington",90331,0,0
270,"Washington",182851,1,5
510,"Hawaii",59789,0,0
203,"Las Vegas",105337,1,4
423,"Washington",136557,1,4
523,"Las Vegas",124189,1,2
405,"Hawaii",148145,0,0
364,"New York",138884,1,1
245,"Miami",124799,1,3
322,"Las Vegas",30873,1,1
316,"Miami",86296,1,1
578,"New York",66369,0,0
378,"Miami",177757,0,0
646,"Las Vegas",180315,1,2
571,"Miami",190242,1,2
420,"New York",191498,1,4
554,"Chicago",131783,1,2
460,"Las Vegas",104728,0,0
295,"Miami",158719,1,5
563,"Miami",139455,1,3
343,"New York",109308,1,4
626,"Miami",178396,0,0
631,"Washington",29858,0,0
467,"Las Vegas",189165,1,2
236,"Miami",57823,0,0
413,"Las Vegas",126488,0,0
457,"Las Vegas",33796,1,2
442,"Las Vegas",84016,0,0
474,"Las Vegas",177226,1,4
457,"Las Vegas",184693,1,5
339,"Washington",118762,1,4
487,"Miami",56657,0,0
238,"Las Vegas",136579,1,5
308,"Las Vegas",188228,1,5
356,"Hawaii",45835,1,4
380,"Hawaii",95620,1,2
648,"Las Vegas",154908,0,0
219,"Hawaii",109776,1,4
405,"New York",195015,1,4
387,"Miami",167153,1,2
385,"New York",78393,1,4
337,"Hawaii",197757,1,4
457,"New York",146756,0,0
557,"Hawaii",184901,1,5
255,"New York",67992,1,2
416,"Miami",26409,0,0
548,"Washington",118965,1,3
277,"Miami",38646,1,3
544,"Hawaii",57299,0,0
334,"Miami",99601,1,4
364,"Hawaii",84737,1,4
365,"New York",192353,1,4
436,"Miami",184288,1,5
263,"Miami",82660,1,5
338,"Hawaii",110409,1,3
578,"New York",53126,0,0
540,"New York",113355,1,4
467,"New York",145907,1,4
222,"Las Vegas",27573,1,3
503,"Miami",80159,1,5
385,"Washington",69822,1,2
226,"New York",48692,1,2
530,"New York",62749,0,0
249,"Chicago",72540,0,0
629,"Washington",64764,0,0
332,"New York",100770,1,1
282,"Washington",155203,1,5
603,"Miami",56769,0,0
259,"New York",180766,1,1
360,"Washington",157161,0,0
406,"Las Vegas",33728,0,0
593,"Washington",121340,1,3
415,"Hawaii",131425,1,1
511,"Las Vegas",43286,1,1
549,"Hawaii",28706,0,0
393,"Miami",102684,1,3
405,"Chicago",47543,0,0
308,"New York",34102,1,5
327,"Chicago",154931,0,0
611,"Las Vegas",114031,1,4
637,"Miami",112002,0,0
527,"Las Vegas",146548,1,3
367,"Las Vegas",44930,1,2
421,"Washington",27602,1,2
565,"Washington",26403,0,0
452,"Chicago",38303,0,0
547,"New York",154330,1,2
320,"Miami",148297,1,2
349,"Miami",151096,1,1
636,"Miami",71045,0,0
628,"Miami",195531,1,2
525,"New York",138638,0,0
256,"Miami",184422,1,3
568,"Miami",125069,1,3
278,"New York",94509,1,5
272,"New York",119929,1,4
595,"New York",102847,1,4
227,"New York",43105,1,1
227,"New York",99357,1,5
639,"New York",28555,0,0
532,"Chicago",86036,0,0
438,"Las Vegas",69904,0,0
460,"New York",29376,0,0
332,"Chicago",102667,1,4
547,"New York",143782,1,1
412,"Hawaii",114122,1,4
552,"Miami",164210,0,0
342,"Hawaii",157925,0,0
314,"Miami",60504,1,1
582,"New York",50106,0,0
311,"New York",76442,0,0
542,"Miami",32042,0,0
557,"Chicago",105115,0,0
645,"Hawaii",181723,1,2
566,"Las Vegas",38410,1,3
240,"Las Vegas",135509,1,3
260,"Washington",67835,1,2
365,"Hawaii",84277,1,5
249,"Miami",55918,1,1
510,"Las Vegas",135703,0,0
264,"Hawaii",61996,1,4
628,"Miami",96410,0,0
422,"Washington",147096,1,1
269,"New York",148284,1,2
421,"Chicago",154910,1,2
429,"Hawaii",141823,1,2
646,"Las Vegas",116899,0,0
356,"Washington",153092,1,3
517,"New York",87446,1,5
226,"Hawaii",42181,1,4
398,"New York",99224,1,4
264,"New York",50610,1,2
334,"New York",197591,1,2
254,"Miami",100974,1,3
333,"Miami",102036,1,5
216,"Washington",85899,1,1
320,"Hawaii",84702,1,4
467,"Washington",199513,0,0
262,"Las Vegas",100034,0,0
454,"Las Vegas",177677,0,0
456,"Las Vegas",77035,0,0
545,"Las Vegas",38617,1,4
200,"Miami",126971,1,4
603,"Washington",117987,0,0
255,"Hawaii",170747,1,4
212,"Hawaii",180427,1,4
578,"Miami",124083,1,4
352,"Hawaii",52271,1,3
452,"Washington",74619,0,0
260,"Las Vegas",195895,1,1
520,"Washington",133326,0,0
453,"Chicago",37358,0,0
325,"Las Vegas",68294,1,3
577,"Las Vegas",50689,1,2
614,"Las Vegas",58258,0,0
491,"Chicago",100623,1,5
372,"Chicago",156513,1,3
410,"Miami",116734,0,0
525,"Washington",163187,1,1
362,"Las Vegas",124682,1,5
427,"New York",104014,1,3
433,"Washington",25678,0,0
508,"Washington",56665,0,0
561,"Las Vegas",56456,0,0
348,"Las Vegas",171204,1,1
568,"Hawaii",39334,0,0
602,"Las Vegas",160739,1,2
494,"Chicago",191246,1,2
336,"Las Vegas",192818,1,2
591,"Las Vegas",104123,1,2
649,"Washington",130866,1,5
434,"New York",140036,0,0
396,"New York",180782,1,4
618,"Las Vegas",155697,0,0
448,"Hawaii",37510,1,4
271,"Chicago",81249,1,3
320,"Chicago",172576,1,5
474,"Washington",115861,0,0
546,"Las Vegas",44673,0,0
216,"Miami",98124,1,1
459,"Chicago",75201,0,0
506,"Washington",191263,1,3
532,"Las Vegas",145718,1,1
204,"New York",47473,0,0
543,"Miami",127761,1,3
374,"Miami",43804,0,0
299,"New York",50701,0,0
439,"Hawaii",128362,1,1
558,"Miami",96428,1,3
512,"New York",141858,1,1
253,"Miami",121617,1,5
324,"Chicago",62660,1,1
452,"Washington",73492,0,0
329,"New York",85730,1,1
569,"New York",122112,1,1
434,"New York",47378,0,0
225,"Washington",62633,1,1
328,"Miami",137499,1,1
348,"New York",139603,1,4
507,"Hawaii",104446,1,3
355,"Las Vegas",162006,1,2
518,"Washington",115518,1,3
209,"New York",163900,1,3
250,"Hawaii",54546,0,0
389,"Washington",58342,1,4
368,"Las Vegas",33261,1,4
614,"Washington",129041,0,0
602,"Hawaii",30500,0,0
236,"Las Vegas",76251,1,2
337,"Chicago",162658,1,5
261,"Chicago",61696,1,5
320,"Washington",78531,1,2
356,"Hawaii",64545,1,4
575,"Las Vegas",32101,1,2
414,"Miami",96822,1,4
248,"Las Vegas",75800,1,1
444,"Las Vegas",139603,0,0
354,"Las Vegas",180192,1,3
459,"Miami",44565,1,2
315,"Chicago",87888,1,2
376,"New York",138893,1,3
230,"New York",192475,1,4
646,"Las Vegas",33621,0,0
379,"Las Vegas",193424,1,3
347,"New York",128036,1,4
462,"Miami",104834,1,5
241,"Miami",95025,1,4
313,"Las Vegas",104823,1,3
226,"Miami",46549,1,1
407,"Washington",117746,1,5
389,"Miami",134935,1,5
502,"Hawaii",188643,1,2
333,"Las Vegas",64093,0,0
463,"Chicago",142794,1,3
584,"Chicago",158873,1,3
331,"Miami",58182,0,0
392,"Chicago",44255,0,0
292,"Miami",139113,1,3
439,"New York",26525,1,2
493,"Hawaii",101510,1,3
224,"Miami",99537,0,0
572,"Miami",107333,1,2
382,"Washington",123906,0,0
393,"Miami",89951,1,5
377,"Miami",143413,0,0
267,"Las Vegas",67961,1,1
236,"Chicago",175935,1,1
204,"Miami",97207,1,2
281,"New York",199389,1,1
263,"Washington",108112,1,5
286,"Las Vegas",195453,1,2
311,"New York",47117,0,0
558,"Miami",140930,1,2
599,"Chicago",116284,0,0
520,"Chicago",101755,0,0
457,"Hawaii",96306,0,0
540,"Miami",196124,1,4
481,"Miami",54049,0,0
614,"Las Vegas",151287,0,0
434,"Chicago",160114,0,0
368,"Hawaii",70405,1,1
299,"Miami",60015,1,1
597,"Washington",156126,0,0
512,"Hawaii",59054,1,2
378,"Miami",122990,1,1
290,"New York",99237,1,2
594,"Miami",96414,1,2
537,"New York",135374,1,5
247,"Chicago",59141,1,5
278,"Washington",192297,1,1
323,"New York",44611,1,2
552,"New York",120372,1,5
569,"Chicago",130939,0,0
623,"Las Vegas",65088,0,0
628,"Miami",71402,1,2
250,"Hawaii",183389,1,1
418,"Las Vegas",37818,0,0
264,"Las Vegas",98753,1,4
367,"Washington",39599,1,5
571,"Las Vegas",170938,1,2
530,"New York",87023,1,4
634,"Washington",148541,1,2
403,"Hawaii",187092,1,5
334,"Miami",94791,0,0
427,"Washington",47541,0,0
276,"Las Vegas",133002,1,5
470,"Hawaii",130906,1,5
509,"New York",181481,1,3
588,"Chicago",63499,1,3
610,"Miami",67058,0,0
264,"Chicago",30627,1,4
328,"Las Vegas",62488,1,1
348,"Miami",63677,1,3
447,"Washington",136543,1,3
527,"New York",75824,0,0
354,"New York",189776,1,4
207,"Chicago",112313,1,4
553,"Washington",87689,1,3
606,"Miami",127525,0,0
437,"Miami",120593,1,1
316,"Miami",153116,1,2
561,"Las Vegas",118761,0,0
267,"Hawaii",83837,1,2
427,"Las Vegas",96630,0,0
455,"Las Vegas",186746,1,3
466,"Miami",85783,1,3
644,"New York",138951,1,4
567,"New York",115132,1,3
313,"Hawaii",61986,0,0
306,"Hawaii",117565,0,0
230,"Las Vegas",111986,1,2
535,"Washington",37615,0,0
401,"Las Vegas",100616,1,2
220,"Hawaii",93736,1,5
596,"Washington",180015,1,5
514,"Las Vegas",28889,0,0
376,"Hawaii",64594,1,5
558,"New York",97452,0,0
527,"Washington",131570,1,4
426,"Washington",59570,0,0
594,"Miami",93717,0,0
522,"Las Vegas",152224,0,0
219,"Washington",135364,1,4
525,"Chicago",74621,0,0
527,"New York",182414,1,2
239,"New York",167737,1,2
336,"Washington",164150,1,5
451,"Miami",109211,0,0
414,"New York",193045,1,5
538,"New York",25934,0,0
644,"Miami",44683,0,0
541,"Chicago",150483,1,2
470,"Miami",35874,0,0
374,"New York",106709,1,5
556,"Las Vegas",130492,1,1
335,"Las Vegas",102332,1,4
273,"Miami",120081,1,5
313,"Miami",129665,1,1
500,"New York",184017,1,4
239,"Chicago",127244,1,5
403,"Hawaii",52178,1,2
389,"Las Vegas",186546,1,3
384,"Hawaii",119773,0,0
517,"Washington",118024,1,5
520,"Miami",146067,1,1
645,"Hawaii",96506,0,0
230,"Las Vegas",83296,1,1
300,"Miami",150477,1,3
613,"Las Vegas",34650,0,0
237,"Hawaii",165298,1,2
645,"Las Vegas",73836,0,0
644,"Las Vegas",49646,0,0
348,"New York",141698,1,5
593,"Chicago",29703,0,0
514,"Miami",172776,1,5
414,"Hawaii",124417,0,0
641,"Washington",55075,0,0
543,"New York",35148,0,0
285,"Las Vegas",153882,0,0
538,"Miami",165042,0,0
433,"Hawaii",132116,1,5
459,"Miami",198681,0,0
645,"Hawaii",165955,1,3
598,"Miami",123657,0,0
280,"New York",106936,1,2
412,"Miami",116315,1,3
574,"Hawaii",199346,1,5
502,"Washington",146909,1,1
507,"Las Vegas",120227,0,0
609,"Washington",163771,1,1
361,"Chicago",179613,1,3
230,"Miami",69280,1,4
489,"Washington",52245,0,0
221,"Miami",153359,1,2
366,"Miami",156549,1,3
607,"Chicago",171274,1,2
549,"Miami",95764,1,1
577,"Chicago",199098,1,1
337,"Las Vegas",125098,1,2
479,"Hawaii",178973,1,4
218,"Miami",89601,1,2
382,"New York",150018,0,0
556,"Miami",65631,0,0
543,"Miami",157289,0,0
592,"Las Vegas",123376,0,0
222,"New York",166460,1,4
445,"Las Vegas",54220,1,5
352,"New York",39708,0,0
291,"Miami",66953,0,0
282,"New York",178913,1,1
342,"Las Vegas",122923,0,0
644,"Hawaii",65210,0,0
242,"New York",124211,1,1
260,"Washington",138364,1,4
237,"Las Vegas",37656,1,1
294,"Las Vegas",54212,0,0
592,"Las Vegas",41380,0,0
264,"Chicago",192312,1,5
209,"Chicago",37523,1,5
217,"New York",73492,1,3
520,"Chicago",179196,0,0
439,"Chicago",51122,1,5
358,"New York",37695,1,1
563,"Las Vegas",59354,1,4
242,"Hawaii",156684,1,2
399,"Chicago",89091,1,3
384,"Washington",127715,1,3
643,"Miami",70975,0,0
391,"Las Vegas",190066,1,4
217,"Las Vegas",32328,1,3
598,"New York",103448,0,0
456,"New York",59031,1,3
646,"New York",37052,0,0
397,"New York",31734,0,0
635,"Hawaii",145442,1,2
621,"New York",146205,0,0
627,"Miami",193101,1,1
449,"Chicago",109159,0,0
626,"Hawaii",109591,0,0
270,"New York",87869,0,0
571,"Miami",142302,1,3
477,"Las Vegas",90205,1,5
346,"Las Vegas",68722,1,4
402,"New York",51530,1,5
456,"Hawaii",31567,0,0
467,"Hawaii",25360,0,0
228,"Las Vegas",27354,1,1
236,"Hawaii",104662,1,1
298,"Hawaii",167423,1,1
530,"Chicago",78642,0,0
286,"New York",185102,1,5
632,"Washington",147866,0,0
262,"Washington",77693,1,4
378,"Las Vegas",116726,1,1
615,"New York",95097,0,0
589,"New York",25480,0,0
511,"New York",86107,1,3
614,"Miami",144542,1,1
472,"Las Vegas",145339,0,0
573,"Las Vegas",74072,1,3
423,"Las Vegas",196678,1,4
308,"Washington",101428,1,1
577,"Las Vegas",191832,0,0
203,"New York",57824,1,1
565,"Hawaii",191989,1,1
574,"Miami",49953,0,0
282,"Miami",103639,1,5
370,"Hawaii",92072,0,0
210,"Las Vegas",189566,1,3
412,"Las Vegas",119609,1,1
254,"Chicago",55526,1,5
400,"Hawaii",132106,0,0
340,"Las Vegas",76099,1,5
431,"New York",110750,0,0
424,"New York",71246,0,0
248,"New York",48978,1,2
620,"Miami",116496,1,1
438,"Las Vegas",78253,1,5
532,"Chicago",186839,1,4
367,"Las Vegas",59808,0,0
539,"New York",77871,0,0
512,"Hawaii",144328,1,3
556,"Miami",170113,1,4
212,"Hawaii",174804,1,3
402,"Miami",167329,0,0
246,"Washington",114253,1,1
264,"Washington",61172,1,2
429,"Washington",160815,1,5
283,"Chicago",31958,0,0
400,"Las Vegas",128593,0,0
239,"Las Vegas",131676,1,2
386,"Las Vegas",143963,1,1
244,"Washington",34541,0,0
612,"Miami",103898,0,0
229,"New York",90475,1,1
375,"Las Vegas",173133,1,3
562,"Las Vegas",44264,0,0
373,"Washington",97701,1,4
251,"Chicago",63269,0,0
272,"Las Vegas",175522,1,2
529,"Las Vegas",118620,1,5
325,"Las Vegas",144229,1,1
646,"New York",82067,0,0
591,"Washington",49437,0,0
390,"Miami",134207,1,2
635,"Las Vegas",154265,0,0
392,"Chicago",198589,1,2
626,"New York",103813,1,5
560,"Las Vegas",183302,0,0
311,"Washington",65043,1,3
422,"New York",51195,0,0
588,"Las Vegas",154299,1,1
300,"New York",173894,1,3
241,"New York",178863,1,1
235,"Hawaii",106103,1,1
290,"New York",176678,1,3
442,"Las Vegas",107403,1,2
481,"New York",167534,1,1
351,"New York",143539,1,4
638,"Miami",116414,0,0
494,"Las Vegas",88215,0,0
437,"Miami",113735,1,5
475,"New York",86155,1,3
583,"Washington",121276,1,3
606,"New York",72607,1,2
412,"Hawaii",59658,1,1
527,"New York",123597,1,5
426,"Las Vegas",184473,1,5
592,"Las Vegas",51874,0,0
498,"Washington",158002,1,4
437,"New York",160895,0,0
626,"Hawaii",105352,1,3
557,"Washington",158805,1,5
297,"New York",150428,1,4
381,"Las Vegas",112815,1,2
381,"New York",125892,0,0
398,"Miami",147297,1,1
481,"Hawaii",198760,1,4
438,"Hawaii",106676,1,4
438,"Las Vegas",69939,1,4
260,"Las Vegas",154637,1,2
249,"Las Vegas",129941,1,4
251,"Miami",187219,1,3
403,"Washington",32076,1,5
374,"Miami",34003,1,3
539,"Las Vegas",66294,1,4
236,"Chicago",94755,0,0
393,"Chicago",99856,1,5
442,"Las Vegas",142749,1,3
441,"New York",104223,0,0
554,"Las Vegas",53774,0,0
241,"Miami",128590,1,4
285,"Washington",76839,1,5
346,"Hawaii",48692,1,2
434,"Las Vegas",95929,1,3
296,"Hawaii",60560,1,5
228,"Miami",176758,1,3
478,"Washington",105498,0,0
571,"Las Vegas",116627,0,0
353,"New York",73701,0,0
362,"Miami",32618,1,2
334,"Las Vegas",85834,0,0
622,"Miami",155167,1,2
565,"Las Vegas",51162,0,0
433,"New York",114237,1,2
424,"New York",167274,1,4
636,"Chicago",96978,0,0
639,"Chicago",155680,1,4
484,"Miami",118486,1,3
211,"New York",30980,0,0
391,"Hawaii",117938,1,3
586,"New York",71878,0,0
580,"Chicago",158348,0,0
463,"Las Vegas",31614,1,4
516,"Washington",30506,0,0
249,"Miami",132123,1,1
330,"Las Vegas",90723,1,1
460,"New York",85343,1,1
541,"Las Vegas",27059,0,0
464,"Las Vegas",88945,1,4
531,"New York",105052,0,0
387,"New York",86106,1,4
490,"Miami",115528,0,0
431,"Hawaii",110229,1,3
362,"Washington",108656,1,1
602,"New York",93682,1,5
416,"Washington",137191,1,3
493,"Miami",80903,0,0
565,"Las Vegas",71513,1,2
264,"Miami",97128,1,3
591,"New York",121591,0,0
293,"Chicago",25489,1,2
478,"Las Vegas",104054,1,5
206,"Hawaii",69840,0,0
294,"New York",188927,1,4
527,"Las Vegas",54910,0,0
549,"Washington",98616,1,5
367,"Hawaii",114682,1,4
452,"Las Vegas",54285,1,3
485,"Hawaii",140413,1,2
593,"Las Vegas",35474,0,0
466,"Las Vegas",93924,1,4
225,"Washington",124301,1,5
316,"New York",32303,0,0
303,"Chicago",115732,1,2
407,"Hawaii",105001,1,1
516,"New York",150200,1,1
573,"Hawaii",116609,1,5
240,"Miami",116880,1,1
347,"Las Vegas",92910,1,3
649,"New York",30861,1,5
479,"Miami",178425,1,2
289,"Las Vegas",101098,1,4
434,"New York",90707,1,1
503,"Hawaii",188430,0,0
207,"Washington",124049,1,3
219,"Miami",109354,0,0
239,"Miami",118848,0,0
644,"Hawaii",113156,0,0
269,"Miami",45252,1,2
545,"Hawaii",174109,0,0
588,"Chicago",78824,0,0
337,"Chicago",80067,1,1
294,"Hawaii",60045,1,1
471,"Chicago",181558,1,3
341,"Chicago",38002,0,0
307,"New York",132538,1,4
557,"Miami",119755,1,4
219,"New York",72207,1,3
504,"Las Vegas",169428,1,2
262,"Las Vegas",76383,1,5
308,"Hawaii",85947,1,1
281,"New York",126869,1,3
203,"New York",102175,1,2
593,"New York",88392,0,0
558,"New York",160586,0,0
506,"Washington",87845,1,3
201,"Las Vegas",156248,1,5
360,"Miami",84443,1,3
555,"Hawaii",75026,1,2
379,"Washington",166277,1,1
442,"Hawaii",48498,0,0
586,"Miami",87111,1,2
458,"New York",191112,1,2
271,"Las Vegas",96672,0,0
432,"Miami",54841,0,0
526,"Hawaii",35362,0,0
553,"New York",158150,0,0
279,"Las Vegas",80997,1,3
646,"Miami",161576,0,0
543,"Chicago",124084,0,0
490,"Hawaii",178162,1,2
603,"Chicago",171446,1,4
633,"Miami",197928,0,0
349,"Las Vegas",162356,1,2
579,"Miami",144328,1,4
504,"New York",170219,0,0
393,"Hawaii",130777,1,2
206,"Washington",56529,0,0
297,"Miami",93070,1,4
482,"Hawaii",93641,0,0
450,"Las Vegas",167907,1,2
481,"New York",198636,0,0
608,"Las Vegas",45626,0,0
499,"Miami",79559,0,0
364,"New York",149420,1,4
600,"Miami",85950,0,0
419,"New York",123305,0,0
277,"Miami",145880,1,4
328,"New York",82518,1,5
614,"New York",150821,1,3
351,"New York",94447,0,0
276,"Miami",66752,1,4
298,"Hawaii",91338,1,1
223,"Washington",43966,1,2
314,"Washington",94717,1,1
644,"Chicago",68793,0,0
483,"Las Vegas",138795,1,4
557,"Washington",115801,1,3
211,"Las Vegas",51897,1,4
550,"Miami",41435,0,0
641,"Hawaii",104167,1,4
531,"Chicago",113250,1,1
438,"New York",112906,1,2
388,"Hawaii",167017,1,5
526,"Hawaii",186453,1,5
580,"Washington",156890,0,0
499,"Miami",195622,0,0
616,"Hawaii",112673,1,1
507,"New York",49260,0,0
227,"Las Vegas",29504,0,0
488,"New York",99606,1,2
257,"Las Vegas",180911,1,5
608,"New York",147849,0,0
306,"Washington",167066,0,0
317,"New York",193727,1,2
515,"Chicago",78068,1,5
639,"Chicago",117883,0,0
204,"Las Vegas",182645,1,1
466,"Hawaii",72299,1,3
397,"New York",139578,1,4
352,"Hawaii",42289,0,0
233,"Washington",126829,1,2
611,"Washington",132334,0,0
364,"Miami",107346,1,2
460,"Las Vegas",132365,0,0
224,"Washington",176624,1,5
263,"Miami",99310,0,0
596,"Miami",98446,1,5
202,"Las Vegas",157751,1,4
376,"Chicago",143852,0,0
416,"Las Vegas",178785,1,1
390,"Washington",77997,1,5
576,"Washington",26547,0,0
619,"Las Vegas",156296,1,1
257,"Miami",140533,1,3
287,"New York",111640,1,4
202,"New York",180191,0,0
227,"Hawaii",87477,1,1
578,"Miami",69116,1,4
321,"Miami",32479,1,1
345,"New York",156090,1,2
316,"Las Vegas",34985,1,2
225,"Miami",79361,1,2
487,"Washington",92039,0,0
423,"Washington",198228,1,5
369,"Miami",50161,1,2
317,"New York",29637,0,0
236,"New York",165107,1,5
328,"Hawaii",53687,0,0
392,"Hawaii",133853,1,2
222,"New York",167426,1,2
526,"Chicago",71444,0,0
609,"Miami",152121,0,0
240,"Hawaii",83977,1,2
347,"Las Vegas",31753,0,0
579,"Miami",128214,0,0
510,"Miami",81632,1,3
542,"New York",85108,0,0
613,"Hawaii",149990,0,0
620,"Miami",145996,0,0
246,"New York",175614,1,2
367,"Las Vegas",115054,1,3
382,"Hawaii",111982,1,2
499,"Chicago",142288,1,5
580,"New York",153572,1,4
286,"Washington",107729,1,2
220,"New York",90027,1,5
379,"Washington",180061,1,4
596,"Hawaii",173794,1,5
266,"Miami",187898,1,4
521,"Miami",153181,1,1
587,"Miami",120008,0,0
257,"Hawaii",50859,1,1
233,"Chicago",81223,1,4
204,"New York",28658,1,4
529,"Miami",129763,1,3
229,"Las Vegas",110271,1,4
311,"Hawaii",35638,0,0
424,"Washington",161508,0,0
266,"Las Vegas",151004,1,4
416,"Las Vegas",146068,0,0
618,"Miami",86053,0,0
204,"Las Vegas",149581,1,2
444,"Washington",105649,1,2
630,"Las Vegas",98067,1,3
484,"New York",155798,1,5
452,"Las Vegas",26631,0,0
460,"Las Vegas",159090,0,0
237,"Hawaii",63696,1,3
534,"Miami",119640,0,0
259,"Las Vegas",117184,1,5
618,"Las Vegas",107568,1,4
558,"Hawaii",88975,0,0
436,"Washington",30867,1,2
345,"Las Vegas",131927,1,3
600,"Washington",185049,1,1
615,"Washington",114826,0,0
204,"Miami",150917,1,4
271,"Las Vegas",34816,1,2
531,"Hawaii",198377,1,1
504,"Hawaii",130753,1,4
499,"Miami",93214,0,0
587,"Miami",67373,0,0
457,"Miami",166103,1,5
294,"Hawaii",188859,1,1
448,"Miami",93707,1,4
486,"New York",178194,1,2
346,"Miami",64283,1,2
306,"Hawaii",124278,1,1
320,"Miami",90399,1,4
620,"Las Vegas",53148,1,1
589,"Chicago",158345,1,2
515,"Washington",160467,0,0
392,"New York",71427,1,3
488,"Miami",179433,1,4
597,"Miami",161202,0,0
489,"New York",146474,1,2
357,"Miami",147582,0,0
263,"Las Vegas",140704,1,4
270,"Chicago",182580,1,2
493,"New York",157805,1,1
617,"Miami",33750,0,0
633,"Las Vegas",164913,0,0
407,"Hawaii",188524,1,3
372,"Chicago",178793,1,1
600,"New York",26792,1,1
596,"Las Vegas",163632,1,1
249,"New York",143581,1,2
296,"Las Vegas",124997,1,2
488,"Las Vegas",126223,1,5
212,"Las Vegas",25227,1,2
369,"Las Vegas",132614,1,4
299,"Washington",48321,0,0
639,"New York",55857,0,0
213,"Washington",85121,1,1
607,"Hawaii",176970,1,1
311,"Miami",195138,1,5
521,"Chicago",125273,1,2
299,"Miami",110726,1,2
338,"New York",77399,1,5
369,"Hawaii",192034,1,4
577,"Las Vegas",50041,0,0
245,"Las Vegas",102289,0,0
544,"Las Vegas",124943,0,0
624,"Hawaii",138995,0,0
233,"Washington",105007,1,4
373,"Miami",81878,1,4
597,"New York",182257,1,4
320,"Chicago",35325,0,0
562,"Hawaii",55262,0,0
418,"Washington",95689,1,3
392,"Washington",167391,0,0
619,"Miami",161807,0,0
645,"Washington",137702,0,0
517,"Miami",159198,0,0
573,"Las Vegas",49262,0,0
508,"Miami",153566,1,2
337,"Las Vegas",115353,1,3
231,"Chicago",141009,1,1
571,"Miami",110663,0,0
454,"New York",72650,1,1
496,"New York",191064,1,1
238,"New York",194843,1,3
394,"Miami",133396,1,4
615,"Miami",68675,0,0
200,"Miami",78260,1,5
587,"New York",144390,0,0
350,"Washington",171831,1,4
502,"Washington",122723,1,5
429,"New York",102719,0,0
523,"Miami",150420,0,0
544,"Chicago",33866,0,0
283,"Miami",104472,0,0
487,"Hawaii",156100,1,1
304,"Chicago",43098,1,4
465,"Chicago",140723,0,0
624,"Miami",169817,0,0
621,"Hawaii",184212,1,5
247,"Washington",82918,1,3
416,"New York",96288,1,2
468,"Washington",185729,1,3
266,"New York",122541,1,1
335,"Washington",30353,0,0
338,"Las Vegas",54694,1,4
419,"Las Vegas",79239,0,0
392,"Las Vegas",134335,1,3
557,"Chicago",59853,0,0
327,"Hawaii",90542,0,0
499,"New York",73500,1,4
214,"New York",52571,1,3
639,"Miami",131194,1,2
526,"Las Vegas",109428,0,0
564,"Miami",69928,1,3
554,"Washington",67762,1,2
418,"Las Vegas",60538,1,5
304,"Las Vegas",40815,0,0
203,"Las Vegas",86046,1,1
501,"Chicago",63512,0,0
411,"Miami",186361,1,5
369,"New York",63788,1,2
544,"Las Vegas",118274,1,3
373,"Washington",184465,1,3
372,"Las Vegas",69804,1,3
527,"Miami",137071,1,4
614,"Las Vegas",185039,1,4
498,"New York",137079,1,4
477,"Miami",149251,1,2
326,"Miami",119609,1,2
408,"New York",41535,0,0
304,"Washington",75102,0,0
270,"Hawaii",55365,0,0
518,"Las Vegas",33413,0,0
213,"New York",195645,1,4
271,"Chicago",192849,0,0
243,"Miami",167803,1,4
308,"Washington",192948,0,0
599,"Las Vegas",48556,0,0
613,"New York",134612,1,1
569,"Las Vegas",83868,1,3
454,"Hawaii",92123,1,2
536,"New York",168570,1,1
348,"New York",108781,0,0
310,"Las Vegas",150074,1,5
254,"New York",178481,1,5
492,"Washington",33921,1,1
544,"New York",55049,1,3
348,"Las Vegas",72698,1,3
330,"Hawaii",134999,1,5
612,"Hawaii",159090,1,2
442,"Hawaii",138022,0,0
588,"Hawaii",82260,0,0
597,"Las Vegas",25644,1,1
388,"Chicago",194242,1,5
386,"Miami",79762,1,4
242,"Las Vegas",38852,1,2
582,"Washington",86842,1,2
650,"Washington",149310,1,2
257,"New York",67722,1,2
484,"Washington",49497,0,0
218,"Hawaii",37471,0,0
513,"Washington",187241,1,5
483,"Las Vegas",144014,1,1
363,"Washington",194619,1,1
597,"Chicago",64223,0,0
535,"Hawaii",103876,1,4
335,"Hawaii",189180,1,2
512,"Miami",176827,1,1
380,"New York",173623,1,5
536,"Miami",183698,0,0
570,"Las Vegas",198436,0,0
457,"Las Vegas",176488,1,4
346,"Las Vegas",127601,0,0
266,"Las Vegas",144462,1,2
259,"New York",87465,1,3
209,"Las Vegas",183043,1,2
292,"Washington",94811,1,5
513,"Las Vegas",101617,0,0
394,"Las Vegas",140789,1,3
259,"Hawaii",193404,1,5
227,"Las Vegas",179550,1,1
589,"New York",148827,1,1
556,"Las Vegas",138399,1,5
289,"Washington",105442,1,4
523,"Hawaii",48381,0,0
227,"Las Vegas",78530,0,0
560,"Las Vegas",90814,0,0
421,"New York",54209,1,2
623,"Hawaii",149955,0,0
525,"Las Vegas",172022,1,3
577,"Chicago",181672,0,0
559,"Chicago",113904,0,0
617,"Chicago",29474,0,0
496,"Washington",58054,0,0
363,"Las Vegas",56168,0,0
452,"New York",134854,0,0
595,"Miami",90418,1,1
396,"Miami",56064,1,5
240,"Hawaii",96873,1,3
358,"Hawaii",45801,1,3
529,"Las Vegas",107311,0,0
632,"New York",127967,0,0
628,"Miami",173213,0,0
390,"Washington",138559,1,3
641,"Chicago",197672,1,3
350,"Miami",79286,1,3
477,"Miami",101320,1,4
457,"Miami",142354,1,3
550,"New York",53813,0,0
274,"Miami",80377,1,3
263,"New York",130467,1,2
307,"New York",172216,1,4
228,"Washington",87794,1,3
527,"Miami",116797,1,1
423,"Hawaii",119653,1,3
246,"New York",43400,0,0
477,"New York",99871,1,5
261,"Washington",194450,1,2
401,"Hawaii",64202,0,0
552,"Las Vegas",33941,0,0
295,"Las Vegas",65024,0,0
602,"Las Vegas",78588,1,1
250,"Las Vegas",32692,0,0
231,"New York",67142,1,2
572,"Chicago",80596,0,0
536,"Hawaii",183762,0,0
579,"Chicago",122656,0,0
525,"New York",48760,0,0
397,"Las Vegas",113634,0,0
420,"Las Vegas",72171,0,0
629,"Las Vegas",148259,0,0
382,"Miami",34149,0,0
428,"New York",167707,0,0
360,"New York",171796,1,1
576,"Las Vegas",184505,0,0
636,"New York",78079,0,0
313,"Miami",181650,1,1
573,"Washington",40542,0,0
527,"Washington",138306,1,2
552,"Miami",44642,1,2
535,"Chicago",123459,1,4
420,"Miami",139505,1,5
476,"Washington",77983,0,0
547,"Washington",67470,0,0
588,"Las Vegas",77807,0,0
546,"Las Vegas",91373,1,2
401,"Miami",113533,0,0
525,"Miami",169370,1,5
210,"New York",66357,1,1
288,"Las Vegas",39496,0,0
366,"Las Vegas",97061,0,0
334,"Miami",157994,1,4
549,"Washington",61569,0,0
215,"New York",121670,1,1
214,"New York",126521,1,1
242,"New York",39976,1,4
219,"Chicago",131926,1,4
648,"Washington",183396,1,1
429,"Chicago",52510,0,0
463,"Miami",178420,1,4
447,"Miami",29430,0,0
369,"Las Vegas",93078,1,5
600,"Las Vegas",25086,0,0
480,"Chicago",84572,1,1
414,"Las Vegas",196801,1,5
223,"New York",64391,1,1
512,"Las Vegas",58652,0,0
279,"Las Vegas",179571,1,2
473,"Miami",143964,1,3
644,"New York",29805,0,0
547,"New York",156597,1,3
451,"Miami",48217,0,0
569,"New York",83384,0,0
450,"Hawaii",154779,1,1
241,"Las Vegas",81134,1,3
598,"Washington",197873,1,3
311,"Miami",77990,0,0
221,"New York",79385,1,4
569,"Miami",35349,1,5
565,"Miami",180732,1,2
207,"New York",58004,1,3
487,"Las Vegas",104417,1,4
202,"Washington",50044,0,0
240,"New York",66627,1,2
449,"Miami",78941,0,0
273,"New York",107296,1,5
431,"New York",83905,0,0
245,"Las Vegas",68808,1,4
364,"Las Vegas",110622,0,0
336,"Miami",137791,1,5
561,"Hawaii",96947,0,0
538,"Las Vegas",106921,0,0
598,"New York",138277,1,3
447,"New York",68693,0,0
578,"Miami",97162,0,0
216,"Miami",45894,1,1
393,"Chicago",121208,1,1
624,"Las Vegas",188437,1,1
420,"Las Vegas",132320,1,1
356,"Washington",45375,0,0
479,"Washington",73244,0,0
332,"Hawaii",192957,1,5
208,"Las Vegas",183487,1,3
358,"Hawaii",37900,1,2
271,"Las Vegas",137900,1,1
622,"New York",38296,0,0
554,"Hawaii",115254,1,3
441,"Miami",126251,0,0
469,"Miami",144110,1,3
222,"Las Vegas",80159,1,2
243,"Hawaii",43257,1,2
457,"Las Vegas",95054,0,0
606,"Miami",130370,1,5
649,"Las Vegas",100533,0,0
510,"Miami",165522,1,2
605,"Hawaii",156362,1,3
323,"New York",50071,1,5
347,"Hawaii",117865,0,0
427,"Las Vegas",55506,1,1
312,"Las Vegas",130405,1,4
437,"Miami",60916,0,0
482,"Hawaii",92385,1,1
372,"New York",182487,1,5
416,"Miami",69479,1,4
392,"Chicago",94624,1,3
395,"Miami",58582,1,3
398,"Hawaii",194431,1,3
211,"New York",93301,1,2
535,"Miami",48998,1,5
553,"Las Vegas",138057,0,0
579,"Las Vegas",48149,1,5
449,"New York",98936,1,1
519,"New York",46186,1,5
529,"Miami",80044,0,0
632,"Washington",72927,0,0
382,"Hawaii",54199,0,0
530,"Chicago",76084,0,0
487,"Las Vegas",45889,1,3
482,"Miami",162826,1,2
487,"Miami",67641,0,0
560,"Miami",95895,0,0
398,"Chicago",64642,1,5
401,"Washington",113800,1,3
437,"Miami",89306,1,1
546,"Las Vegas",124715,1,4
592,"Washington",190386,0,0
640,"Washington",89380,0,0
347,"New York",61186,0,0
388,"Hawaii",94914,0,0
637,"Las Vegas",78022,0,0
582,"New York",197175,1,3
582,"Washington",138404,1,1
429,"New York",90513,0,0
357,"Miami",172157,1,2
302,"Washington",195278,1,5
629,"Hawaii",196940,1,3
592,"Miami",122580,0,0
597,"Hawaii",57121,0,0
505,"New York",47858,0,0
633,"Las Vegas",131176,1,2
369,"Las Vegas",26979,0,0
334,"Las Vegas",56635,0,0
632,"Chicago",102336,0,0
522,"Washington",193002,1,3
214,"Washington",136334,1,3
412,"New York",175745,1,4
414,"Las Vegas",170575,1,3
335,"New York",55778,0,0
388,"Miami",142567,1,1
574,"Miami",198215,1,2
402,"Hawaii",83792,0,0
293,"Miami",115205,1,5
447,"Miami",39975,1,4
522,"Miami",41762,1,3
636,"Las Vegas",147047,1,2
253,"Las Vegas",178960,1,2
209,"Hawaii",170504,1,4
353,"Chicago",55828,0,0
583,"Las Vegas",28386,1,3
612,"Washington",39199,0,0
301,"Washington",69559,1,5
214,"Hawaii",152315,1,3
572,"Miami",71363,0,0
377,"Miami",28328,0,0
347,"Las Vegas",129540,1,1
251,"Washington",149326,0,0
563,"Miami",114145,0,0
365,"Hawaii",41775,1,5
385,"Miami",136400,0,0
295,"Hawaii",81640,1,4
322,"Las Vegas",191232,1,4
527,"Las Vegas",123614,1,1
249,"Las Vegas",133672,1,2
438,"Miami",199189,1,2
272,"Las Vegas",194897,1,3
268,"Washington",151330,1,3
361,"Las Vegas",78964,1,5
568,"Washington",127343,0,0
418,"Hawaii",158839,1,1
352,"Las Vegas",186599,1,3
513,"Miami",181095,1,2
261,"Hawaii",30120,0,0
411,"Washington",192525,1,3
452,"Hawaii",156245,1,1
601,"New York",151560,0,0
247,"Washington",89676,1,5
248,"Washington",139302,1,2
378,"Washington",184568,1,5
520,"Miami",38405,0,0
389,"Las Vegas",122790,1,3
569,"Chicago",134663,0,0
234,"Hawaii",137383,1,2
513,"Las Vegas",196000,1,2
490,"Hawaii",87841,1,1
402,"Hawaii",84384,1,3
431,"Washington",32055,0,0
338,"New York",36181,0,0
430,"New York",145763,1,2
236,"New York",169251,1,5
614,"Las Vegas",156230,1,5
228,"Washington",87798,1,4
584,"Miami",39742,0,0
541,"Las Vegas",29144,0,0
219,"Miami",73302,0,0
369,"Las Vegas",63140,1,3
215,"Washington",48170,1,3
229,"New York",26123,1,2
219,"Chicago",153616,1,2
514,"New York",79067,1,3
403,"Washington",136632,1,1
553,"New York",97961,0,0
449,"Miami",123503,0,0
207,"Chicago",95137,0,0
283,"Hawaii",120719,0,0
635,"Washington",175222,1,4
257,"Hawaii",180313,1,4
601,"Chicago",156849,0,0
405,"New York",74604,0,0
246,"Las Vegas",190589,1,2
439,"Hawaii",50151,1,2
295,"Las Vegas",192153,1,3
202,"Miami",181029,1,4
462,"New York",92323,0,0
573,"Las Vegas",173483,1,1
489,"Washington",153800,1,5
635,"Chicago",73552,1,1
253,"Washington",155283,1,5
486,"Las Vegas",44434,0,0
318,"Chicago",114082,1,5
202,"Hawaii",177447,1,4
650,"Miami",61226,1,2
392,"Washington",70146,1,2
572,"Miami",173848,0,0
322,"New York",81247,0,0
613,"Las Vegas",50717,0,0
267,"Miami",168692,1,4
296,"Miami",136154,1,2
608,"Las Vegas",119411,0,0
371,"Las Vegas",113066,1,4
229,"Washington",93077,1,1
240,"Washington",137090,1,1
323,"New York",122947,1,3
489,"Miami",74322,1,3
532,"Hawaii",63165,0,0
416,"Washington",149747,1,5
212,"Washington",63976,1,3
645,"Hawaii",144684,1,5
383,"Chicago",142675,1,2
369,"Miami",116688,1,4
381,"New York",198644,1,5
427,"Miami",70568,1,2
279,"Las Vegas",70937,1,1
278,"Miami",120498,1,2
377,"Chicago",45924,1,4
466,"Chicago",77909,0,0
534,"Chicago",191826,0,0
297,"Las Vegas",41062,1,5
379,"Miami",152964,1,2
267,"Washington",55859,0,0
398,"Miami",174616,1,1
406,"New York",55918,0,0
464,"Hawaii",133588,0,0
282,"Miami",44323,0,0
585,"Hawaii",119062,1,1
287,"Las Vegas",89667,0,0
452,"New York",55645,0,0
513,"Washington",126951,0,0
248,"Las Vegas",124071,1,1
588,"Washington",50350,0,0
642,"Miami",152340,0,0
563,"Chicago",180938,1,3
489,"Miami",59086,1,3
424,"Washington",27239,0,0
554,"Chicago",148698,1,1
441,"New York",57142,0,0
458,"Chicago",150165,1,5
301,"Miami",165146,1,3
512,"Miami",181704,0,0
477,"Miami",179052,0,0
292,"Hawaii",120695,1,2
578,"Las Vegas",136884,0,0
250,"New York",138129,1,3
274,"Washington",98373,0,0
601,"Miami",172106,1,3
579,"Las Vegas",183294,1,4
338,"Washington",183039,1,3
316,"Las Vegas",51226,1,1
437,"New York",29205,0,0
500,"Chicago",92454,1,1
575,"Miami",106885,1,1
237,"New York",36794,1,4
292,"New York",122189,1,3
456,"New York",136566,1,3
530,"Las Vegas",56414,0,0
607,"Las Vegas",89264,0,0
331,"Washington",139884,1,1
411,"Las Vegas",154278,1,1
328,"Las Vegas",56443,1,3
226,"Hawaii",167035,1,4
319,"New York",56033,0,0
627,"Chicago",177967,0,0
605,"Chicago",164611,0,0
293,"Las Vegas",115929,1,2
608,"Miami",68801,0,0
274,"New York",101901,1,2
612,"Hawaii",171612,1,5
321,"Hawaii",141921,1,2
524,"Chicago",92193,0,0
272,"Miami",177545,1,2
206,"Chicago",59622,0,0
460,"Hawaii",164786,1,5
524,"Miami",92098,1,3
484,"Las Vegas",90450,0,0
638,"Miami",92516,1,2
362,"Miami",34800,1,4
456,"New York",68568,1,4
558,"Miami",117919,1,3
212,"Washington",46474,1,2
502,"Hawaii",183768,1,1
596,"New York",27394,0,0
245,"Miami",178978,1,5
501,"Miami",129572,1,4
535,"New York",76304,1,4
329,"Chicago",115889,1,4
244,"Miami",40560,1,3
241,"New York",89448,0,0
410,"New York",196030,1,4
373,"Miami",57896,0,0
377,"New York",175118,0,0
511,"Las Vegas",43298,1,3
295,"Miami",61868,1,4
236,"Las Vegas",47948,0,0
591,"Miami",104364,0,0
385,"Washington",26697,1,2
430,"New York",98309,1,2
527,"Miami",25388,0,0
514,"Las Vegas",126538,1,2
283,"New York",115184,1,2
417,"Hawaii",167695,1,4
550,"Washington",73223,1,1
285,"Miami",63815,1,2
470,"Chicago",118031,0,0
524,"Las Vegas",109037,1,2
495,"New York",149592,1,1
296,"Hawaii",71144,1,1
451,"Washington",179614,1,5
561,"Hawaii",170769,1,1
219,"Miami",51424,1,5
646,"Las Vegas",192076,1,4
625,"Hawaii",90780,1,3
485,"Washington",71812,0,0
415,"Miami",140687,0,0
538,"New York",82589,1,5
642,"Miami",77190,0,0
501,"New York",146571,1,3
351,"New York",135676,1,1
603,"Miami",189310,1,3
392,"Washington",172819,1,4
248,"Chicago",150345,1,4
596,"Washington",144246,0,0
276,"Chicago",127332,1,4
626,"Miami",155860,1,3
438,"Washington",47313,0,0
312,"Washington",34119,1,1
414,"New York",25449,0,0
361,"New York",198333,1,2
256,"New York",37159,1,4
353,"New York",26557,1,4
218,"Chicago",29207,0,0
553,"New York",125439,0,0
343,"Las Vegas",139009,1,1
521,"Miami",84626,1,1
628,"Las Vegas",112599,0,0
336,"Hawaii",113040,0,0
644,"Hawaii",109822,0,0
270,"Miami",28706,0,0
559,"Miami",162383,1,3
452,"New York",167099,1,3
224,"Hawaii",101806,1,1
414,"Miami",64840,1,1
548,"Las Vegas",184450,1,2
572,"Washington",198873,0,0
333,"New York",70599,1,1
236,"Washington",137040,1,4
448,"Hawaii",115003,1,5
516,"New York",192606,1,3
538,"Chicago",104429,1,3
577,"New York",131252,0,0
628,"Chicago",36687,0,0
502,"Hawaii",36357,0,0
449,"Washington",183138,1,2
274,"Chicago",168980,1,5
308,"Washington",33011,1,3
245,"Washington",79637,1,5
550,"Hawaii",196901,0,0
582,"Las Vegas",179450,1,3
557,"Miami",81263,1,5
641,"Miami",29407,0,0
568,"Miami",107873,1,1
252,"Hawaii",57051,1,3
593,"New York",128066,1,4
494,"Las Vegas",156841,1,4
476,"New York",72975,1,1
268,"Hawaii",28569,0,0
278,"Washington",189462,1,5
286,"Hawaii",74104,1,4
449,"Las Vegas",90809,1,4
552,"Washington",199472,1,1
218,"New York",151264,1,3
268,"Hawaii",42657,0,0
594,"Miami",85806,0,0
265,"Washington",118724,1,2
512,"Washington",37871,1,3
578,"Miami",68839,0,0
541,"Las Vegas",33910,0,0
342,"New York",123089,0,0
454,"Hawaii",30366,0,0
381,"Miami",75448,1,1
204,"Hawaii",173750,1,3
422,"Miami",140403,1,5
322,"Miami",85328,1,2
318,"Las Vegas",153676,1,4
572,"Las Vegas",127548,1,1
529,"Miami",35469,0,0
376,"Las Vegas",89769,1,3
417,"Miami",151633,0,0
559,"Miami",114589,0,0
420,"Washington",34329,0,0
278,"Las Vegas",182094,1,2
557,"New York",64338,0,0
471,"Washington",164179,1,3
452,"Washington",182387,1,4
331,"Miami",184285,1,1
502,"New York",116708,0,0
316,"Miami",154313,0,0
236,"Miami",196858,1,2
392,"New York",168077,0,0
412,"Las Vegas",159120,1,2
631,"New York",45015,0,0
368,"Hawaii",192322,1,5
456,"New York",56774,0,0
500,"Hawaii",31918,0,0
465,"New York",57048,0,0
451,"Washington",79703,1,5
625,"New York",42785,0,0
441,"New York",60367,1,3
374,"Las Vegas",72680,1,5
406,"Miami",186139,1,1
514,"Miami",109440,0,0
219,"Las Vegas",76251,1,2
306,"Miami",92555,1,4
551,"Washington",95596,1,2
561,"Washington",175868,1,4
369,"Washington",85441,0,0
240,"Las Vegas",144680,1,2
375,"Washington",48274,0,0
415,"Hawaii",63283,0,0
289,"Washington",178828,1,2
592,"New York",79134,1,4
476,"New York",84037,1,3
609,"New York",177268,1,1
612,"Las Vegas",175376,0,0
409,"Las Vegas",33433,0,0
400,"New York",79814,1,2
204,"Washington",87937,1,5
488,"New York",138603,1,5
628,"New York",85649,0,0
234,"Washington",67699,1,1
320,"Hawaii",71878,0,0
280,"New York",35405,1,1
544,"Washington",113220,0,0
333,"Las Vegas",107649,1,5
220,"Hawaii",34159,1,4
571,"Chicago",92885,1,5
347,"Miami",44946,1,4
449,"New York",65847,1,1
627,"Hawaii",173800,0,0
420,"Hawaii",53849,1,4
485,"Miami",183285,1,1
345,"Miami",33049,0,0
485,"Chicago",41260,0,0
230,"Washington",115007,1,5
567,"New York",67080,0,0
497,"New York",75374,1,1
239,"Washington",146518,1,5
580,"Las Vegas",168342,1,1
431,"Washington",152609,0,0
376,"Hawaii",147696,1,4
507,"New York",37255,0,0
338,"Las Vegas",185257,1,1
592,"Washington",160794,0,0
307,"Miami",184799,1,5
294,"Las Vegas",192069,1,2
283,"Miami",60387,1,1
467,"Washington",92134,1,1
541,"Washington",139204,1,4
536,"Washington",60506,0,0
645,"Hawaii",184422,0,0
650,"Las Vegas",135645,0,0
221,"Chicago",112869,1,2
625,"New York",187574,0,0
590,"Chicago",66057,1,1
204,"New York",158144,1,3
404,"Las Vegas",171426,1,4
428,"Washington",61254,0,0
369,"Washington",55029,1,4
459,"New York",80685,0,0
448,"Chicago",110134,0,0
557,"Miami",71303,0,0
405,"Las Vegas",43255,1,3
309,"Hawaii",67389,1,5
416,"Miami",111700,0,0
578,"New York",110081,1,1
646,"Miami",197935,1,4
310,"Washington",132392,1,4
480,"Hawaii",116471,1,5
406,"Washington",77239,1,2
582,"Miami",117806,1,4
527,"Washington",67085,0,0
286,"New York",53263,1,5
322,"New York",64612,1,3
278,"Washington",150397,1,5
440,"Miami",54324,0,0
350,"Las Vegas",84500,1,5
624,"Hawaii",83473,0,0
634,"Miami",118894,0,0
345,"Las Vegas",89404,0,0
504,"Chicago",92001,0,0
255,"Washington",167222,1,2
519,"Washington",145343,1,5
544,"Hawaii",141299,1,5
349,"Miami",176680,1,2
297,"New York",199143,1,2
402,"Washington",73226,1,2
377,"New York",89252,1,1
459,"Hawaii",185202,1,4
512,"Hawaii",87176,0,0
227,"Hawaii",113130,1,3
505,"Miami",49257,0,0
568,"Hawaii",76974,0,0
596,"New York",125027,0,0
239,"Las Vegas",181382,1,1
312,"Miami",125659,1,1
577,"Washington",161313,1,2
369,"Las Vegas",65934,1,1
458,"New York",112017,1,5
315,"Las Vegas",43487,1,1
208,"Hawaii",83579,0,0
396,"Hawaii",186516,1,3
608,"Miami",149313,1,4
640,"Miami",199981,1,5
404,"Miami",62538,1,1
414,"Las Vegas",99421,0,0
541,"Miami",141932,1,5
420,"Chicago",113942,1,2
566,"Miami",41252,0,0
513,"New York",126458,1,4
621,"Washington",173702,1,1
250,"Miami",126215,1,1
549,"Hawaii",195674,1,2
573,"Hawaii",153532,1,2
450,"Hawaii",137006,1,2
415,"Miami",85621,0,0
255,"Miami",183401,1,3
308,"Las Vegas",26594,0,0
565,"Las Vegas",30494,0,0
491,"Hawaii",174843,1,2
464,"Washington",27385,0,0
392,"Chicago",128485,0,0
587,"Washington",187993,1,2
398,"New York",126403,1,5
369,"Hawaii",80111,1,2
404,"New York",48612,0,0
398,"Miami",38008,0,0
623,"Las Vegas",113125,1,5
353,"Hawaii",174024,1,4
331,"Las Vegas",109753,1,1
363,"Miami",83860,0,0
574,"Las Vegas",125610,1,5
264,"Washington",45439,1,4
454,"New York",123385,0,0
386,"Hawaii",120970,1,3
376,"Hawaii",59913,0,0
337,"Hawaii",85488,1,1
317,"Hawaii",147231,1,4
624,"Miami",76319,1,2
361,"Hawaii",119862,1,5
248,"Hawaii",145851,1,5
376,"Las Vegas",97710,0,0
399,"Miami",42409,1,3
588,"New York",89260,1,2
425,"Hawaii",39272,0,0
298,"Washington",183734,1,5
371,"Washington",106983,0,0
627,"Hawaii",82039,0,0
286,"Chicago",122336,0,0
394,"Washington",122691,0,0
444,"Miami",89232,0,0
316,"Washington",143683,1,2
409,"New York",141180,1,4
308,"Las Vegas",163912,1,4
448,"Washington",148613,1,2
459,"Las Vegas",158975,1,1
569,"Hawaii",198608,1,3
632,"New York",80921,1,4
595,"Las Vegas",135230,1,4
385,"Las Vegas",85432,1,2
532,"Washington",155731,1,1
408,"Las Vegas",172205,1,2
514,"Las Vegas",61371,0,0
462,"Chicago",99983,0,0
406,"New York",180694,1,3
436,"Hawaii",164896,1,3
319,"New York",127082,0,0
303,"Miami",29415,0,0
482,"Washington",189323,0,0
577,"Hawaii",141812,0,0
285,"Miami",148140,1,1
249,"Las Vegas",108337,1,3
374,"Miami",83448,0,0
274,"Washington",129648,1,1
593,"Hawaii",144629,0,0
353,"Las Vegas",66961,1,4
417,"Miami",153704,0,0
376,"Las Vegas",26841,0,0
329,"Miami",57374,1,5
584,"Las Vegas",160746,1,2
323,"Miami",29921,0,0
320,"Miami",31961,1,1
523,"Chicago",193408,0,0
393,"Las Vegas",57568,0,0
583,"New York",161801,1,5
366,"Hawaii",95452,1,2
508,"New York",70649,0,0
626,"Hawaii",109974,1,2
579,"New York",123044,1,4
617,"New York",100201,0,0
532,"Miami",193667,1,3
265,"Las Vegas",113215,1,3
404,"Miami",96993,1,3
501,"Chicago",169813,0,0
409,"Chicago",46955,1,4
244,"Hawaii",97521,1,3
346,"New York",124446,1,3
292,"Miami",144987,1,3
621,"Miami",98123,0,0
326,"Miami",26256,1,1
262,"Miami",26894,1,4
289,"Hawaii",120644,1,1
521,"New York",30879,1,2
466,"Washington",108736,1,2
489,"Chicago",189349,1,1
370,"Las Vegas",145452,1,1
363,"Las Vegas",35176,0,0
479,"New York",75405,0,0
541,"Miami",163522,1,3
601,"Miami",176163,0,0
381,"Miami",86749,1,4
596,"Chicago",125474,0,0
529,"Washington",39863,0,0
209,"Chicago",95589,0,0
448,"Hawaii",56538,1,3
380,"Washington",73841,0,0
423,"Las Vegas",191531,1,4
507,"Washington",170044,1,4
487,"Las Vegas",143395,1,3
595,"Chicago",31362,0,0
563,"Miami",27682,0,0
328,"Chicago",52111,0,0
441,"Las Vegas",54593,0,0
448,"Washington",36120,1,3
291,"Las Vegas",139018,1,2
627,"Hawaii",185895,1,3
268,"New York",96759,1,1
460,"Miami",166033,1,3
293,"Las Vegas",55322,0,0
636,"Miami",31774,0,0
540,"New York",177974,1,1
206,"Washington",89954,1,3
494,"New York",198986,1,1
641,"Chicago",166720,1,2
273,"Las Vegas",177413,1,5
204,"Las Vegas",172668,1,3
348,"Washington",152571,1,2
592,"Chicago",189986,1,4
407,"Hawaii",38673,1,1
585,"Chicago",108248,1,5
606,"Las Vegas",177536,1,4
358,"New York",160741,1,4
636,"Washington",188853,1,3
367,"Las Vegas",115794,1,5
623,"Washington",34566,1,2
488,"New York",139141,0,0
493,"New York",152155,1,2
455,"New York",63528,1,5
614,"Washington",78099,0,0
468,"Miami",95000,0,0
302,"Miami",99557,1,2
608,"New York",120883,1,2
626,"Miami",176084,1,3
466,"Las Vegas",195758,1,1
400,"Miami",87084,1,2
209,"Miami",108664,1,1
273,"Washington",93283,1,4
498,"Hawaii",164549,1,1
206,"Las Vegas",129118,1,3
368,"New York",140272,1,2
549,"Chicago",62348,0,0
560,"Las Vegas",45155,0,0
246,"Miami",104596,1,1
286,"Hawaii",34093,0,0
326,"New York",93280,1,1
380,"New York",171457,1,1
445,"Washington",49749,1,2
228,"Washington",175690,1,4
536,"Washington",195283,1,1
231,"Washington",31205,1,4
546,"Miami",116169,0,0
218,"Las Vegas",150273,0,0
355,"Washington",39292,0,0
429,"Miami",183500,0,0
397,"Hawaii",174360,1,5
201,"New York",37030,1,1
321,"Miami",138851,1,1
603,"Miami",80138,1,2
477,"Chicago",180340,0,0
316,"Hawaii",191684,1,1
447,"Las Vegas",144617,1,2
428,"New York",146889,0,0
551,"Hawaii",111093,0,0
598,"Miami",56845,0,0
290,"Miami",50504,1,5
478,"Las Vegas",71594,1,5
230,"New York",45630,0,0
499,"New York",51488,0,0
631,"Miami",167845,0,0
318,"New York",80952,1,5
235,"Miami",93166,0,0
244,"Las Vegas",164162,1,2
412,"New York",63677,0,0
533,"Washington",57074,1,1
231,"Hawaii",153043,1,1
389,"Las Vegas",87951,1,4
467,"Miami",40815,0,0
425,"Miami",170767,1,1
366,"New York",191493,1,2
292,"Miami",59340,0,0
247,"Hawaii",119091,1,5
330,"Miami",60424,0,0
247,"Hawaii",129254,0,0
205,"New York",175117,1,2
318,"Las Vegas",85487,0,0
222,"Las Vegas",100521,1,3
460,"Washington",161987,1,2
226,"Las Vegas",72850,1,4
379,"Miami",130599,1,4
393,"Las Vegas",144874,1,4
279,"Miami",52940,1,4
264,"New York",152934,1,1
402,"New York",139890,1,3
493,"Hawaii",41287,1,3
276,"New York",115609,1,4
431,"Las Vegas",190572,1,4
305,"Washington",96629,1,2
339,"Hawaii",52305,1,2
226,"Miami",63843,1,3
224,"Miami",119837,1,2
342,"Washington",196082,1,1
313,"Washington",142744,1,2
262,"Las Vegas",44603,1,3
566,"Las Vegas",191389,1,2
520,"New York",102948,0,0
507,"Miami",143430,1,5
643,"Hawaii",68089,1,1
370,"Chicago",181032,1,4
567,"Las Vegas",146670,1,1
206,"Miami",115784,1,4
350,"Washington",140171,1,2
341,"Hawaii",118994,1,4
549,"Washington",95530,0,0
201,"New York",45792,0,0
548,"Las Vegas",97468,0,0
633,"Miami",198410,1,5
578,"New York",68439,0,0
431,"Chicago",131583,1,3
621,"Hawaii",163791,1,2
603,"Washington",190994,1,2
350,"New York",32440,0,0
394,"Miami",128575,0,0
528,"Washington",168294,0,0
641,"New York",55637,0,0
443,"Washington",35351,1,1
283,"New York",174798,1,4
235,"New York",114463,1,5
560,"Hawaii",167556,1,4
384,"New York",45653,1,3
423,"Hawaii",72901,0,0
442,"New York",166011,1,5
545,"Chicago",76920,0,0
290,"Washington",144891,1,4
242,"Miami",182053,1,1
570,"Hawaii",38930,1,5
644,"Miami",64835,0,0
578,"New York",148667,0,0
478,"Las Vegas",75465,0,0
624,"Las Vegas",91993,1,4
339,"Hawaii",32842,0,0
642,"Miami",37142,0,0
253,"Washington",155358,1,5
383,"Chicago",127035,1,5
229,"Washington",128998,0,0
424,"Washington",156081,0,0
216,"Las Vegas",65047,0,0
534,"New York",96370,0,0
219,"Miami",76686,1,4
305,"Miami",61610,1,5
432,"New York",121327,1,4
630,"New York",123538,0,0
591,"Chicago",93971,0,0
404,"Hawaii",115494,0,0
487,"Las Vegas",63310,1,1
438,"Washington",165167,1,5
212,"Miami",195518,1,2
305,"New York",66314,1,1
440,"New York",119892,1,2
613,"Hawaii",48891,0,0
620,"New York",166134,1,4
368,"Miami",192762,1,2
580,"Miami",143434,1,2
446,"Washington",138545,1,5
635,"Hawaii",74615,0,0
498,"New York",76095,0,0
498,"Las Vegas",89903,1,4
628,"Chicago",148915,1,5
200,"Hawaii",108340,1,1
607,"Chicago",41361,0,0
533,"New York",98260,0,0
567,"Washington",139250,1,3
463,"Chicago",55208,1,3
360,"Washington",74800,1,4
219,"Las Vegas",177448,1,4
471,"Las Vegas",60885,0,0
401,"New York",57344,0,0
612,"Las Vegas",80521,0,0
313,"Hawaii",56309,1,1
466,"Las Vegas",195929,1,4
348,"Hawaii",186083,1,2
344,"Hawaii",182226,0,0
507,"Hawaii",159170,0,0
625,"Hawaii",30395,0,0
325,"Hawaii",79754,1,2
550,"Las Vegas",117818,1,3
316,"Chicago",158804,1,5
580,"Chicago",152702,1,3
233,"Hawaii",179081,1,1
521,"New York",108617,1,3
456,"Hawaii",26473,1,2
262,"Washington",42008,0,0
519,"Las Vegas",96583,1,5
391,"Hawaii",198903,1,3
522,"New York",71719,1,1
405,"Miami",76104,1,4
597,"Hawaii",109616,1,3
638,"Las Vegas",93878,0,0
204,"New York",155594,0,0
376,"Las Vegas",47789,0,0
431,"Hawaii",185333,1,1
315,"Hawaii",35381,1,2
241,"Las Vegas",151063,1,2
238,"New York",183370,1,2
528,"Miami",110467,1,5
303,"Miami",119980,1,5
439,"Washington",102407,1,4
432,"Chicago",72804,0,0
264,"Chicago",183322,1,4
333,"Hawaii",66044,1,5
359,"Las Vegas",77205,0,0
623,"Hawaii",112976,0,0
614,"Miami",43137,0,0
335,"Las Vegas",25253,1,2
332,"Las Vegas",32187,0,0
309,"New York",168125,0,0
219,"Chicago",102748,1,4
270,"Washington",133559,1,2
588,"New York",69636,0,0
565,"Chicago",195052,1,2
596,"Washington",44332,0,0
573,"New York",172179,1,2
322,"Las Vegas",55461,0,0
237,"Miami",137398,1,4
628,"New York",138386,0,0
245,"Chicago",108416,1,5
395,"Washington",27959,0,0
569,"Chicago",108021,1,3
246,"Hawaii",153248,1,4
632,"Washington",119465,1,1
371,"Chicago",113409,1,5
295,"New York",145334,1,1
470,"Washington",32110,1,5
222,"Washington",57848,1,1
521,"Miami",126482,0,0
447,"Washington",161317,1,2
492,"Chicago",68268,0,0
611,"Miami",25682,0,0
601,"New York",123377,0,0
299,"New York",139610,1,5
466,"Las Vegas",43606,0,0
252,"Miami",105444,0,0
514,"Hawaii",122740,1,1
615,"Hawaii",197873,0,0
581,"Las Vegas",110754,0,0
344,"Chicago",127451,0,0
395,"Chicago",57617,0,0
320,"Miami",129600,1,1
296,"New York",25257,0,0
428,"Hawaii",36209,1,5
375,"Hawaii",92802,1,3
389,"Washington",67646,1,1
241,"Las Vegas",150383,1,5
505,"Miami",153972,1,5
434,"New York",60324,1,1
598,"Las Vegas",112714,0,0
512,"Hawaii",195917,1,5
283,"Miami",136857,1,5
266,"Washington",39440,0,0
223,"Miami",149082,0,0
287,"Las Vegas",45814,1,4
602,"Washington",50132,0,0
260,"Las Vegas",95852,1,3
643,"Hawaii",179983,1,4
418,"Chicago",38646,0,0
366,"New York",171371,1,1
615,"Washington",161396,0,0
572,"New York",129886,0,0
319,"Hawaii",55008,1,5
412,"Las Vegas",90594,1,3
319,"Hawaii",115864,1,3
255,"New York",149459,0,0
420,"Washington",39841,1,3
417,"Miami",156965,1,1
274,"Miami",51204,1,2
579,"New York",103909,0,0
580,"New York",69692,1,2
559,"Washington",100935,1,3
372,"Chicago",195466,0,0
498,"Chicago",151170,1,2
592,"Las Vegas",76335,0,0
456,"Las Vegas",80027,1,5
532,"New York",50014,0,0
507,"Las Vegas",174375,1,5
554,"Hawaii",153090,1,4
449,"Las Vegas",50794,1,3
231,"Hawaii",188412,1,5
347,"Miami",44436,0,0
221,"Miami",57358,1,4
556,"Hawaii",79479,1,1
436,"Hawaii",83147,1,5
498,"New York",140347,1,2
362,"Hawaii",141481,1,1
642,"Miami",108356,0,0
365,"Hawaii",46941,1,3
469,"Hawaii",163242,1,2
407,"New York",121739,1,3
457,"New York",152738,1,5
625,"Miami",29273,1,4
608,"New York",166835,0,0
345,"Las Vegas",88346,1,5
246,"Las Vegas",66177,0,0
321,"Miami",52918,0,0
575,"Washington",124659,0,0
627,"Las Vegas",57004,0,0
251,"Las Vegas",123716,1,3
465,"Miami",132230,1,1
584,"New York",194875,0,0
468,"Las Vegas",83105,1,1
515,"New York",46332,0,0
244,"Las Vegas",101531,1,1
511,"Miami",163891,1,5
548,"Las Vegas",50044,0,0
218,"Washington",135918,1,3
595,"Washington",126355,0,0
256,"Las Vegas",56817,1,2
543,"Miami",108256,1,1
639,"Miami",31506,0,0
256,"New York",75865,1,4
423,"Hawaii",43828,1,5
617,"Washington",56661,0,0
222,"Miami",160575,1,2
372,"Miami",152623,0,0
389,"Miami",90263,1,4
635,"Washington",122677,0,0
366,"New York",70628,1,3
506,"Hawaii",55396,0,0
635,"Hawaii",29924,0,0
498,"Miami",186624,1,1
429,"Miami",25392,0,0
640,"New York",76220,1,2
637,"Las Vegas",177416,1,1
599,"Chicago",177477,1,4
485,"Chicago",102859,1,5
505,"Washington",117438,1,1
257,"Las Vegas",131933,0,0
297,"New York",57171,1,3
476,"Chicago",136575,1,3
567,"Washington",34478,0,0
349,"Miami",134625,1,4
551,"New York",44750,1,5
548,"Washington",56720,1,2
337,"Hawaii",110458,1,2
462,"Miami",156418,0,0
386,"Miami",120811,1,2
370,"New York",97170,1,4
376,"Washington",57359,1,3
637,"Chicago",185429,1,2
223,"Washington",104389,0,0
255,"Washington",60515,0,0
538,"Washington",182604,0,0
248,"Hawaii",186489,1,5
231,"Las Vegas",111314,1,2
303,"New York",130335,1,2
486,"Miami",116014,1,4
369,"New York",188651,1,2
227,"Hawaii",144781,1,1
255,"New York",73657,1,3
574,"New York",185916,1,1
548,"New York",91706,0,0
558,"Washington",31958,0,0
311,"Hawaii",29585,0,0
636,"New York",43282,1,1
386,"Hawaii",169093,1,4
253,"Chicago",31617,0,0
296,"Miami",132197,1,3
574,"Miami",49171,0,0
534,"New York",42962,0,0
387,"Las Vegas",159059,1,5
579,"Chicago",25465,1,3
463,"Las Vegas",137173,0,0
452,"Las Vegas",136540,1,1
353,"Miami",128108,1,2
559,"Hawaii",54644,0,0
497,"Miami",120394,1,4
329,"Hawaii",120431,1,1
260,"Las Vegas",67051,0,0
362,"Miami",115748,0,0
283,"Washington",106610,0,0
499,"New York",88282,1,2
557,"New York",130026,0,0
528,"Hawaii",115616,1,2
201,"Chicago",178235,1,1
228,"Miami",186119,1,3
377,"Washington",63893,0,0
594,"Washington",38485,0,0
348,"Hawaii",177899,1,3
321,"Las Vegas",52787,0,0
548,"Las Vegas",154907,1,3
383,"Hawaii",37535,0,0
500,"New York",155777,1,2
421,"New York",132500,1,1
240,"Chicago",110498,1,2
247,"Miami",94311,0,0
619,"Miami",38550,0,0
546,"New York",80795,0,0
585,"Chicago",141813,0,0
389,"Chicago",62124,0,0
616,"New York",65003,0,0
437,"Washington",27110,0,0
274,"Las Vegas",96764,0,0
352,"New York",32466,0,0
637,"Las Vegas",195224,1,1
508,"Chicago",28432,0,0
599,"New York",31914,0,0
494,"Las Vegas",71477,1,1
594,"Chicago",134968,1,5
581,"Hawaii",99811,0,0
251,"Washington",199764,1,2
315,"New York",46431,0,0
413,"Hawaii",195817,1,3
606,"Chicago",51877,0,0
459,"New York",26789,0,0
432,"Washington",74394,0,0
239,"New York",55925,1,4
230,"Miami",178436,1,1
389,"New York",27903,0,0
309,"New York",46503,0,0
552,"New York",128635,0,0
522,"New York",74425,0,0
481,"Las Vegas",98799,0,0
261,"Washington",124602,1,4
468,"Las Vegas",39804,1,1
214,"Washington",186474,1,1
617,"Las Vegas",164212,1,3
378,"Miami",83318,0,0
301,"Miami",27979,0,0
512,"Hawaii",174929,1,2
554,"Miami",108103,0,0
574,"Hawaii",111428,0,0
586,"Miami",110792,1,3
228,"Miami",114823,1,3
243,"Las Vegas",132019,1,4
535,"Las Vegas",174595,1,4
210,"Miami",139283,1,4
333,"Washington",74470,0,0
574,"New York",143935,0,0
282,"Hawaii",56145,1,2
380,"Miami",57470,1,1
335,"Miami",166530,1,2
646,"Las Vegas",116610,1,1
402,"Washington",121512,1,1
481,"New York",120115,1,4
427,"Las Vegas",85628,1,4
420,"Washington",187439,1,4
397,"Las Vegas",141243,1,3
219,"Miami",80007,1,4
291,"Chicago",58861,1,5
294,"Chicago",78214,0,0
471,"New York",176597,1,1
238,"Washington",45817,1,2
472,"Washington",80983,1,5
649,"Hawaii",199889,1,5
462,"Chicago",153449,1,2
245,"Las Vegas",173230,1,5
372,"Washington",154601,1,3
530,"New York",191691,0,0
453,"Las Vegas",29337,1,1
610,"Las Vegas",67486,0,0
232,"Las Vegas",150651,1,2
368,"Hawaii",61196,0,0
309,"Chicago",82925,1,2
451,"Las Vegas",63549,0,0
227,"Hawaii",139423,0,0
263,"New York",183007,1,1
281,"Las Vegas",31863,0,0
424,"Las Vegas",164564,1,5
366,"Washington",27424,0,0
362,"Washington",188285,1,1
639,"Hawaii",182407,1,3
302,"New York",163085,1,4
428,"Miami",152538,1,2
526,"Las Vegas",131018,1,3
387,"Washington",181886,1,5
291,"Hawaii",161310,1,1
321,"Miami",46519,1,5
228,"New York",78867,1,2
294,"New York",173650,0,0
558,"Chicago",199824,0,0
347,"Miami",87397,1,4
461,"Miami",164864,1,1
596,"Hawaii",75021,1,5
224,"New York",42530,0,0
593,"Miami",80090,1,1
308,"Hawaii",167053,1,2
369,"Chicago",119167,1,2
561,"Las Vegas",84682,0,0
441,"New York",111368,1,3
272,"New York",163351,1,1
466,"Miami",157392,0,0
551,"Miami",67672,1,4
354,"Washington",121308,0,0
367,"Miami",177798,1,1
400,"Washington",93982,0,0
235,"Las Vegas",69378,1,5
429,"Washington",141857,1,2
506,"Washington",180413,1,2
589,"Las Vegas",71230,0,0
203,"Miami",69874,1,2
446,"New York",41994,0,0
316,"Miami",184614,1,3
555,"Las Vegas",85178,1,4
410,"Washington",128477,1,2
630,"Las Vegas",150987,0,0
470,"New York",100210,1,4
336,"Miami",85425,1,1
471,"Washington",70702,0,0
545,"Washington",193535,1,1
446,"Miami",50227,1,3
326,"Washington",84992,1,3
613,"Miami",87708,0,0
213,"Miami",71322,1,1
631,"Chicago",27308,0,0
237,"Miami",151886,1,2
635,"Washington",155010,1,3
425,"Miami",46333,1,5
243,"Las Vegas",93877,1,3
560,"New York",77218,0,0
294,"Las Vegas",143275,1,3
450,"Miami",115485,1,1
247,"Hawaii",104665,1,5
521,"Miami",27495,0,0
352,"Hawaii",76518,0,0
640,"Miami",137466,0,0
479,"Hawaii",199985,1,1
225,"Las Vegas",26403,1,5
458,"Washington",134443,1,4
630,"New York",163905,1,5
384,"Las Vegas",111237,1,3
555,"Las Vegas",50069,0,0
397,"Washington",40972,1,2
515,"Las Vegas",171381,1,3
352,"Miami",86631,1,3
398,"Chicago",133532,0,0
288,"Las Vegas",125388,1,3
504,"New York",50827,0,0
304,"Hawaii",153410,0,0
621,"Hawaii",80819,0,0
292,"Hawaii",129189,0,0
469,"Las Vegas",143701,0,0
338,"Las Vegas",27950,0,0
622,"Hawaii",45413,0,0
237,"Chicago",83196,1,5
505,"New York",51714,1,3
601,"New York",198044,1,3
391,"New York",32157,1,2
639,"Hawaii",89768,0,0
423,"Hawaii",29767,0,0
243,"Las Vegas",71434,1,4
586,"Washington",43947,0,0
603,"Washington",122207,0,0
244,"Miami",135890,1,3
445,"New York",88160,1,1
460,"Miami",159050,1,4
430,"Miami",159466,0,0
493,"Miami",93288,1,1
435,"New York",130148,1,3
571,"Las Vegas",44548,0,0
504,"Hawaii",78602,0,0
233,"Miami",136686,1,5
443,"Hawaii",39858,0,0
360,"Las Vegas",188298,1,3
288,"Miami",75977,1,3
532,"Chicago",105183,0,0
450,"New York",188386,1,2
237,"Las Vegas",167075,1,2
564,"Washington",182738,1,4
621,"Hawaii",82138,0,0
383,"Chicago",85398,1,5
278,"Las Vegas",56645,1,1
250,"Miami",64498,0,0
387,"New York",110827,1,5
222,"Miami",126838,1,1
597,"Chicago",99379,1,2
530,"Miami",99542,0,0
588,"Hawaii",52775,0,0
414,"Hawaii",29348,0,0
223,"Las Vegas",181466,1,2
324,"Miami",42102,1,3
586,"Miami",170225,1,3
465,"New York",167287,1,4
288,"Las Vegas",120457,1,5
309,"New York",125328,1,1
320,"New York",101238,1,2
410,"Washington",128726,1,5
493,"New York",105018,0,0
476,"Chicago",127886,0,0
269,"Miami",123992,1,5
209,"New York",51473,1,5
274,"Hawaii",135418,1,5
273,"Miami",153576,1,1
268,"Miami",67525,0,0
242,"Las Vegas",105252,1,2
617,"Washington",187089,0,0
249,"Washington",194714,1,2
319,"Washington",119991,1,1
623,"Las Vegas",136222,0,0
243,"Chicago",45845,1,1
597,"Miami",152832,0,0
212,"New York",178952,1,2
550,"Chicago",126291,1,1
297,"New York",168232,1,1
360,"Las Vegas",53584,1,2
307,"Hawaii",187298,1,1
597,"Washington",182197,1,5
274,"Chicago",166799,0,0
250,"Miami",138834,1,5
620,"Las Vegas",58847,0,0
210,"Miami",136802,1,5
633,"Chicago",132171,0,0
201,"New York",189796,1,1
547,"Washington",104003,1,1
465,"Miami",153468,1,2
572,"Chicago",33229,1,5
432,"Miami",41475,1,2
448,"Miami",80134,0,0
297,"Las Vegas",36433,1,4
628,"New York",67524,1,4
509,"Chicago",123132,1,1
548,"Hawaii",44430,0,0
433,"Las Vegas",192139,1,5
622,"Washington",193721,0,0
372,"Chicago",89272,1,4
415,"Hawaii",197327,1,1
604,"Chicago",129584,1,2
458,"Las Vegas",79201,0,0
616,"Hawaii",131043,1,4
383,"Miami",161431,1,3
583,"New York",157291,1,5
580,"Hawaii",105217,1,4
526,"Chicago",168762,1,1
321,"New York",134993,1,5
271,"Las Vegas",169236,1,1
513,"Chicago",35082,0,0
381,"Miami",156110,1,5
350,"Washington",133479,1,5
417,"Las Vegas",90753,0,0
265,"Chicago",133851,1,3
452,"Las Vegas",111325,0,0
371,"Chicago",153797,1,1
591,"Miami",149420,0,0
536,"New York",128408,1,3
235,"New York",173196,1,5
355,"Miami",156001,1,3
239,"Chicago",158566,1,4
281,"Miami",56920,0,0
414,"Las Vegas",148739,1,3
421,"Miami",114870,1,2
232,"Hawaii",196230,1,5
449,"Miami",186063,1,5
591,"Hawaii",134816,1,4
353,"Washington",168289,1,2
395,"Washington",129815,0,0
327,"Miami",168555,1,5
202,"Chicago",143596,1,4
404,"Miami",143706,1,3
383,"New York",175169,1,4
529,"Las Vegas",147860,1,1
463,"Las Vegas",175860,1,1
630,"New York",64873,0,0
299,"Las Vegas",93319,1,1
337,"Las Vegas",147092,1,3
246,"Miami",191235,1,2
322,"Las Vegas",135896,1,1
427,"Miami",68607,1,4
290,"Washington",168962,1,2
600,"Miami",118067,1,3
543,"New York",67155,0,0
342,"Las Vegas",40643,1,5
501,"Las Vegas",33723,0,0
590,"New York",79127,0,0
443,"Las Vegas",128768,0,0
614,"Washington",83053,1,2
642,"Washington",151684,0,0
246,"Las Vegas",69858,1,3
370,"New York",87084,1,5
563,"New York",81939,0,0
299,"Hawaii",28092,0,0
406,"Miami",167552,1,3
293,"Washington",64841,1,3
469,"Miami",46527,1,4
348,"New York",184217,1,1
632,"Washington",75256,0,0
345,"Hawaii",101374,1,1
576,"New York",157220,1,2
254,"Miami",55078,1,1
342,"Washington",32599,1,3
441,"Hawaii",177032,0,0
230,"Las Vegas",160814,1,4
323,"Hawaii",143268,1,5
489,"Washington",80044,1,2
463,"Chicago",73736,1,5
515,"Chicago",165823,0,0
388,"Las Vegas",152383,1,5
599,"Washington",45743,1,3
387,"Las Vegas",97587,1,1
616,"Washington",76611,0,0
532,"New York",114261,1,1
463,"Hawaii",109167,0,0
500,"Hawaii",190444,1,3
455,"Miami",93583,1,3
340,"New York",147540,1,5
502,"Las Vegas",56174,0,0
600,"New York",94143,0,0
587,"New York",139440,0,0
285,"New York",48614,1,1
455,"Miami",148429,0,0
453,"Las Vegas",130936,1,4
357,"Hawaii",186363,1,2
217,"Hawaii",110719,1,1
266,"New York",176325,1,4
601,"Hawaii",86393,1,4
427,"Hawaii",68186,0,0
561,"Las Vegas",181059,0,0
422,"Hawaii",106854,0,0
575,"Chicago",116085,0,0
425,"Washington",175794,1,4
487,"Washington",107968,1,4
356,"Washington",44133,1,2
317,"Miami",87558,1,1
325,"Hawaii",36054,0,0
561,"Washington",82196,0,0
570,"Chicago",139986,0,0
414,"Washington",87563,0,0
399,"Miami",61963,0,0
563,"Miami",178348,1,1
623,"Miami",145458,0,0
554,"Las Vegas",113329,1,1
298,"New York",198870,1,5
335,"Washington",145264,1,2
215,"Chicago",171388,1,4
285,"New York",135523,1,1
396,"Las Vegas",156044,1,5
283,"Miami",199969,1,5
569,"New York",93937,0,0
220,"Chicago",124912,1,1
398,"Miami",190748,1,1
616,"Las Vegas",49219,1,3
226,"Hawaii",41497,0,0
248,"Las Vegas",118001,0,0
326,"Chicago",174553,0,0
619,"Las Vegas",84247,1,5
418,"Miami",179193,1,3
545,"Hawaii",155955,1,3
607,"Miami",38107,0,0
225,"Las Vegas",129433,1,5
591,"Las Vegas",54246,0,0
309,"Hawaii",75141,1,3
556,"Miami",44307,1,5
641,"Miami",91482,1,5
507,"New York",145290,0,0
370,"Hawaii",143681,1,5
294,"Las Vegas",168154,1,3
235,"New York",102664,1,3
556,"Hawaii",66005,0,0
490,"Las Vegas",52622,1,4
600,"Hawaii",180731,0,0
569,"New York",96348,0,0
547,"Las Vegas",67201,1,2
545,"New York",58211,1,5
596,"Las Vegas",33328,0,0
340,"Las Vegas",113171,0,0
479,"New York",56769,1,2
526,"Miami",134690,1,1
581,"Hawaii",169992,0,0
609,"Washington",86392,0,0
614,"Washington",120464,0,0
247,"Las Vegas",29153,1,4
275,"Miami",115618,1,2
437,"New York",130985,1,2
621,"Washington",145313,1,4
362,"Chicago",131628,1,4
550,"Miami",67804,1,4
264,"Washington",34492,1,1
542,"New York",176118,1,4
230,"Washington",158470,1,3
438,"Miami",73139,1,5
255,"Miami",198146,1,4
276,"Washington",80281,1,4
375,"Washington",71767,1,5
248,"Miami",55754,1,1
274,"Las Vegas",164292,1,3
479,"Miami",77646,1,5
230,"Las Vegas",52620,1,1
399,"Washington",176137,1,2
508,"Hawaii",43316,0,0
585,"New York",167249,1,4
366,"New York",63563,1,4
422,"Washington",105818,0,0
489,"Hawaii",97460,1,4
360,"Miami",67444,0,0
562,"Miami",79302,0,0
621,"Hawaii",106998,0,0
293,"Chicago",76963,0,0
378,"Las Vegas",54265,0,0
513,"Miami",26663,0,0
313,"Miami",89601,1,2
270,"Las Vegas",102751,1,2
537,"Washington",66927,0,0
313,"Hawaii",190084,1,2
620,"New York",98853,0,0
229,"Las Vegas",100176,1,2
274,"New York",81043,0,0
554,"Hawaii",133391,1,1
377,"Hawaii",97911,1,4
228,"Hawaii",179440,1,2
364,"Hawaii",147232,1,3
280,"Hawaii",124486,1,5
431,"New York",141360,1,2
344,"Chicago",199586,1,5
483,"New York",82592,0,0
576,"Hawaii",179248,1,2
545,"New York",158870,0,0
359,"Washington",176421,1,3
584,"Las Vegas",29902,0,0
336,"Chicago",173193,1,5
305,"Las Vegas",182976,1,2
613,"Hawaii",88789,0,0
422,"Las Vegas",181506,1,3
268,"New York",146165,1,3
553,"Las Vegas",159103,1,2
464,"Chicago",124166,0,0
324,"New York",133878,1,4
378,"Miami",88588,1,3
504,"Las Vegas",56525,1,1
647,"Washington",61036,0,0
632,"Washington",36646,0,0
468,"New York",195662,0,0
240,"Miami",172632,1,2
641,"New York",102245,0,0
544,"Chicago",113924,0,0
373,"New York",186234,1,1
412,"Washington",193021,1,1
258,"Washington",123348,1,4
271,"Washington",65957,1,3
304,"Las Vegas",190986,1,2
472,"New York",49881,0,0
392,"Chicago",176103,1,1
416,"Washington",65651,1,3
475,"Washington",88272,0,0
269,"Las Vegas",100696,1,3
273,"Washington",183235,1,3
429,"Washington",44093,0,0
333,"Miami",148945,0,0
524,"Miami",196275,1,3
283,"Chicago",117733,1,4
390,"New York",36811,0,0
488,"Washington",123552,0,0
634,"Washington",35126,0,0
458,"Miami",104297,0,0
623,"Washington",91851,0,0
240,"Las Vegas",135990,1,1
302,"Las Vegas",63906,1,3
293,"New York",181979,1,3
612,"Hawaii",48131,1,2
288,"Washington",27149,0,0
603,"New York",199152,1,3
423,"New York",176800,1,2
316,"Hawaii",55282,0,0
419,"Washington",47264,1,1
624,"Las Vegas",179688,1,1
609,"New York",70542,0,0
628,"Miami",186566,0,0
591,"Hawaii",32407,1,4
530,"Las Vegas",80311,1,4
365,"Las Vegas",73803,1,5
566,"Chicago",154421,1,5
399,"Las Vegas",151298,1,1
270,"New York",32782,1,2
367,"Las Vegas",112317,0,0
636,"Las Vegas",85052,0,0
401,"New York",115009,1,4
324,"New York",75817,0,0
406,"Miami",189498,1,4
362,"Miami",145412,1,2
556,"Chicago",80473,1,4
513,"New York",186160,1,5
385,"New York",53286,1,1
443,"Washington",39939,1,2
309,"Washington",159554,1,5
629,"Hawaii",187901,1,4
563,"New York",70662,0,0
304,"Las Vegas",193789,1,3
347,"Miami",174140,0,0
333,"Washington",91062,0,0
407,"Washington",67682,1,3
472,"New York",35235,0,0
449,"Miami",183682,1,3
521,"Miami",148753,1,4
582,"Washington",69309,1,5
649,"New York",119661,0,0
404,"Chicago",105861,0,0
244,"Miami",62542,1,4
399,"Washington",104226,1,5
591,"Las Vegas",194866,0,0
486,"Miami",182250,0,0
566,"Chicago",66138,0,0
298,"Miami",46885,0,0
589,"New York",127921,1,5
420,"New York",97501,1,1
246,"Hawaii",141600,1,3
529,"Hawaii",119987,1,5
489,"New York",36316,1,5
429,"New York",121249,1,3
340,"New York",187430,1,4
333,"Chicago",82441,1,4
218,"Hawaii",194426,1,1
266,"New York",132554,0,0
283,"Chicago",149261,1,1
417,"Chicago",139800,0,0
267,"Washington",178998,1,3
567,"New York",41072,1,4
627,"New York",73554,1,3
587,"Washington",33101,0,0
308,"Miami",91940,1,5
610,"Las Vegas",36247,0,0
567,"Hawaii",149471,0,0
523,"Miami",179331,1,3
527,"New York",134266,0,0
236,"Chicago",175858,1,3
296,"New York",61403,1,2
513,"New York",156426,1,2
517,"Chicago",117249,0,0
407,"Washington",112805,0,0
520,"Washington",181128,0,0
362,"Las Vegas",46220,0,0
256,"New York",66061,1,2
561,"New York",92327,1,1
545,"Chicago",78870,1,1
447,"New York",38984,0,0
424,"Chicago",48744,0,0
335,"Las Vegas",171882,1,4
382,"Washington",160617,1,3
392,"Miami",196075,1,5
285,"Las Vegas",61484,0,0
342,"New York",189772,1,1
394,"Washington",150865,0,0
490,"Las Vegas",117352,1,3
263,"Miami",54222,0,0
242,"Las Vegas",141858,1,2
421,"Hawaii",51853,0,0
499,"Miami",80953,0,0
401,"Hawaii",106560,1,4
574,"Miami",89324,0,0
381,"Miami",43980,1,5
329,"New York",97112,1,3
590,"New York",187447,1,4
265,"Washington",77101,0,0
321,"New York",132303,0,0
279,"Miami",25261,1,1
401,"Chicago",90001,0,0
527,"Las Vegas",139799,1,4
563,"Las Vegas",39025,0,0
268,"Hawaii",108365,1,5
608,"Hawaii",26514,0,0
591,"New York",191881,1,2
406,"Hawaii",188056,1,1
211,"Washington",169199,1,2
437,"Miami",193771,1,1
307,"New York",73224,0,0
589,"Miami",164875,1,3
264,"Hawaii",52238,0,0
481,"Miami",54308,0,0
423,"New York",154657,1,3
483,"Hawaii",186221,1,4
278,"New York",146565,1,2
379,"Hawaii",163625,1,3
546,"Las Vegas",149868,0,0
443,"New York",41298,0,0
624,"Miami",133860,0,0
426,"Miami",193559,1,4
521,"New York",57408,0,0
523,"Chicago",32547,1,2
577,"New York",127786,0,0
399,"Chicago",29868,1,2
402,"Washington",123830,1,3
371,"New York",147962,1,1
215,"Las Vegas",119565,1,3
412,"Las Vegas",47953,1,1
451,"Hawaii",133386,1,3
345,"Miami",27969,0,0
613,"Miami",180965,1,1
623,"New York",41391,0,0
550,"Washington",52027,0,0
265,"New York",199704,1,5
200,"New York",155099,0,0
599,"New York",146462,0,0
267,"Las Vegas",151523,0,0
423,"Las Vegas",40656,0,0
220,"Chicago",68379,1,2
210,"Chicago",81685,0,0
357,"Chicago",67382,1,2
332,"New York",141051,0,0
215,"Miami",178184,1,4
594,"New York",90773,0,0
601,"Hawaii",29478,0,0
244,"Washington",137066,0,0
488,"New York",161825,1,4
449,"Chicago",94604,1,5
613,"Miami",99948,0,0
249,"Miami",166066,1,2
455,"Las Vegas",34032,1,5
440,"Las Vegas",163908,1,4
313,"Miami",160975,1,1
581,"Hawaii",169529,1,2
528,"Miami",80920,1,1
388,"New York",99604,0,0
382,"Hawaii",105229,1,1
574,"Chicago",34881,0,0
458,"New York",58029,0,0
545,"Hawaii",194763,1,4
247,"Las Vegas",152235,1,4
599,"Hawaii",80409,0,0
250,"Las Vegas",127224,1,1
609,"Miami",80150,0,0
287,"Hawaii",55823,1,1
579,"Hawaii",198796,0,0
592,"Miami",91322,1,5
493,"Washington",170821,1,5
649,"New York",199933,1,1
436,"New York",105599,0,0
362,"New York",64517,1,1
450,"Miami",157924,1,4
586,"New York",35208,0,0
489,"Washington",136316,1,4
201,"Hawaii",180296,1,2
283,"New York",123378,0,0
320,"Miami",84393,1,5
324,"Hawaii",80990,1,2
356,"Miami",74772,1,2
339,"Las Vegas",181723,1,3
390,"New York",69913,0,0
335,"Hawaii",157319,1,4
502,"Miami",100298,1,2
375,"Miami",99964,0,0
303,"Hawaii",104311,1,3
415,"Miami",161459,1,4
233,"Las Vegas",157146,0,0
296,"Washington",111687,1,5
576,"Miami",106197,1,2
206,"New York",126379,0,0
442,"Chicago",166757,1,4
640,"Hawaii",187475,1,2
233,"New York",199202,1,3
293,"Las Vegas",137453,1,1
415,"New York",185656,1,1
581,"Hawaii",138070,0,0
276,"Washington",63280,0,0
321,"Washington",163110,1,3
628,"Washington",75461,0,0
511,"Miami",79289,1,3
610,"Las Vegas",42699,1,5
401,"Las Vegas",48852,0,0
200,"Las Vegas",139676,1,5
527,"Las Vegas",179923,1,2
624,"Las Vegas",192136,1,2
215,"Hawaii",182663,1,5
293,"Chicago",193941,1,5
467,"Las Vegas",161774,1,5
418,"New York",90698,1,5
398,"Las Vegas",175894,1,5
404,"New York",195280,1,2
613,"Chicago",186072,0,0
424,"Hawaii",132840,0,0
367,"Las Vegas",77371,0,0
565,"Las Vegas",63801,0,0
357,"Hawaii",185114,1,3
232,"Washington",149689,1,1
215,"Hawaii",123075,1,2
624,"New York",175395,0,0
454,"Hawaii",26671,0,0
579,"New York",188745,1,5
529,"Chicago",146448,1,3
641,"New York",68401,0,0
383,"New York",136216,1,3
564,"Las Vegas",195275,1,2
326,"Las Vegas",25042,1,2
446,"New York",182979,1,2
488,"New York",51637,0,0
609,"Miami",95305,0,0
252,"Hawaii",49539,0,0
565,"Las Vegas",53673,1,3
481,"Las Vegas",88821,1,5
501,"Chicago",199689,1,4
580,"Miami",92066,0,0
232,"Miami",44695,0,0
396,"New York",141503,1,1
538,"Washington",168867,1,1
357,"Las Vegas",143205,1,5
224,"Miami",119646,1,4
364,"Chicago",29242,0,0
544,"New York",185589,1,1
509,"New York",105350,0,0
531,"New York",45399,1,5
246,"Las Vegas",71944,1,3
427,"Miami",165542,1,5
290,"New York",131255,1,2
260,"Las Vegas",43839,1,3
230,"New York",100203,1,1
297,"Chicago",168033,1,5
378,"Chicago",48996,0,0
629,"New York",194614,1,3
418,"New York",72248,1,4
303,"Miami",187430,1,4
440,"Hawaii",151424,1,3
555,"Las Vegas",75097,1,3
395,"Las Vegas",79872,1,3
298,"Washington",169367,1,1
215,"Las Vegas",95515,1,1
406,"New York",53691,0,0
245,"Hawaii",38422,1,4
468,"Chicago",39240,0,0
373,"Washington",109574,0,0
474,"New York",159020,1,1
474,"Chicago",133021,1,2
204,"Hawaii",69704,1,4
459,"Washington",41793,0,0
572,"Hawaii",41596,0,0
266,"Washington",196817,1,1
591,"New York",145800,0,0
581,"Chicago",196089,1,1
317,"Las Vegas",109736,1,4
433,"New York",134283,0,0
254,"Hawaii",65534,1,5
364,"Chicago",164519,1,2
393,"Las Vegas",109339,1,1
473,"Washington",34904,1,2
587,"Hawaii",67875,0,0
561,"Las Vegas",109828,0,0
302,"Hawaii",189315,1,3
527,"Miami",138195,1,5
432,"Washington",47387,0,0
356,"Miami",69661,1,4
267,"Miami",45231,1,1
253,"Miami",26495,0,0
560,"Las Vegas",132607,0,0
563,"Las Vegas",100122,1,4
274,"Miami",61689,0,0
267,"New York",90994,1,4
530,"Hawaii",81780,1,3
311,"Washington",95486,0,0
423,"New York",75581,1,4
593,"Miami",114556,1,1
232,"Washington",197415,1,1
335,"Washington",154330,1,3
475,"Las Vegas",99647,1,5
380,"Washington",138893,0,0
366,"Miami",92359,1,4
507,"Chicago",178658,0,0
637,"Hawaii",39887,0,0
609,"Washington",118628,1,5
373,"Miami",129602,1,4
273,"Chicago",139310,1,5
257,"Las Vegas",117572,1,3
547,"Chicago",97128,1,1
649,"Washington",98793,0,0
420,"New York",126827,0,0
341,"Las Vegas",129736,1,1
615,"New York",33370,0,0
610,"Washington",110342,1,1
574,"Las Vegas",48274,0,0
287,"Hawaii",101744,1,2
417,"Las Vegas",89137,1,2
460,"Miami",81551,1,4
301,"Las Vegas",159652,1,4
299,"New York",150183,0,0
244,"New York",45521,1,4
285,"New York",96540,1,4
270,"Las Vegas",68855,1,1
494,"Miami",122082,1,3
348,"Miami",189933,1,1
479,"Washington",118986,1,3
251,"Miami",151069,1,5
309,"New York",85921,1,5
399,"Washington",46497,1,2
447,"Washington",103446,1,5
333,"Miami",136880,1,1
365,"New York",41958,1,5
639,"Hawaii",146721,0,0
488,"Las Vegas",169186,1,2
589,"New York",146126,0,0
457,"Miami",139791,0,0
512,"New York",172786,0,0
333,"Miami",65245,1,1
330,"New York",148992,1,4
619,"New York",130724,1,4
640,"Hawaii",30965,0,0
550,"New York",171863,1,1
376,"Las Vegas",88592,1,1
597,"Hawaii",191434,1,4
418,"Hawaii",148003,1,3
396,"New York",165927,1,5
212,"Hawaii",128798,1,5
355,"Las Vegas",58656,1,5
588,"Las Vegas",84201,0,0
608,"Washington",150976,1,4
415,"Miami",127249,1,4
371,"New York",154560,1,3
270,"Las Vegas",144051,1,2
275,"Las Vegas",166936,1,3
424,"New York",192985,1,4
537,"Las Vegas",48239,0,0
587,"Chicago",146246,1,3
422,"New York",149800,1,3
440,"New York",57445,0,0
284,"Washington",144117,1,5
479,"Hawaii",184494,1,3
298,"New York",93405,0,0
585,"New York",129073,0,0
465,"Miami",110498,1,4
281,"Chicago",78772,0,0
239,"Miami",35162,1,4
381,"Las Vegas",168095,1,5
240,"New York",54911,0,0
540,"Washington",168852,1,1
418,"Chicago",130119,0,0
237,"Miami",166031,1,1
617,"Las Vegas",78895,0,0
598,"Chicago",146162,0,0
609,"New York",99387,1,1
263,"Chicago",28924,0,0
254,"Miami",77527,0,0
473,"New York",170160,1,1
316,"Washington",124857,1,1
457,"Miami",145093,1,5
348,"Miami",153102,0,0
324,"Miami",34879,0,0
334,"Washington",68992,0,0
464,"New York",82027,1,5
544,"Las Vegas",25903,1,4
391,"Miami",174985,1,3
243,"Chicago",76260,1,1
566,"Miami",34390,0,0
249,"Chicago",180550,1,2
240,"Las Vegas",112605,1,5
308,"Miami",132163,1,4
606,"Miami",88419,0,0
594,"New York",131054,1,4
380,"New York",184331,1,2
476,"Miami",190063,1,3
303,"Las Vegas",194485,1,5
512,"Las Vegas",141522,1,5
265,"Miami",144555,1,3
467,"Washington",28911,1,4
587,"Las Vegas",162216,1,4
368,"Chicago",125070,1,1
228,"Chicago",41393,0,0
587,"Hawaii",160053,1,5
450,"New York",109300,0,0
645,"Las Vegas",198751,1,3
324,"Chicago",117934,1,3
400,"Las Vegas",169779,1,2
299,"Hawaii",63830,1,1
364,"Washington",193364,1,2
396,"Miami",57972,0,0
499,"Hawaii",32714,0,0
436,"Las Vegas",118256,0,0
523,"Washington",98573,0,0
360,"Las Vegas",192286,1,3
416,"Hawaii",115118,1,5
302,"Washington",179172,1,4
595,"Las Vegas",196724,1,3
545,"Washington",177920,1,5
473,"Las Vegas",131805,1,5
536,"Miami",54611,1,4
585,"Chicago",106722,0,0
628,"Hawaii",115265,0,0
646,"Las Vegas",138182,0,0
273,"Hawaii",32505,0,0
340,"Washington",67437,1,2
271,"Miami",102212,1,3
410,"Washington",125338,0,0
293,"Miami",50048,1,5
343,"New York",115006,0,0
257,"Las Vegas",175341,1,2
331,"Chicago",82249,0,0
639,"Chicago",130758,0,0
284,"Washington",73823,1,3
203,"New York",33861,1,3
424,"Washington",79542,0,0
236,"Miami",26506,0,0
251,"New York",43467,0,0
301,"Miami",184665,1,1
217,"Washington",122882,1,2
382,"Chicago",119884,1,1
421,"Miami",198712,1,5
399,"Las Vegas",137609,1,4
284,"New York",68523,0,0
580,"Hawaii",57078,0,0
241,"Miami",101653,1,4
605,"Las Vegas",137376,1,5
338,"Washington",192325,1,5
267,"New York",119057,1,2
316,"Miami",63338,1,3
465,"Miami",59649,1,5
409,"Washington",75148,1,2
221,"Hawaii",108697,1,2
231,"Hawaii",101619,0,0
566,"Washington",115160,0,0
575,"Washington",183269,0,0
286,"Miami",112579,1,5
344,"New York",127722,1,5
502,"Las Vegas",138505,1,3
619,"Las Vegas",99176,0,0
272,"Miami",101554,1,1
638,"New York",119125,1,3
428,"Hawaii",26899,0,0
421,"Las Vegas",94702,1,3
424,"Hawaii",102439,1,4
443,"Washington",188312,1,1
264,"Las Vegas",177416,1,5
642,"Miami",100247,1,3
492,"Hawaii",50515,0,0
293,"Washington",55975,1,1
650,"New York",78095,0,0
244,"Hawaii",174391,1,2
429,"Hawaii",82437,1,2
632,"Las Vegas",117764,1,1
352,"Washington",71745,0,0
229,"Las Vegas",136418,1,1
336,"Miami",43324,1,3
314,"Washington",44309,1,1
362,"New York",99286,0,0
307,"Las Vegas",169006,0,0
455,"Washington",153896,1,3
318,"New York",191000,1,2
286,"New York",152842,1,5
323,"Miami",154530,1,2
621,"Miami",189904,1,5
616,"Miami",184445,1,1
527,"Las Vegas",87312,1,4
500,"New York",63623,0,0
570,"Miami",72800,0,0
259,"New York",144215,0,0
613,"New York",111247,0,0
457,"Miami",109059,1,3
262,"Miami",81904,1,3
247,"Miami",144624,1,2
278,"Chicago",105479,1,4
480,"New York",159899,0,0
483,"Las Vegas",39817,1,1
292,"Hawaii",74099,1,2
342,"Hawaii",152493,1,1
308,"Washington",138401,1,2
513,"New York",133807,0,0
206,"Miami",31251,1,4
412,"Las Vegas",60550,0,0
285,"Miami",78235,1,2
542,"Miami",53225,0,0
226,"New York",113954,1,3
224,"Chicago",130859,1,5
286,"Chicago",126219,0,0
542,"New York",75865,0,0
450,"Miami",164603,1,5
215,"Miami",42555,0,0
494,"Las Vegas",159468,1,4
422,"Las Vegas",87359,0,0
307,"Washington",61410,1,2
506,"Miami",80411,1,1
227,"Miami",176432,1,4
296,"Chicago",172933,1,1
545,"New York",129695,1,5
620,"Chicago",76820,0,0
468,"Hawaii",59071,0,0
464,"Chicago",103643,0,0
579,"Miami",190801,1,2
224,"Chicago",40861,1,4
405,"New York",83912,0,0
623,"New York",168909,1,2
432,"Las Vegas",26612,0,0
480,"New York",124241,1,3
377,"Miami",113888,0,0
376,"New York",30875,0,0
645,"Hawaii",188758,1,2
545,"Las Vegas",83733,0,0
381,"Miami",88480,1,5
248,"Washington",182641,1,4
265,"Miami",96283,1,3
425,"Washington",168254,1,4
532,"Washington",67262,0,0
475,"Las Vegas",144224,1,4
639,"Miami",178868,0,0
201,"Miami",144684,0,0
219,"Chicago",53941,1,3
353,"Hawaii",117075,0,0
596,"Chicago",129929,0,0
310,"Miami",127639,1,2
408,"Washington",83408,0,0
488,"Chicago",47671,1,5
384,"New York",64889,1,1
590,"Washington",188264,1,2
389,"New York",57916,1,2
451,"Las Vegas",159645,1,1
200,"Miami",76910,1,5
295,"Las Vegas",70222,1,1
628,"Miami",134926,1,4
411,"Chicago",90996,0,0
586,"Las Vegas",114482,1,4
270,"Las Vegas",121346,1,4
473,"Las Vegas",158496,1,2
270,"Washington",74302,1,4
515,"Las Vegas",153926,1,4
203,"Las Vegas",29095,0,0
215,"Washington",141999,1,2
379,"Miami",88541,1,5
330,"New York",129163,0,0
525,"Hawaii",134843,1,5
310,"Hawaii",144221,1,1
473,"Hawaii",71075,1,3
401,"Miami",26059,1,3
266,"New York",46465,0,0
471,"Chicago",27703,0,0
344,"Washington",135859,0,0
287,"Las Vegas",64776,1,1
592,"Las Vegas",188147,0,0
566,"New York",102034,0,0
547,"Miami",30910,0,0
488,"New York",125101,0,0
517,"Chicago",77819,1,4
474,"Miami",73427,0,0
368,"Miami",27707,0,0
607,"Miami",112981,1,4
416,"Las Vegas",140843,0,0
392,"New York",139172,0,0
260,"Miami",27749,1,1
409,"Las Vegas",199228,1,3
432,"Chicago",146369,1,4
251,"Hawaii",192408,1,4
496,"Las Vegas",141333,1,4
329,"Las Vegas",44159,1,5
435,"Chicago",104983,0,0
401,"Washington",66169,0,0
463,"Las Vegas",170736,1,2
484,"Hawaii",88914,0,0
204,"Hawaii",179872,1,1
255,"Las Vegas",39231,1,4
476,"Hawaii",152017,1,2
541,"Miami",62290,0,0
367,"Washington",167034,1,5
526,"Las Vegas",69308,0,0
247,"Miami",61250,1,2
264,"Las Vegas",114495,1,3
372,"Washington",176190,1,4
385,"Las Vegas",104376,1,5
459,"Miami",53033,1,2
526,"Washington",35371,0,0
276,"New York",169779,1,2
364,"New York",87928,0,0
429,"Washington",106383,1,2
493,"New York",38648,1,4
254,"Chicago",187970,1,3
426,"New York",170222,0,0
263,"Las Vegas",150735,1,1
247,"New York",25572,1,1
634,"Miami",114280,1,5
311,"Hawaii",116662,1,4
551,"Las Vegas",142207,1,4
568,"Miami",74631,1,3
226,"Hawaii",179151,1,2
597,"New York",74717,0,0
383,"Las Vegas",42435,1,1
210,"Chicago",167924,1,2
448,"New York",192970,1,2
640,"New York",109953,1,5
371,"Las Vegas",89059,1,5
464,"Washington",34789,0,0
588,"Las Vegas",142798,1,5
440,"Las Vegas",88986,0,0
645,"Las Vegas",30932,0,0
572,"Chicago",191676,0,0
327,"Washington",93955,0,0
492,"Miami",84528,1,5
560,"Miami",92837,1,3
544,"Chicago",91174,1,3
591,"Hawaii",173205,1,5
535,"Chicago",61736,1,2
496,"Miami",80275,0,0
396,"Washington",93985,1,2
506,"Chicago",171339,0,0
426,"Las Vegas",115643,1,1
600,"Miami",164741,0,0
577,"New York",155218,0,0
447,"Las Vegas",50082,0,0
415,"Hawaii",154116,1,1
211,"New York",193624,0,0
393,"Hawaii",157379,1,1
503,"Chicago",35803,0,0
441,"Chicago",141444,0,0
245,"New York",34501,1,5
458,"Las Vegas",40870,0,0
322,"Miami",198802,1,4
472,"New York",182828,1,3
382,"Hawaii",49115,0,0
319,"Las Vegas",126362,1,4
208,"Washington",87098,1,2
423,"New York",134398,1,1
392,"Chicago",73481,0,0
338,"New York",146641,1,5
566,"Hawaii",94002,0,0
220,"New York",92612,1,5
320,"New York",91704,0,0
443,"Washington",36267,1,2
231,"New York",160636,1,1
575,"Chicago",171626,1,3
372,"Hawaii",114854,1,5
306,"New York",67366,0,0
327,"Chicago",111641,1,1
564,"Miami",62483,0,0
480,"Miami",105794,0,0
326,"Miami",124720,0,0
320,"New York",112524,1,5
589,"Las Vegas",84838,1,2
309,"Las Vegas",104826,1,2
372,"Hawaii",32816,0,0
488,"Las Vegas",155311,1,1
315,"Hawaii",25445,1,1
510,"Las Vegas",106566,0,0
584,"Las Vegas",25698,0,0
593,"Washington",157569,1,4
268,"Miami",164718,1,4
585,"Miami",110368,0,0
260,"Washington",92928,1,3
315,"Washington",164418,1,4
387,"Hawaii",58510,1,3
568,"New York",158147,1,5
277,"Hawaii",167726,1,3
242,"Las Vegas",54470,1,2
561,"Washington",173056,1,4
454,"Hawaii",47173,0,0
380,"Miami",55904,0,0
211,"New York",35987,1,4
207,"Las Vegas",183664,1,2
496,"Washington",46149,1,5
486,"New York",118857,1,5
264,"Miami",25222,1,3
367,"Hawaii",62808,0,0
412,"Chicago",191837,1,1
308,"Las Vegas",43183,0,0
474,"Chicago",172980,1,2
469,"Washington",185897,1,5
230,"New York",59713,1,5
572,"Las Vegas",100393,1,5
567,"Miami",77330,1,3
569,"Miami",78335,0,0
589,"Hawaii",194633,1,5
401,"Las Vegas",91627,1,3
474,"Las Vegas",34801,1,5
543,"New York",70591,0,0
249,"Chicago",110966,1,4
307,"Chicago",34476,1,4
231,"Miami",39616,1,5
250,"Las Vegas",90560,1,3
230,"Las Vegas",141919,1,1
616,"New York",85629,0,0
347,"Hawaii",189140,1,5
607,"Miami",49545,1,4
406,"New York",158663,1,3
397,"Washington",126784,1,1
487,"Las Vegas",142788,0,0
603,"New York",54874,0,0
554,"Las Vegas",60904,0,0
511,"Hawaii",179154,1,4
336,"Hawaii",186277,1,2
621,"Las Vegas",146010,1,1
589,"Miami",122890,0,0
418,"Chicago",66882,0,0
360,"Hawaii",179491,1,3
472,"Chicago",57610,0,0
230,"Washington",155051,0,0
455,"Las Vegas",187315,0,0
543,"Hawaii",86916,1,2
467,"New York",160145,1,4
520,"New York",144927,1,2
603,"Las Vegas",187456,0,0
446,"Las Vegas",113634,1,2
215,"Washington",196389,1,1
510,"New York",153311,1,3
631,"Miami",197291,1,1
616,"New York",28429,0,0
247,"Miami",177658,1,2
367,"Las Vegas",85009,0,0
344,"Las Vegas",28774,0,0
580,"Las Vegas",40428,0,0
418,"New York",93551,1,3
331,"Las Vegas",138015,1,4
278,"Hawaii",181473,1,1
613,"Miami",49570,0,0
576,"Hawaii",66381,1,2
395,"Hawaii",45890,0,0
479,"Miami",63485,0,0
384,"Hawaii",81638,1,2
368,"New York",182892,1,4
530,"New York",68360,0,0
323,"Las Vegas",92487,1,4
528,"Miami",78056,0,0
457,"Las Vegas",120914,0,0
616,"New York",133029,0,0
456,"New York",142067,1,5
506,"Hawaii",108147,0,0
599,"New York",96027,0,0
579,"Las Vegas",128795,0,0
647,"New York",152513,0,0
539,"Las Vegas",44834,0,0
599,"Hawaii",179439,1,5
342,"Miami",134716,1,4
625,"Miami",80980,0,0
604,"Washington",67081,0,0
205,"Washington",116192,1,5
275,"Chicago",104954,1,4
412,"New York",161776,0,0
581,"Miami",50633,0,0
388,"Miami",101267,1,1
283,"Hawaii",134453,0,0
606,"Miami",103227,0,0
576,"Washington",147562,1,2
592,"New York",112044,0,0
405,"New York",120727,1,3
473,"Miami",134560,1,4
431,"Miami",120061,0,0
214,"Miami",26052,0,0
638,"Chicago",178515,1,2
547,"Chicago",179313,1,3
301,"Miami",148692,1,2
369,"Washington",107479,1,3
584,"New York",166596,1,2
548,"New York",194468,1,3
312,"Chicago",86979,1,5
237,"Las Vegas",90892,0,0
429,"Las Vegas",96523,1,3
319,"New York",96306,1,3
403,"Las Vegas",159834,1,3
364,"Washington",96373,1,2
638,"Hawaii",123474,1,3
411,"Chicago",58212,0,0
604,"Las Vegas",138765,1,2
265,"Chicago",133513,1,2
439,"Miami",196849,1,3
208,"Las Vegas",170277,1,3
449,"Hawaii",170839,0,0
298,"Miami",128740,1,2
440,"New York",156453,1,1
334,"Miami",163609,1,3
238,"Washington",197844,1,1
340,"New York",89829,0,0
221,"New York",57499,1,3
571,"Hawaii",148018,1,4
392,"Las Vegas",163079,1,1
351,"Las Vegas",78358,1,2
388,"Las Vegas",75659,1,1
362,"Washington",162268,1,3
305,"Las Vegas",136303,1,5
286,"Washington",168256,1,2
284,"New York",37337,0,0
523,"New York",60121,0,0
416,"Washington",48670,0,0
271,"Las Vegas",126666,1,3
633,"Miami",174872,1,3
510,"New York",105340,1,2
363,"Hawaii",37601,0,0
584,"Chicago",160658,1,2
592,"Washington",42536,0,0
572,"Las Vegas",113101,0,0
381,"Las Vegas",138489,1,1
324,"Miami",196816,1,1
480,"New York",76305,0,0
587,"New York",101669,1,2
643,"New York",53775,1,5
210,"Las Vegas",137945,1,2
477,"Las Vegas",51092,1,4
465,"Washington",116876,1,1
316,"Las Vegas",79923,0,0
638,"Miami",189589,1,3
220,"Washington",170333,1,4
537,"Hawaii",25862,0,0
337,"Hawaii",91421,0,0
450,"Las Vegas",122193,1,1
578,"Las Vegas",160103,1,5
337,"Miami",131246,1,5
344,"Las Vegas",43804,1,5
419,"Las Vegas",196196,0,0
557,"New York",119089,1,1
645,"New York",61791,0,0
382,"Las Vegas",123287,0,0
583,"Miami",80726,1,4
236,"Chicago",121462,1,4
564,"New York",84229,1,4
213,"Chicago",57604,1,5
617,"New York",99390,0,0
270,"Chicago",114895,1,5
226,"New York",42187,0,0
426,"Miami",160883,0,0
383,"Washington",37922,1,4
339,"Las Vegas",111358,1,2
258,"Hawaii",44792,1,3
297,"Hawaii",140505,0,0
371,"Las Vegas",122228,1,4
441,"Chicago",157616,0,0
354,"Washington",109546,1,2
262,"Hawaii",184148,1,5
580,"Las Vegas",130110,0,0
575,"Las Vegas",108267,0,0
430,"Chicago",108869,1,2
324,"New York",41789,1,3
256,"Washington",67130,1,3
394,"Washington",165302,1,5
251,"Hawaii",110450,1,3
282,"Las Vegas",185782,1,2
260,"Hawaii",39635,1,1
519,"New York",112686,0,0
325,"New York",180200,1,3
491,"Washington",55413,0,0
584,"Chicago",72762,1,3
348,"Hawaii",40091,1,4
360,"Las Vegas",55257,0,0
211,"Chicago",61362,1,2
453,"Las Vegas",169634,0,0
454,"Miami",121722,1,1
273,"New York",87740,1,5
499,"Las Vegas",123965,0,0
478,"New York",72483,1,5
510,"Hawaii",129547,1,5
232,"Chicago",58823,1,3
584,"Miami",99488,0,0
429,"Las Vegas",190899,1,4
293,"Washington",71592,1,2
607,"Chicago",139004,0,0
304,"New York",40903,0,0
281,"Las Vegas",196466,1,1
245,"New York",167919,1,4
463,"Hawaii",29947,0,0
562,"New York",136856,1,2
210,"Miami",102508,1,4
345,"New York",37820,1,1
519,"Washington",150212,1,4
296,"Washington",121918,0,0
542,"Miami",73502,1,2
417,"Hawaii",108916,1,4
580,"Hawaii",148992,1,2
391,"New York",171514,1,1
516,"Hawaii",132262,1,2
318,"Las Vegas",37869,0,0
642,"New York",62809,0,0
639,"Chicago",33775,0,0
468,"Las Vegas",78967,0,0
303,"Hawaii",104831,1,4
417,"Las Vegas",86915,0,0
593,"Las Vegas",165736,1,2
349,"Hawaii",98705,1,5
527,"Washington",108217,0,0
412,"Hawaii",177101,1,2
634,"Miami",42251,0,0
514,"Hawaii",67063,0,0
445,"Las Vegas",160721,1,3
523,"New York",183396,0,0
427,"Miami",199906,0,0
383,"Washington",151885,1,5
321,"Hawaii",43676,1,3
205,"Washington",97896,1,3
252,"New York",149599,1,2
434,"Washington",29584,0,0
372,"New York",136741,1,1
532,"Miami",114285,1,5
324,"Miami",38987,0,0
225,"Miami",179567,1,3
336,"New York",189877,1,5
462,"Miami",195895,1,4
490,"Las Vegas",84742,1,2
254,"Las Vegas",87293,1,2
347,"New York",32529,0,0
396,"Chicago",116383,1,1
200,"Miami",63656,1,2
306,"New York",95568,0,0
388,"Hawaii",51560,0,0
433,"Miami",142240,1,5
459,"Miami",179004,1,3
522,"New York",164312,1,5
412,"Las Vegas",29748,1,4
324,"New York",178155,1,4
461,"Washington",153690,0,0
576,"Miami",79101,1,5
347,"New York",180429,1,3
561,"Chicago",111595,0,0
573,"Las Vegas",189492,1,5
609,"Las Vegas",47564,1,3
365,"Miami",46228,1,1
284,"New York",124488,1,3
345,"Hawaii",194055,1,2
286,"Miami",186882,1,3
570,"New York",188981,1,2
600,"New York",52528,0,0
598,"Las Vegas",177918,1,2
392,"Chicago",103558,1,1
352,"Chicago",160345,1,3
393,"Chicago",110367,0,0
402,"Chicago",33779,1,3
315,"Las Vegas",38749,0,0
307,"Hawaii",87916,0,0
384,"Washington",115650,1,1
448,"Las Vegas",129205,1,1
381,"Washington",141147,0,0
632,"Las Vegas",188767,1,2
339,"New York",151519,1,4
564,"New York",113262,1,3
417,"Miami",133595,1,4
533,"Hawaii",129400,1,2
520,"Hawaii",34286,0,0
506,"Miami",77155,0,0
553,"Hawaii",166776,1,1
387,"Miami",164285,1,1
611,"Miami",180131,1,2
222,"Hawaii",142943,1,3
273,"Miami",143653,0,0
548,"Las Vegas",87637,0,0
455,"Miami",182888,1,5
451,"Miami",95745,0,0
610,"Las Vegas",83118,0,0
336,"Hawaii",199454,1,5
312,"Hawaii",129675,1,4
607,"Washington",112626,1,3
563,"Las Vegas",113575,0,0
561,"Hawaii",63929,0,0
226,"Las Vegas",149031,1,1
599,"Miami",106192,1,4
495,"Hawaii",151714,1,5
548,"Miami",80908,0,0
319,"New York",139114,1,1
300,"Las Vegas",90660,0,0
289,"Chicago",180311,1,5
380,"Hawaii",67191,1,3
546,"New York",157783,1,4
213,"Las Vegas",34082,0,0
366,"New York",119922,1,3
389,"Miami",189530,0,0
270,"Washington",51610,1,5
217,"New York",176657,1,3
384,"Las Vegas",124125,1,3
445,"Miami",161604,1,2
288,"Washington",196770,1,1
453,"Miami",146451,0,0
211,"Washington",30178,1,5
321,"Miami",84041,0,0
578,"Miami",54691,1,1
421,"Washington",77252,0,0
408,"Hawaii",70748,0,0
224,"Miami",38483,1,3
242,"Miami",158451,1,1
491,"Miami",192729,1,2
324,"Hawaii",157078,1,1
637,"Hawaii",191535,0,0
560,"Miami",192271,1,1
527,"New York",59424,1,3
382,"Chicago",71504,0,0
631,"Washington",131060,0,0
642,"New York",118351,0,0
399,"Washington",59060,1,3
394,"New York",79673,1,5
377,"Washington",36294,0,0
556,"Miami",156245,0,0
593,"Washington",111309,1,2
607,"Miami",89035,1,2
512,"New York",68204,0,0
200,"Miami",157686,1,3
555,"Las Vegas",123615,0,0
573,"New York",38635,0,0
401,"Las Vegas",94266,0,0
266,"Hawaii",73876,0,0
416,"Chicago",156476,1,5
287,"Miami",104299,0,0
469,"Las Vegas",131231,1,2
463,"New York",25607,0,0
433,"New York",182788,1,1
585,"Las Vegas",75572,1,3
554,"New York",57972,0,0
218,"Washington",155426,1,1
360,"Miami",61044,1,2
596,"Miami",51013,0,0
280,"Miami",107094,1,4
239,"Las Vegas",75504,1,4
619,"New York",180981,0,0
257,"New York",175267,1,4
304,"Las Vegas",53393,1,4
589,"Miami",163740,0,0
476,"Hawaii",144091,0,0
329,"Chicago",139817,1,2
214,"Las Vegas",51729,0,0
553,"New York",155666,1,3
317,"Hawaii",170200,1,4
577,"New York",133007,0,0
647,"Las Vegas",72688,0,0
591,"Washington",33253,1,3
441,"Hawaii",109883,1,2
367,"Washington",187727,1,5
557,"Hawaii",196235,1,5
488,"Hawaii",172280,1,3
518,"Las Vegas",128477,1,2
426,"New York",35365,0,0
235,"Las Vegas",44442,1,3
554,"Chicago",153443,1,3
562,"Las Vegas",155429,0,0
398,"Chicago",29522,0,0
269,"Las Vegas",102562,1,3
638,"Washington",89240,1,2
543,"Miami",101026,1,3
627,"Washington",96496,1,4
251,"New York",48911,1,2
595,"Washington",25774,0,0
419,"Washington",29011,0,0
601,"New York",88119,0,0
516,"Miami",36727,0,0
645,"Las Vegas",187157,1,4
367,"Las Vegas",159148,1,3
484,"Hawaii",176836,1,2
399,"Chicago",146523,0,0
331,"Washington",114532,1,3
522,"Las Vegas",81279,0,0
239,"New York",199853,1,5
544,"Miami",43292,1,4
537,"Miami",118230,1,3
621,"Las Vegas",93823,1,4
395,"New York",134128,0,0
649,"Hawaii",47482,0,0
447,"Las Vegas",91079,0,0
405,"Washington",89700,0,0
490,"Las Vegas",92311,1,3
609,"New York",25509,0,0
281,"Las Vegas",154623,0,0
540,"Hawaii",189544,1,4
508,"Las Vegas",172763,1,5
438,"New York",124431,0,0
391,"Las Vegas",99157,1,5
416,"New York",192723,1,1
580,"New York",184401,1,4
272,"Washington",147600,1,2
471,"Hawaii",52860,0,0
578,"New York",66210,1,4
370,"Las Vegas",105740,1,4
583,"Las Vegas",69162,0,0
436,"Chicago",60180,0,0
339,"Hawaii",145276,1,3
599,"New York",149818,1,5
252,"Miami",147841,1,1
341,"New York",166792,1,3
430,"Washington",173972,1,4
527,"Miami",41030,1,3
591,"Hawaii",28547,0,0
317,"Las Vegas",75455,0,0
632,"Hawaii",170661,1,1
646,"Las Vegas",77567,1,4
330,"Hawaii",53475,1,4
595,"Chicago",111257,1,2
403,"New York",36260,1,4
378,"Las Vegas",55065,0,0
630,"Miami",167229,1,5
584,"Miami",102972,1,3
355,"Las Vegas",129650,1,3
287,"Las Vegas",192146,1,2
270,"Hawaii",111289,1,2
534,"Las Vegas",189915,0,0
486,"Las Vegas",124590,1,4
209,"Hawaii",173119,1,5
646,"Las Vegas",27699,0,0
266,"Washington",162835,1,5
302,"New York",89687,1,3
507,"Miami",139051,1,2
343,"New York",123460,1,5
638,"New York",125339,1,5
406,"New York",179154,1,4
584,"Miami",147944,0,0
436,"New York",54903,1,5
476,"Washington",87259,1,2
357,"Miami",116017,1,5
563,"Hawaii",109778,1,1
508,"Las Vegas",48370,1,3
281,"Miami",33227,1,4
315,"Hawaii",96517,0,0
525,"Washington",69874,1,3
401,"Washington",168563,1,2
200,"Las Vegas",186276,1,2
538,"Miami",188563,1,4
513,"Washington",159647,1,3
449,"Washington",27968,0,0
448,"New York",186123,1,5
540,"Las Vegas",75881,0,0
420,"Chicago",105049,1,5
237,"Miami",194572,1,5
350,"New York",199275,1,2
291,"Miami",56924,0,0
377,"Washington",142520,1,2
397,"Las Vegas",135147,1,1
515,"Miami",54428,0,0
226,"Washington",65496,1,4
215,"Las Vegas",69110,0,0
459,"New York",45365,0,0
376,"Chicago",37599,0,0
570,"Miami",109743,0,0
551,"Miami",45638,1,3
402,"Miami",103956,1,4
248,"Chicago",138492,1,1
223,"Washington",181937,1,3
293,"Las Vegas",25892,1,2
381,"Hawaii",58883,0,0
468,"Hawaii",45158,1,3
244,"Washington",157573,1,5
289,"Las Vegas",50091,1,5
378,"Las Vegas",49926,0,0
345,"Las Vegas",153843,1,3
236,"Hawaii",84799,1,5
406,"Chicago",122751,0,0
209,"Chicago",110255,0,0
454,"New York",170342,0,0
561,"Washington",40723,0,0
255,"Washington",194296,1,1
471,"Hawaii",130631,1,1
424,"Hawaii",29052,1,2
255,"Miami",187523,1,1
426,"Washington",61150,0,0
236,"Miami",91584,1,2
386,"Washington",90890,1,5
249,"Hawaii",176629,1,5
618,"Washington",169628,0,0
333,"Washington",129009,0,0
400,"New York",151799,1,2
598,"New York",56699,1,5
407,"Miami",189007,1,5
492,"Miami",190379,1,1
567,"Hawaii",67758,0,0
276,"Miami",94814,1,5
506,"New York",185343,1,5
576,"Washington",90007,0,0
638,"Miami",188325,1,1
237,"Miami",159778,1,1
398,"New York",135216,1,5
629,"Miami",119739,0,0
242,"Hawaii",108440,1,1
380,"New York",111772,1,4
232,"Chicago",131654,1,4
616,"New York",171398,0,0
487,"Miami",108055,0,0
270,"New York",150124,1,1
630,"Washington",168072,0,0
420,"Las Vegas",188258,0,0
263,"Miami",89106,1,5
337,"Washington",102302,1,4
383,"Chicago",82512,1,1
485,"New York",154008,0,0
388,"Miami",72032,0,0
275,"Washington",119410,1,4
600,"New York",74469,0,0
250,"New York",130757,0,0
267,"Miami",118238,1,5
277,"Las Vegas",88980,1,4
639,"Washington",140422,1,2
633,"Miami",195014,1,3
265,"Chicago",104676,0,0
468,"New York",52510,1,4
320,"Las Vegas",46786,1,5
582,"Miami",100636,1,4
353,"Miami",65282,1,1
300,"New York",47809,0,0
575,"Miami",175098,1,3
405,"Miami",51037,0,0
379,"New York",148486,1,2
408,"Hawaii",48774,1,5
216,"Hawaii",141527,1,3
376,"New York",72773,1,1
596,"Las Vegas",154650,1,3
400,"Hawaii",84040,0,0
428,"Chicago",132914,1,1
477,"New York",56185,0,0
527,"Miami",110091,1,5
296,"Hawaii",64788,0,0
614,"Miami",144727,1,2
551,"Las Vegas",92837,0,0
376,"Miami",95114,1,5
634,"Las Vegas",53830,0,0
246,"Hawaii",129504,0,0
414,"Miami",188740,1,3
213,"Miami",161332,0,0
514,"Hawaii",138397,1,1
373,"New York",155208,1,1
463,"Chicago",70476,0,0
256,"New York",198148,1,5
418,"Miami",88307,1,1
488,"Las Vegas",86386,0,0
503,"Las Vegas",48429,0,0
262,"New York",127094,1,1
415,"Las Vegas",196094,1,4
237,"Miami",49640,1,2
287,"New York",109567,1,1
592,"New York",140131,0,0
409,"Hawaii",158940,1,2
409,"Miami",64472,1,1
600,"Miami",92498,0,0
622,"Hawaii",42258,0,0
522,"Las Vegas",191035,1,1
403,"Las Vegas",120788,1,1
494,"Chicago",110149,1,1
295,"Hawaii",117972,1,5
405,"Washington",73640,0,0
436,"New York",172826,1,1
519,"Las Vegas",92993,0,0
519,"Hawaii",52531,0,0
210,"Miami",122537,1,3
457,"Washington",174465,1,1
413,"Las Vegas",99752,0,0
474,"New York",50724,1,3
230,"Hawaii",153432,1,4
274,"Washington",190285,1,1
354,"New York",181448,0,0
276,"Miami",176024,0,0
236,"Miami",43690,1,3
408,"Las Vegas",155278,1,1
604,"Miami",122096,0,0
289,"Washington",148593,1,2
310,"Chicago",95577,1,3
506,"Hawaii",169111,1,4
341,"Miami",72464,1,2
407,"New York",117376,1,3
601,"Chicago",101248,0,0
396,"Las Vegas",59149,0,0
556,"Chicago",135884,1,2
404,"Washington",194979,1,4
365,"New York",121593,0,0
294,"Las Vegas",66189,1,4
210,"New York",102726,1,5
582,"Las Vegas",105781,0,0
559,"Las Vegas",36470,0,0
436,"New York",144192,1,5
360,"Chicago",148348,0,0
374,"New York",109947,1,5
308,"Miami",150885,1,1
579,"Miami",75646,0,0
333,"Las Vegas",146237,1,4
459,"Las Vegas",195183,1,4
259,"New York",141700,1,4
618,"Las Vegas",34178,0,0
235,"New York",81964,1,1
210,"Washington",47983,1,5
270,"Washington",149201,1,5
259,"Washington",186852,0,0
587,"New York",199671,1,4
507,"Hawaii",43296,1,4
267,"Washington",84294,1,2
333,"Las Vegas",180881,0,0
368,"Hawaii",154930,1,2
534,"Chicago",188314,1,2
515,"Washington",103149,0,0
494,"Hawaii",87103,1,4
502,"Washington",96222,1,4
311,"New York",190461,0,0
212,"Miami",135490,1,2
633,"New York",149660,1,4
618,"Washington",172493,1,1
558,"New York",85609,1,3
457,"Las Vegas",113629,1,2
302,"Las Vegas",72146,1,4
579,"Las Vegas",50158,0,0
305,"Las Vegas",71306,1,1
278,"Washington",56415,1,4
482,"Miami",150801,0,0
347,"Miami",102400,1,5
212,"Miami",58702,1,3
377,"Hawaii",36417,1,2
362,"Miami",172655,0,0
534,"Washington",192481,1,3
353,"Hawaii",46052,0,0
250,"Chicago",194057,1,2
376,"Las Vegas",124617,1,5
342,"Miami",154631,0,0
648,"Washington",128883,0,0
530,"Hawaii",77998,1,3
357,"Hawaii",162148,1,5
588,"Chicago",47298,0,0
566,"Las Vegas",71595,0,0
282,"Hawaii",192265,1,1
224,"Hawaii",69753,1,3
614,"New York",128791,0,0
226,"Hawaii",195719,0,0
401,"Las Vegas",108897,1,5
599,"Chicago",56460,0,0
391,"New York",104096,1,3
425,"Washington",167602,1,1
537,"Miami",45385,1,1
373,"Miami",60424,0,0
564,"Hawaii",55357,0,0
317,"Miami",132355,1,5
301,"Las Vegas",52458,1,2
356,"Washington",78298,1,5
563,"Washington",44198,0,0
293,"Las Vegas",139968,1,5
277,"New York",140216,1,2
345,"Las Vegas",113739,1,3
560,"Las Vegas",162819,1,5
508,"Hawaii",194275,1,3
334,"Washington",40517,0,0
295,"Las Vegas",181581,1,3
297,"New York",54016,1,5
601,"Las Vegas",149888,0,0
585,"Las Vegas",66167,0,0
341,"Washington",73242,1,3
506,"Hawaii",70077,0,0
215,"Washington",78160,1,4
250,"Hawaii",116738,1,5
403,"Las Vegas",105630,1,1
564,"New York",63833,0,0
511,"Miami",36591,0,0
378,"Miami",147724,1,1
562,"New York",106360,1,4
522,"Hawaii",67994,1,5
221,"Hawaii",175665,1,2
504,"New York",103489,0,0
358,"Hawaii",29569,1,4
275,"Miami",161564,1,5
599,"Miami",131270,1,3
404,"Las Vegas",161830,1,5
563,"Las Vegas",94193,0,0
421,"Miami",64638,1,1
541,"Hawaii",112861,1,5
349,"New York",138956,1,5
340,"Las Vegas",93621,1,1
210,"Washington",34961,0,0
303,"New York",125277,1,5
338,"Las Vegas",130521,1,4
443,"Las Vegas",53347,0,0
510,"Washington",110088,1,4
514,"Hawaii",161033,0,0
575,"Washington",134861,0,0
363,"Washington",29633,1,2
593,"New York",109763,1,5
401,"Miami",128988,1,3
543,"Miami",27853,0,0
571,"Chicago",77820,1,4
389,"Miami",141090,1,5
547,"Washington",85898,1,1
364,"New York",43397,1,3
392,"Las Vegas",154267,1,3
326,"Hawaii",101270,1,1
308,"New York",114704,1,2
572,"Washington",70750,0,0
555,"Miami",84609,1,4
323,"Las Vegas",129599,1,5
425,"Chicago",160769,1,2
461,"Miami",158754,1,4
384,"Chicago",94709,1,1
571,"Miami",69162,1,4
532,"Las Vegas",152699,1,5
488,"Miami",81122,0,0
409,"Las Vegas",40533,1,1
458,"Miami",45983,1,5
633,"Las Vegas",199061,1,3
352,"Chicago",30666,1,4
246,"Hawaii",98245,1,2
255,"Las Vegas",45322,1,1
239,"Washington",27591,1,2
376,"Miami",78641,1,5
242,"Washington",29350,0,0
288,"Hawaii",84590,1,2
635,"Miami",139871,0,0
450,"Hawaii",162820,1,5
339,"Las Vegas",158072,1,4
431,"Miami",87652,1,2
483,"Hawaii",73481,0,0
366,"Chicago",55042,1,2
241,"Miami",108667,0,0
524,"New York",87388,1,4
313,"Chicago",66194,0,0
617,"Miami",103467,1,4
470,"Washington",84400,0,0
435,"Las Vegas",131420,1,3
554,"Las Vegas",92798,1,4
518,"Washington",166536,1,2
621,"New York",46287,0,0
269,"New York",171305,1,2
352,"Las Vegas",124529,1,3
407,"New York",157142,1,2
446,"Hawaii",142877,1,3
431,"Las Vegas",27275,0,0
565,"New York",185119,1,3
505,"Las Vegas",40679,0,0
247,"Miami",163952,1,5
492,"Washington",108006,0,0
397,"New York",131518,1,2
456,"Washington",63229,1,5
416,"Hawaii",188659,1,4
494,"Washington",48599,0,0
646,"Las Vegas",152496,0,0
284,"Washington",66600,1,2
390,"Washington",159586,0,0
459,"Washington",152520,1,5
470,"Chicago",163519,1,3
223,"Miami",144959,1,1
551,"New York",46578,0,0
568,"Chicago",178862,0,0
296,"Washington",77458,0,0
539,"New York",111508,1,3
495,"Miami",38547,0,0
416,"New York",41749,1,5
433,"Las Vegas",108379,1,4
629,"Miami",190041,1,1
260,"Miami",101211,1,5
331,"New York",64203,1,2
381,"New York",111900,1,2
604,"Miami",122388,1,5
552,"Washington",60673,1,5
541,"Washington",111155,1,5
512,"Hawaii",35773,1,1
644,"Washington",135648,0,0
563,"Las Vegas",159599,0,0
604,"Miami",48361,1,5
361,"New York",51162,0,0
550,"New York",36574,0,0
257,"Chicago",52079,0,0
524,"Miami",150549,1,2
546,"Miami",48440,1,4
516,"Washington",83729,0,0
215,"Las Vegas",96369,1,5
563,"Washington",30337,0,0
280,"Washington",158157,1,1
550,"Chicago",42479,0,0
315,"New York",116877,1,5
598,"Las Vegas",146857,0,0
638,"Miami",49669,0,0
400,"Miami",109702,1,5
588,"New York",73506,0,0
633,"Chicago",56587,0,0
388,"Washington",162592,1,4
420,"Washington",152880,1,3
642,"New York",190029,1,5
243,"Las Vegas",126840,1,2
241,"Washington",161902,1,3
604,"Miami",113764,1,5
364,"Hawaii",105226,0,0
235,"Washington",184303,1,1
202,"New York",101993,0,0
432,"Miami",71177,0,0
277,"Chicago",199370,1,2
289,"Hawaii",123469,1,2
429,"Washington",160198,1,4
607,"Hawaii",188950,0,0
345,"Las Vegas",170228,1,4
536,"Washington",99389,1,3
438,"Hawaii",125574,1,3
311,"Las Vegas",195967,1,3
260,"Washington",66062,0,0
586,"New York",126345,1,3
501,"Miami",48542,0,0
464,"Miami",130650,1,3
444,"Miami",167201,1,3
541,"Miami",189304,0,0
493,"Washington",162801,1,2
569,"Las Vegas",114959,1,2
382,"Miami",44485,0,0
338,"Chicago",50523,1,3
549,"Chicago",105368,1,4
472,"Miami",33790,0,0
556,"Washington",167335,1,2
203,"Hawaii",79874,1,5
551,"New York",162466,1,3
363,"Las Vegas",61744,1,3
394,"Las Vegas",108271,1,2
561,"Hawaii",66473,0,0
409,"Las Vegas",29826,0,0
581,"Washington",178389,1,3
249,"Las Vegas",134463,1,1
526,"Las Vegas",174446,0,0
406,"Chicago",152586,1,3
469,"New York",136922,1,1
604,"Washington",169409,1,2
548,"Las Vegas",133867,1,4
457,"Washington",197908,1,3
280,"Miami",39347,1,5
534,"Las Vegas",167213,1,1
313,"Las Vegas",189510,1,4
428,"Chicago",199990,1,2
281,"Chicago",121225,1,2
370,"Hawaii",154718,1,4
487,"Las Vegas",46270,1,1
450,"Miami",133741,1,5
436,"Washington",185580,1,3
415,"Washington",176993,1,5
494,"New York",190396,1,4
275,"New York",125910,1,3
493,"New York",183015,1,1
404,"Las Vegas",97495,1,2
595,"Chicago",143668,1,5
263,"Las Vegas",127795,1,2
632,"Miami",52506,0,0
209,"Chicago",145068,1,4
243,"Washington",39580,0,0
590,"Miami",126942,1,3
501,"Chicago",189430,0,0
613,"Washington",59291,0,0
322,"Washington",139222,1,1
623,"Hawaii",146173,1,5
614,"Chicago",88474,1,5
275,"New York",50508,1,4
541,"Hawaii",67498,1,2
480,"Hawaii",79014,0,0
597,"New York",172995,0,0
383,"Chicago",154972,0,0
249,"Washington",56334,1,1
427,"Miami",157315,0,0
440,"Washington",173529,1,4
387,"New York",144641,1,5
626,"New York",175680,1,5
589,"New York",52465,0,0
287,"New York",98014,1,5
525,"Washington",148130,1,5
272,"Hawaii",145119,1,1
313,"Hawaii",110250,0,0
399,"New York",179607,1,1
627,"Chicago",102775,0,0
313,"Las Vegas",144027,1,5
292,"Hawaii",199658,1,3
559,"Las Vegas",119029,0,0
251,"Las Vegas",139045,1,1
351,"Washington",41272,0,0
235,"Hawaii",140822,1,1
388,"Las Vegas",76641,1,3
478,"New York",124470,0,0
240,"Miami",153934,1,4
335,"Chicago",115692,1,2
487,"Miami",66228,0,0
324,"Washington",184942,1,5
537,"New York",187131,1,5
214,"Miami",134152,1,1
245,"Hawaii",195098,1,3
293,"Las Vegas",118052,1,3
617,"Hawaii",94137,0,0
407,"Las Vegas",147004,0,0
279,"Las Vegas",139032,1,4
227,"Miami",87410,1,3
504,"Chicago",138122,1,1
246,"Miami",119463,1,4
456,"Washington",105459,0,0
240,"Miami",171863,1,5
286,"Hawaii",123878,0,0
503,"Miami",110638,1,5
331,"Washington",92917,1,4
541,"Washington",155056,1,4
573,"Hawaii",49535,0,0
242,"Washington",135340,1,3
413,"Miami",181573,1,1
523,"Miami",97513,0,0
396,"Miami",148876,1,5
256,"Washington",196827,1,4
571,"Chicago",69533,0,0
572,"New York",146322,0,0
492,"Washington",117538,1,5
361,"Hawaii",199868,1,4
383,"Hawaii",148021,1,1
549,"Las Vegas",94454,0,0
459,"Las Vegas",32066,0,0
534,"Washington",139292,1,3
241,"Miami",120108,1,4
444,"Washington",93688,0,0
471,"New York",43852,1,2
300,"New York",61706,1,1
644,"New York",82161,0,0
627,"Hawaii",70589,1,1
385,"Washington",34669,0,0
593,"Las Vegas",185527,1,1
330,"Miami",34027,1,4
566,"Washington",84719,1,1
612,"Chicago",27709,0,0
505,"Las Vegas",40523,1,3
559,"Miami",154737,1,3
229,"Las Vegas",61434,1,3
615,"New York",195201,0,0
207,"Miami",198268,1,3
525,"Hawaii",178707,1,2
273,"Miami",99368,1,1
497,"Las Vegas",55713,1,4
492,"Hawaii",50805,0,0
540,"New York",67410,1,3
391,"Hawaii",25021,0,0
288,"Chicago",180729,1,3
227,"Hawaii",63884,1,1
473,"Las Vegas",28881,0,0
289,"Las Vegas",143910,1,2
502,"Miami",74554,1,5
584,"Washington",45366,0,0
636,"Las Vegas",96742,0,0
231,"Miami",138290,0,0
562,"Las Vegas",33240,0,0
288,"Chicago",185348,1,3
627,"New York",189201,1,2
305,"Las Vegas",80833,1,2
436,"Miami",141111,1,4
406,"Washington",34011,0,0
290,"Washington",179507,1,4
231,"Miami",34636,1,1
294,"Hawaii",89060,0,0
575,"Las Vegas",117918,0,0
244,"New York",119797,1,5
641,"Hawaii",107335,0,0
216,"Hawaii",131215,1,3
490,"Las Vegas",145674,1,1
359,"New York",187695,1,4
419,"Washington",178380,1,2
342,"Chicago",189973,1,5
646,"New York",84315,0,0
615,"Hawaii",71689,1,3
382,"Hawaii",93819,1,1
223,"Las Vegas",176276,1,5
307,"Las Vegas",149083,1,4
453,"Las Vegas",144820,1,5
450,"Washington",93077,1,4
350,"New York",165266,1,1
563,"Las Vegas",49200,0,0
535,"Miami",38948,0,0
562,"Miami",130933,1,2
551,"Washington",93917,0,0
402,"Chicago",47800,1,4
290,"Las Vegas",184981,1,3
541,"Hawaii",88011,1,5
395,"Miami",122093,0,0
302,"New York",98723,0,0
387,"Las Vegas",118571,1,4
534,"Las Vegas",34068,0,0
266,"Las Vegas",71880,0,0
318,"New York",163747,1,1
446,"Miami",175608,1,4
535,"Las Vegas",198000,1,1
361,"Hawaii",116209,0,0
427,"Miami",114682,0,0
316,"New York",123942,1,1
300,"New York",42636,1,1
269,"Hawaii",65040,0,0
442,"Chicago",153475,1,2
435,"Miami",179210,1,1
221,"Las Vegas",159216,1,2
439,"Chicago",114954,1,3
423,"Chicago",130460,1,5
317,"Washington",178440,1,4
349,"Washington",146439,1,5
625,"Las Vegas",106910,0,0
347,"Las Vegas",161556,1,2
255,"Hawaii",116882,0,0
317,"New York",196573,0,0
391,"Las Vegas",125355,1,3
598,"Las Vegas",28954,1,1
305,"Miami",80930,0,0
244,"Las Vegas",126962,1,2
562,"New York",29636,0,0
334,"Las Vegas",150740,1,4
590,"Miami",64059,0,0
241,"Chicago",98032,1,2
203,"Miami",59311,1,2
326,"Washington",115710,1,2
326,"Las Vegas",93469,0,0
270,"Hawaii",39949,0,0
213,"Miami",55552,0,0
298,"New York",85945,1,1
635,"New York",100866,0,0
315,"New York",177661,1,1
450,"Las Vegas",106857,0,0
302,"Chicago",26030,0,0
501,"Las Vegas",190650,1,4
536,"Hawaii",55854,0,0
428,"Miami",98333,1,3
314,"Miami",158842,1,5
227,"Miami",195159,1,3
300,"New York",162860,1,1
225,"Miami",118270,1,1
437,"Las Vegas",121758,0,0
565,"Miami",118428,0,0
450,"Miami",66849,0,0
489,"Hawaii",143487,0,0
388,"New York",191502,1,4
305,"Hawaii",119361,1,1
335,"Las Vegas",163638,1,1
234,"Las Vegas",56403,1,4
557,"Chicago",196547,1,2
540,"Washington",140581,0,0
278,"Las Vegas",121698,1,5
282,"Las Vegas",174475,0,0
613,"Hawaii",88459,0,0
372,"New York",147416,0,0
444,"Chicago",40526,0,0
553,"New York",117611,1,3
414,"Hawaii",95458,1,2
285,"Hawaii",62081,1,3
268,"Hawaii",98036,1,4
242,"New York",172091,1,5
557,"New York",163908,1,1
638,"Las Vegas",140285,1,2
228,"Washington",194144,1,3
335,"Hawaii",87307,0,0
334,"New York",100445,1,4
634,"Las Vegas",72239,0,0
477,"Las Vegas",31167,0,0
344,"Chicago",96993,0,0
226,"Las Vegas",49840,1,1
499,"New York",160196,1,2
320,"New York",118568,1,3
515,"Hawaii",83593,0,0
596,"Miami",155208,1,5
254,"Miami",165383,1,5
614,"New York",128375,1,4
304,"Washington",43838,0,0
292,"Miami",86775,1,4
636,"Miami",166808,1,3
612,"Miami",60097,1,4
421,"Chicago",106804,1,5
312,"Chicago",65872,0,0
585,"Miami",184956,0,0
619,"Miami",139755,0,0
223,"New York",142392,1,5
346,"Miami",188622,1,2
571,"Chicago",153893,0,0
256,"New York",196817,1,5
371,"Hawaii",35063,0,0
643,"Chicago",106770,1,5
394,"New York",98003,1,1
338,"Hawaii",183084,0,0
333,"New York",108323,1,4
454,"Las Vegas",25484,1,4
412,"Las Vegas",33517,0,0
579,"New York",188797,1,5
459,"New York",39901,1,4
509,"Las Vegas",155660,1,3
219,"Hawaii",118466,1,1
395,"Hawaii",168215,1,3
295,"New York",43490,0,0
288,"Washington",67605,1,3
503,"Miami",69862,1,1
210,"Chicago",173722,1,3
403,"Miami",158809,1,1
535,"New York",66687,0,0
444,"Washington",161986,1,4
389,"Las Vegas",87200,0,0
372,"Las Vegas",85463,0,0
374,"New York",34519,1,2
600,"Miami",109553,0,0
443,"Washington",74284,1,2
425,"Miami",167866,0,0
515,"Chicago",138311,0,0
411,"Chicago",61486,1,5
575,"Las Vegas",156754,1,3
540,"Las Vegas",85680,0,0
367,"Miami",49573,0,0
645,"Las Vegas",180930,1,3
324,"Miami",82071,1,2
518,"Miami",118999,1,3
445,"Chicago",131852,1,1
595,"Las Vegas",39119,1,4
347,"Las Vegas",185455,1,2
292,"New York",90706,0,0
571,"Las Vegas",71960,1,1
438,"New York",36460,0,0
541,"Hawaii",43470,0,0
340,"Miami",66036,1,4
320,"New York",46356,1,3
567,"Miami",42723,0,0
624,"Las Vegas",59508,0,0
451,"Miami",54239,0,0
558,"Miami",97398,1,5
533,"Las Vegas",59617,0,0
441,"Washington",30967,0,0
648,"Miami",80352,0,0
413,"Chicago",69997,1,2
315,"Miami",192106,1,2
273,"Las Vegas",65006,1,4
519,"Hawaii",118677,0,0
346,"Hawaii",172086,1,3
268,"Hawaii",31641,0,0
316,"Miami",115325,1,4
305,"Hawaii",29217,0,0
539,"New York",74690,0,0
590,"Las Vegas",57630,1,1
421,"Chicago",146327,1,3
410,"Washington",188775,1,4
243,"Hawaii",26253,0,0
487,"New York",191682,1,4
280,"Las Vegas",196930,1,4
307,"Las Vegas",54999,1,1
430,"Chicago",198839,0,0
402,"Chicago",163561,1,4
263,"Washington",63482,1,2
273,"Miami",180881,1,1
331,"Las Vegas",39278,1,4
526,"Miami",46807,1,1
305,"Las Vegas",156924,1,3
281,"Hawaii",31028,1,2
474,"Miami",154128,0,0
369,"Miami",52879,0,0
637,"Las Vegas",186128,0,0
350,"Washington",66111,0,0
448,"New York",177313,1,3
453,"Miami",79216,0,0
308,"Washington",153373,1,1
355,"Washington",194937,1,1
242,"New York",77649,1,5
244,"Chicago",112619,1,5
251,"Chicago",89101,1,5
475,"Miami",123102,1,5
608,"Hawaii",169207,1,5
550,"Miami",104816,1,2
411,"Washington",59170,1,1
629,"Washington",60943,0,0
596,"New York",52532,0,0
233,"Miami",53146,0,0
595,"Hawaii",199946,1,5
615,"Washington",188269,0,0
616,"Miami",90948,1,2
269,"Hawaii",91750,0,0
223,"Chicago",46581,1,2
392,"Washington",138270,0,0
205,"Las Vegas",101940,1,4
251,"New York",44355,1,1
426,"Washington",138537,0,0
622,"Miami",165061,1,5
241,"Chicago",55910,0,0
450,"Chicago",77765,1,1
552,"New York",89272,1,1
417,"Hawaii",128468,1,1
504,"Miami",53406,1,2
501,"New York",103228,1,5
443,"Washington",156460,1,5
649,"Washington",28458,0,0
417,"Hawaii",100121,1,3
315,"New York",182982,1,4
532,"Las Vegas",77225,0,0
503,"Las Vegas",173466,1,5
562,"Miami",72724,1,1
442,"Las Vegas",60990,1,1
589,"Miami",162632,0,0
456,"Hawaii",123300,1,2
423,"New York",128333,1,5
590,"Las Vegas",50667,0,0
253,"Las Vegas",90983,1,5
461,"Washington",164694,1,4
435,"Miami",135237,0,0
411,"Las Vegas",156084,1,2
549,"Miami",43863,0,0
481,"New York",26942,0,0
388,"Las Vegas",96574,1,5
307,"New York",36269,1,3
342,"New York",175839,1,3
636,"Hawaii",59356,1,4
432,"Washington",159822,1,1
636,"New York",118088,0,0
415,"Hawaii",125686,0,0
296,"New York",45702,1,1
309,"Hawaii",101241,0,0
213,"New York",155617,1,5
356,"Chicago",156775,1,2
639,"Miami",103954,1,2
515,"Washington",116253,0,0
510,"New York",115546,0,0
571,"Las Vegas",99723,0,0
236,"Washington",56703,1,2
571,"Chicago",191075,0,0
294,"Miami",152001,1,3
336,"Miami",180557,1,1
268,"Las Vegas",124660,1,5
293,"Chicago",154960,1,3
449,"Washington",113306,1,3
211,"Miami",78690,0,0
376,"New York",103291,1,3
231,"Washington",33006,1,5
612,"Chicago",69946,0,0
310,"Washington",39385,1,2
636,"Las Vegas",44392,1,1
599,"Washington",194331,1,4
568,"New York",54170,0,0
246,"Miami",102302,1,2
421,"Las Vegas",27494,0,0
283,"Hawaii",44789,0,0
591,"Miami",138252,1,5
220,"Hawaii",70044,1,5
302,"Miami",162682,1,2
502,"Hawaii",68294,1,1
316,"Miami",47781,1,2
205,"Las Vegas",103476,1,2
429,"New York",156639,1,3
595,"Hawaii",127226,1,3
392,"Hawaii",61767,1,4
216,"Miami",91385,0,0
299,"Washington",91146,0,0
555,"New York",190258,1,4
490,"Hawaii",81827,1,3
241,"Hawaii",183162,1,1
320,"Las Vegas",25759,1,4
391,"Las Vegas",34467,1,2
592,"Las Vegas",144173,1,3
255,"Hawaii",105482,1,2
363,"Hawaii",104150,0,0
437,"Hawaii",171470,1,5
362,"Chicago",134447,1,2
397,"Las Vegas",57219,0,0
414,"Las Vegas",198701,1,4
500,"Miami",65505,0,0
611,"Washington",122864,0,0
322,"Las Vegas",157205,1,1
528,"Hawaii",196409,1,5
333,"New York",161566,1,1
489,"Las Vegas",141900,1,2
266,"Chicago",156922,0,0
581,"Miami",167285,0,0
256,"Chicago",141217,1,2
263,"Hawaii",59260,1,2
263,"Miami",196145,1,3
593,"New York",148237,1,4
610,"Hawaii",55400,1,2
427,"New York",66572,1,5
644,"New York",48355,1,3
233,"New York",70530,1,1
417,"Las Vegas",53508,0,0
325,"Hawaii",81598,1,5
548,"Washington",150172,1,4
361,"Washington",122795,0,0
369,"Miami",58978,1,3
621,"Hawaii",74382,0,0
251,"New York",110623,1,2
210,"New York",71085,1,2
376,"Miami",147383,1,2
364,"Las Vegas",184198,1,4
587,"Miami",135059,1,4
275,"Washington",91953,1,3
265,"Chicago",78609,1,2
473,"Miami",39447,0,0
595,"Miami",99462,0,0
428,"Chicago",44416,1,1
536,"Washington",99163,0,0
584,"Miami",46064,0,0
436,"Hawaii",171738,1,4
578,"Miami",149409,1,5
461,"Miami",28885,0,0
543,"Hawaii",128992,1,4
575,"New York",199608,1,4
634,"Chicago",42929,0,0
305,"Washington",193483,1,3
263,"Las Vegas",86120,1,5
466,"Las Vegas",159955,1,4
340,"Hawaii",107776,1,4
231,"Miami",98034,1,1
575,"Hawaii",168024,0,0
324,"Las Vegas",39124,1,4
326,"New York",194749,1,2
337,"Las Vegas",156904,1,2
248,"Las Vegas",169148,1,4
256,"Miami",144207,1,2
487,"Las Vegas",60261,1,2
241,"New York",196183,1,3
557,"Las Vegas",97225,0,0
624,"Chicago",108180,1,3
336,"Las Vegas",28099,1,4
453,"Washington",89414,1,4
202,"Washington",33343,1,2
469,"Hawaii",105296,0,0
261,"Hawaii",48819,0,0
562,"Las Vegas",109269,1,5
247,"Las Vegas",33382,0,0
390,"Miami",65752,0,0
318,"Hawaii",109046,1,4
555,"New York",129721,1,4
357,"Washington",189594,1,5
377,"Hawaii",115444,1,3
578,"New York",85003,0,0
541,"Las Vegas",48368,1,2
235,"New York",162213,1,5
232,"Hawaii",140560,1,3
322,"Washington",159765,1,2
282,"Miami",29530,1,5
304,"Miami",173777,1,4
376,"Chicago",46054,1,5
616,"Chicago",47480,0,0
411,"Las Vegas",109066,1,4
231,"Miami",44957,1,3
262,"Miami",112699,1,2
227,"New York",191672,1,4
439,"New York",180342,1,5
583,"Chicago",189106,1,1
479,"Las Vegas",179882,0,0
431,"Miami",105743,1,3
413,"Las Vegas",183877,0,0
326,"Miami",121742,0,0
202,"New York",151540,1,1
306,"Washington",77388,1,5
511,"Las Vegas",142210,1,2
202,"Miami",43036,1,3
405,"Las Vegas",36771,0,0
473,"Washington",162173,1,1
416,"Miami",39857,1,4
400,"Hawaii",36950,0,0
243,"New York",33998,1,5
589,"New York",83733,1,5
440,"Las Vegas",90475,1,1
343,"Chicago",40022,1,3
584,"Chicago",90360,1,3
580,"Miami",163368,1,5
276,"Las Vegas",143626,1,2
470,"Washington",30525,0,0
276,"Hawaii",134741,1,4
547,"Washington",50940,0,0
384,"Washington",171633,1,4
216,"New York",122113,1,3
477,"Washington",187042,1,4
578,"Las Vegas",163175,1,1
403,"Las Vegas",136237,1,4
552,"Miami",29574,0,0
611,"Washington",134416,1,3
607,"Miami",191338,1,3
291,"Las Vegas",140196,1,3
415,"Las Vegas",184679,1,2
572,"New York",48035,0,0
263,"Las Vegas",164081,1,2
313,"Las Vegas",28091,0,0
400,"Hawaii",134171,1,4
351,"Las Vegas",145214,1,2
549,"Washington",88895,1,2
365,"Washington",154270,1,3
565,"Las Vegas",115253,0,0
435,"Las Vegas",116280,1,4
609,"Chicago",76997,0,0
390,"New York",131522,1,5
413,"New York",101624,1,5
262,"New York",29509,0,0
624,"Washington",181659,1,3
334,"Washington",42335,0,0
297,"New York",79173,0,0
383,"Washington",111627,0,0
202,"Washington",68010,1,2
444,"Washington",101449,1,4
466,"New York",156720,0,0
509,"New York",145028,0,0
419,"New York",38642,0,0
544,"Hawaii",155619,1,4
243,"Washington",113220,1,4
313,"Miami",136058,1,2
450,"Washington",164292,1,2
470,"Hawaii",118569,1,5
249,"Hawaii",155104,1,1
267,"Miami",195319,1,1
291,"Washington",121431,0,0
268,"Washington",184656,1,2
614,"Hawaii",126975,1,3
605,"Miami",168727,0,0
201,"Washington",128492,0,0
402,"New York",72960,1,4
481,"New York",132059,1,3
306,"Washington",132661,1,4
346,"Las Vegas",148217,1,2
536,"Miami",96858,1,3
320,"Hawaii",70194,1,2
496,"Las Vegas",29678,0,0
448,"Miami",26195,0,0
551,"Chicago",53715,0,0
342,"Las Vegas",40694,0,0
535,"New York",92583,0,0
334,"Miami",115431,0,0
484,"Miami",135474,1,5
237,"New York",96889,1,1
227,"Miami",143272,1,2
625,"Washington",193310,1,2
381,"Miami",46599,0,0
568,"New York",46307,0,0
431,"Hawaii",97209,0,0
246,"Las Vegas",71772,1,1
433,"Las Vegas",115982,1,4
370,"Las Vegas",38007,1,4
388,"Las Vegas",99254,0,0
535,"Chicago",119217,0,0
573,"Chicago",102781,0,0
329,"Chicago",81810,1,1
548,"New York",177328,1,2
433,"New York",130004,1,2
473,"New York",190180,1,1
446,"Miami",193240,1,2
283,"Chicago",77661,1,1
627,"New York",88959,0,0
258,"New York",56254,1,4
297,"Chicago",106157,0,0
532,"Miami",162709,1,2
550,"Washington",112265,1,4
372,"Hawaii",80076,1,4
324,"Miami",195961,1,4
638,"Hawaii",85393,0,0
376,"Miami",68990,0,0
499,"New York",115118,1,5
416,"Miami",171762,1,4
396,"Las Vegas",69991,0,0
480,"New York",148640,1,3
608,"Hawaii",72740,1,4
444,"Hawaii",131741,1,5
342,"Hawaii",128987,1,2
342,"Washington",135119,1,4
487,"Miami",74153,0,0
423,"New York",192081,1,2
554,"Chicago",189941,0,0
470,"Las Vegas",191970,1,1
339,"Miami",115026,1,3
498,"Miami",168006,1,5
618,"Las Vegas",100755,0,0
240,"Las Vegas",27125,1,5
482,"Las Vegas",87585,1,1
386,"Miami",137318,1,3
646,"Las Vegas",39824,0,0
634,"Miami",138164,1,3
214,"Las Vegas",131141,1,2
328,"Las Vegas",141396,1,5
403,"Hawaii",178245,1,3
434,"Miami",113237,0,0
338,"Las Vegas",67573,0,0
578,"Las Vegas",147169,1,1
353,"Chicago",53656,0,0
250,"New York",188424,1,3
604,"Washington",184975,1,2
242,"Miami",113983,1,5
383,"Hawaii",104802,1,4
596,"Miami",142172,0,0
488,"Miami",85792,0,0
531,"Washington",49256,0,0
577,"Hawaii",193166,1,4
261,"New York",114383,1,2
215,"Hawaii",102340,1,4
619,"Hawaii",157679,1,2
201,"Miami",154018,1,4
579,"Las Vegas",174350,0,0
302,"Miami",181745,1,4
632,"Las Vegas",99646,0,0
556,"Las Vegas",115150,1,2
251,"Washington",111033,1,2
282,"New York",141137,1,3
583,"Las Vegas",27904,1,2
327,"Hawaii",134690,1,1
443,"New York",182450,0,0
352,"Miami",142019,1,3
213,"Hawaii",162065,1,4
268,"Miami",152633,1,3
290,"Hawaii",102032,1,1
629,"Chicago",65062,0,0
546,"Miami",150277,1,5
623,"Chicago",198948,1,2
550,"Washington",134508,1,4
310,"Hawaii",120137,1,3
232,"Hawaii",123264,1,5
258,"Miami",161026,1,2
427,"Las Vegas",193840,1,2
515,"Washington",103724,1,2
214,"Las Vegas",42872,1,2
419,"Las Vegas",38709,0,0
565,"Hawaii",61216,1,3
220,"Miami",167892,1,5
510,"Washington",141646,1,1
389,"Chicago",97348,1,2
632,"Hawaii",119051,0,0
340,"Washington",199839,1,5
378,"Miami",70005,1,3
531,"Washington",121783,1,3
511,"Hawaii",172601,1,4
581,"Las Vegas",179915,1,5
310,"Hawaii",158544,1,3
290,"Washington",183940,1,4
273,"Washington",179470,1,5
346,"Miami",99837,1,4
576,"Hawaii",53365,1,4
632,"Hawaii",92457,0,0
570,"Hawaii",29746,0,0
349,"New York",154751,1,4
483,"New York",111832,0,0
366,"Las Vegas",31028,1,1
504,"Las Vegas",88610,1,3
381,"Hawaii",111121,1,1
481,"Washington",29165,0,0
500,"New York",112601,0,0
496,"New York",53711,0,0
397,"Las Vegas",146589,1,2
459,"New York",102236,1,4
552,"Washington",172006,0,0
242,"Chicago",28648,0,0
285,"Miami",184743,1,4
210,"Chicago",28760,1,2
307,"Miami",136405,1,1
242,"Hawaii",167882,1,3
352,"Chicago",39868,1,5
602,"Las Vegas",45124,0,0
369,"Hawaii",140552,0,0
259,"Chicago",58364,0,0
222,"New York",116229,0,0
527,"Las Vegas",136075,0,0
514,"New York",45684,0,0
554,"Las Vegas",40830,0,0
410,"Miami",163324,1,2
458,"Las Vegas",61503,0,0
217,"New York",164069,1,4
482,"New York",163900,1,5
286,"Las Vegas",124576,0,0
534,"Miami",63819,0,0
204,"Hawaii",124475,1,5
624,"Hawaii",163566,1,4
403,"Chicago",167248,1,5
425,"Las Vegas",25705,0,0
566,"Chicago",171645,0,0
370,"Washington",39055,1,4
280,"Las Vegas",126410,1,4
320,"New York",163458,1,4
319,"Miami",40099,0,0
572,"Miami",150978,1,2
295,"Washington",43363,1,5
443,"Washington",112645,1,5
494,"Miami",84594,1,5
588,"New York",86540,0,0
311,"Washington",32112,1,1
240,"Las Vegas",81931,1,3
647,"New York",164003,0,0
346,"New York",111668,1,1
301,"Washington",47196,1,4
380,"Washington",183451,1,3
545,"Washington",120192,0,0
512,"New York",81843,1,4
548,"Chicago",163950,1,5
535,"Miami",183870,1,3
289,"Chicago",128216,1,4
387,"New York",29455,1,2
270,"Washington",169809,0,0
465,"Las Vegas",120410,0,0
260,"Las Vegas",38918,1,5
256,"Las Vegas",195484,1,5
366,"Washington",77219,1,2
641,"Washington",147086,1,4
454,"New York",186116,1,3
379,"Las Vegas",36933,1,3
539,"Las Vegas",149380,1,4
407,"Hawaii",185508,1,3
410,"Chicago",55974,1,5
363,"Miami",54204,1,2
237,"Las Vegas",107161,0,0
272,"Las Vegas",123173,1,1
541,"Miami",49032,0,0
563,"Miami",176829,1,4
319,"Las Vegas",26011,0,0
216,"Hawaii",61686,1,5
445,"Las Vegas",180785,0,0
369,"Washington",99826,1,1
634,"Miami",76518,1,5
447,"New York",41604,1,4
476,"Las Vegas",114709,1,4
232,"New York",165055,1,2
551,"Hawaii",35648,0,0
586,"Hawaii",123112,0,0
590,"New York",178573,1,3
342,"Chicago",141947,1,5
220,"Las Vegas",25939,0,0
535,"Las Vegas",62490,1,5
257,"New York",96112,1,5
216,"New York",66534,0,0
409,"Washington",121523,0,0
376,"New York",91853,0,0
561,"Chicago",105574,0,0
437,"Miami",88807,0,0
335,"Washington",57958,1,5
240,"Miami",88761,0,0
532,"New York",27853,1,1
569,"Hawaii",76794,1,2
270,"Hawaii",157165,1,2
473,"Washington",140385,1,5
517,"Hawaii",71887,0,0
408,"Las Vegas",82787,0,0
547,"Washington",114264,1,1
457,"Hawaii",70351,1,2
538,"Las Vegas",123172,1,3
415,"Las Vegas",36073,0,0
598,"New York",87160,0,0
537,"Hawaii",180780,0,0
337,"Las Vegas",94382,0,0
458,"Las Vegas",28412,0,0
413,"New York",59985,1,3
622,"Washington",95562,0,0
442,"New York",43283,0,0
352,"Miami",88074,1,4
357,"New York",168319,0,0
564,"New York",138238,0,0
559,"Las Vegas",114072,1,4
450,"Miami",59386,1,3
401,"Miami",193878,1,1
643,"Las Vegas",85463,1,1
339,"Washington",56076,1,1
430,"New York",180005,1,5
391,"New York",195304,1,5
448,"Washington",67751,0,0
289,"New York",70622,1,2
363,"Miami",30450,1,1
647,"Hawaii",118998,1,2
208,"Miami",188056,1,2
220,"Hawaii",132042,1,5
211,"New York",142340,1,2
286,"New York",118442,1,2
401,"Washington",75256,0,0
239,"New York",115422,1,2
442,"Miami",54777,1,5
464,"Hawaii",158802,1,3
310,"New York",26103,0,0
243,"Chicago",187082,1,1
529,"Las Vegas",169973,1,2
386,"New York",65422,0,0
611,"Hawaii",77593,0,0
258,"Miami",173765,1,1
630,"Washington",27947,0,0
464,"Washington",39828,1,1
207,"Chicago",129890,1,1
562,"Las Vegas",180023,1,5
556,"Miami",147761,1,4
613,"Las Vegas",36350,1,1
573,"New York",115733,0,0
460,"New York",103753,0,0
540,"Hawaii",137600,0,0
247,"Las Vegas",65852,1,2
592,"Hawaii",109479,1,5
336,"Las Vegas",95839,1,4
399,"Chicago",176953,1,4
292,"Las Vegas",177753,1,4
374,"Las Vegas",137930,1,2
474,"Miami",184433,1,5
581,"Washington",162782,1,2
601,"Las Vegas",169578,1,2
312,"New York",82503,0,0
455,"Miami",151150,0,0
566,"Washington",73399,0,0
337,"Chicago",100308,0,0
295,"New York",171673,1,5
468,"New York",165514,0,0
325,"Hawaii",125879,1,4
385,"New York",155634,1,5
309,"Hawaii",99096,1,1
400,"Hawaii",188393,1,4
565,"Miami",139638,0,0
563,"Las Vegas",137085,1,5
414,"New York",74437,1,4
633,"New York",184742,1,5
517,"Washington",185817,0,0
384,"New York",58276,0,0
646,"Hawaii",41381,0,0
331,"Chicago",32675,1,5
272,"Washington",121249,1,5
531,"Miami",74586,0,0
608,"Hawaii",130275,0,0
386,"Washington",88021,1,3
530,"Washington",165510,1,4
250,"Washington",48983,0,0
428,"Miami",168467,1,1
246,"Las Vegas",63469,1,1
253,"Miami",102258,1,2
259,"Washington",94977,1,1
649,"Washington",47105,1,3
590,"Las Vegas",84374,0,0
222,"New York",139319,1,3
473,"Hawaii",178282,1,5
300,"Miami",166535,0,0
400,"Miami",145152,1,4
591,"Las Vegas",134777,1,1
580,"Hawaii",131079,1,3
227,"New York",63174,0,0
413,"Chicago",60086,1,4
502,"Hawaii",116421,1,2
593,"Washington",188584,1,4
226,"Washington",34376,1,3
359,"Miami",73057,1,3
504,"Hawaii",113143,1,3
394,"New York",31267,0,0
643,"Washington",107710,1,2
629,"Las Vegas",95644,0,0
460,"Hawaii",159710,1,3
226,"Miami",132262,1,3
508,"Miami",69668,0,0
485,"Hawaii",156077,0,0
545,"Washington",26265,0,0
414,"Las Vegas",189355,1,1
296,"Chicago",132672,1,1
459,"Washington",89808,0,0
276,"New York",53848,1,4
549,"New York",40278,0,0
334,"Miami",143724,1,3
548,"Las Vegas",189172,1,2
488,"New York",62630,1,4
438,"Miami",50311,1,4
264,"Hawaii",50018,1,3
604,"Las Vegas",37615,0,0
411,"Chicago",95396,1,3
336,"Washington",159505,1,5
555,"New York",34011,0,0
473,"New York",137946,0,0
331,"Washington",68060,1,1
345,"Chicago",103845,1,5
415,"Miami",106408,1,3
231,"Miami",141495,1,1
456,"Chicago",64466,1,3
428,"Las Vegas",146209,1,5
224,"Miami",133179,1,2
539,"Las Vegas",99149,1,3
395,"Hawaii",100821,1,2
428,"Hawaii",98654,1,4
251,"Miami",74956,1,3
250,"Washington",57248,1,2
380,"Chicago",176178,1,5
357,"New York",81265,0,0
512,"Las Vegas",81494,1,5
446,"Miami",160283,1,1
531,"New York",96751,1,2
569,"Washington",38666,0,0
284,"Las Vegas",142853,1,5
249,"New York",84781,0,0
251,"Chicago",177461,1,2
626,"Chicago",25561,1,1
633,"Miami",33592,0,0
243,"Las Vegas",25348,1,2
212,"Hawaii",48688,1,5
319,"New York",25846,1,2
260,"Las Vegas",56326,1,5
396,"New York",56292,1,2
368,"Las Vegas",133487,1,3
513,"Hawaii",116898,0,0
412,"New York",104370,1,3
447,"Washington",141572,1,2
319,"Hawaii",177628,1,5
203,"Hawaii",118302,1,1
240,"Hawaii",45268,1,5
522,"Las Vegas",145977,1,2
408,"Hawaii",105342,1,1
395,"New York",52252,0,0
245,"Miami",133884,1,1
372,"Las Vegas",147280,1,2
339,"Washington",28669,1,3
472,"Las Vegas",186329,0,0
499,"Miami",70676,0,0
633,"New York",181208,0,0
582,"Miami",194073,0,0
553,"Las Vegas",89620,0,0
589,"Washington",94132,0,0
379,"Washington",194966,0,0
568,"New York",83648,0,0
394,"Chicago",35446,0,0
376,"Miami",171748,1,1
423,"Las Vegas",168700,1,3
218,"Las Vegas",163434,1,4
250,"New York",145911,1,4
227,"Las Vegas",162035,1,5
445,"Washington",174832,0,0
539,"Chicago",124734,0,0
326,"Chicago",85792,1,4
205,"Washington",91881,1,4
371,"New York",94355,1,1
547,"Las Vegas",152529,1,4
511,"New York",68936,1,2
429,"Las Vegas",139354,1,1
443,"Las Vegas",69890,0,0
637,"Washington",149792,0,0
345,"Chicago",56588,1,2
423,"Hawaii",183549,1,4
539,"Chicago",195582,1,1
207,"Chicago",79175,1,5
509,"Washington",75888,0,0
558,"Washington",32757,0,0
491,"Hawaii",142003,0,0
588,"Miami",27465,0,0
591,"Washington",182728,1,2
353,"Las Vegas",187800,1,3
340,"New York",49820,1,4
373,"Las Vegas",90860,1,1
230,"New York",183070,1,1
496,"Washington",58073,0,0
520,"Las Vegas",118985,1,2
470,"Hawaii",48478,0,0
618,"Las Vegas",108331,0,0
422,"Las Vegas",55802,1,2
508,"Washington",123114,0,0
435,"Miami",102771,0,0
373,"Miami",89631,0,0
639,"New York",78609,0,0
571,"Las Vegas",160337,1,1
589,"Miami",51705,1,5
242,"Chicago",106792,1,3
641,"Hawaii",97818,1,1
551,"New York",144580,1,5
354,"Las Vegas",153548,0,0
504,"Washington",107861,0,0
353,"Miami",35052,0,0
342,"Chicago",168032,1,5
370,"Hawaii",198871,0,0
480,"Las Vegas",192939,0,0
544,"Miami",107057,1,1
364,"New York",85698,1,4
633,"Las Vegas",166367,1,1
604,"New York",103794,1,3
499,"New York",113956,0,0
542,"Washington",117602,1,4
369,"Hawaii",172182,1,5
490,"Miami",82971,1,2
479,"Washington",175566,0,0
648,"Hawaii",34214,0,0
366,"Chicago",195746,1,4
552,"Miami",90435,0,0
391,"Chicago",59915,0,0
382,"Las Vegas",64340,1,4
275,"Las Vegas",197095,1,1
431,"Chicago",132251,1,3
451,"Hawaii",112642,1,3
510,"Chicago",126453,1,4
352,"Las Vegas",88253,1,1
419,"Miami",117981,0,0
270,"Washington",25260,0,0
270,"Miami",156810,1,2
427,"New York",29137,1,2
562,"Miami",147116,1,5
508,"Washington",92744,0,0
494,"Las Vegas",125607,1,1
397,"New York",147594,1,5
492,"Las Vegas",121154,1,3
380,"New York",74608,0,0
414,"Hawaii",126980,1,2
383,"Chicago",90249,1,5
235,"Miami",156825,1,3
577,"Las Vegas",52225,0,0
337,"Hawaii",140446,1,3
545,"Miami",193543,1,1
310,"Miami",55417,0,0
420,"Las Vegas",49655,1,3
601,"New York",196146,1,1
282,"Las Vegas",144258,1,3
538,"Hawaii",152130,1,3
434,"New York",125159,0,0
642,"Miami",199850,1,2
246,"Hawaii",117819,1,2
468,"New York",135745,0,0
589,"Miami",138920,0,0
341,"New York",100518,1,2
490,"New York",83177,1,2
501,"Las Vegas",163518,1,3
619,"New York",131371,1,1
543,"New York",141562,1,1
588,"Washington",186854,1,1
383,"New York",93376,0,0
505,"Chicago",94793,0,0
424,"Las Vegas",191312,1,3
344,"Hawaii",181836,1,3
305,"Washington",55970,1,4
404,"Hawaii",81370,1,1
320,"Washington",89847,0,0
253,"New York",103254,1,3
234,"Miami",158705,1,1
389,"Washington",114906,1,4
333,"New York",91789,0,0
595,"Las Vegas",85613,0,0
321,"Hawaii",173224,1,5
455,"New York",91266,0,0
302,"Washington",115218,0,0
454,"New York",133641,1,5
534,"Chicago",38642,0,0
349,"Miami",30212,1,1
265,"Hawaii",108258,1,4
608,"Hawaii",194069,1,4
621,"Chicago",56197,0,0
515,"Chicago",100141,1,5
420,"Miami",173175,0,0
289,"Hawaii",137372,1,2
254,"Las Vegas",165716,1,5
476,"Chicago",138878,1,3
317,"Las Vegas",171104,0,0
590,"New York",164374,0,0
614,"Las Vegas",31971,0,0
379,"Las Vegas",39057,0,0
493,"Miami",182113,1,4
432,"Hawaii",118320,1,1
498,"Las Vegas",184263,1,3
364,"Hawaii",152352,0,0
227,"Hawaii",166077,0,0
605,"Hawaii",146071,1,5
418,"Las Vegas",167342,1,3
446,"Las Vegas",119537,1,1
649,"Washington",65669,0,0
648,"New York",48709,0,0
397,"Hawaii",131711,1,3
211,"Hawaii",93064,1,5
262,"Chicago",44556,1,1
417,"Miami",26391,0,0
463,"Miami",107799,1,2
566,"New York",112355,1,1
470,"Hawaii",179459,1,1
379,"Chicago",146499,1,5
294,"Hawaii",198770,1,4
641,"New York",77368,0,0
469,"Miami",78501,0,0
423,"Washington",186937,1,4
367,"Las Vegas",26131,0,0
268,"Miami",68034,0,0
636,"Chicago",175026,1,2
349,"New York",111021,1,2
244,"Miami",98681,1,3
385,"New York",180333,1,1
485,"Hawaii",130325,0,0
444,"Washington",119482,1,1
262,"Washington",184643,1,5
454,"New York",27456,1,4
246,"New York",82304,0,0
619,"Miami",113862,1,2
297,"Chicago",187906,1,1
311,"Chicago",123268,1,5
310,"New York",125528,1,5
345,"New York",83328,0,0
531,"Miami",52016,0,0
423,"Washington",127218,1,3
212,"New York",39709,1,4
256,"Miami",174640,1,2
369,"Las Vegas",129408,0,0
462,"Washington",119932,1,2
454,"Chicago",122437,1,2
475,"Las Vegas",54804,0,0
263,"Hawaii",56768,0,0
252,"Las Vegas",185928,1,1
300,"New York",129339,1,1
248,"New York",195818,1,3
354,"Hawaii",149452,0,0
413,"Hawaii",167858,1,3
363,"New York",107595,0,0
312,"New York",148645,0,0
289,"Las Vegas",111620,1,5
544,"New York",96556,1,2
581,"New York",127986,0,0
329,"Chicago",43494,0,0
251,"Hawaii",181709,1,1
411,"Hawaii",122370,1,5
436,"Chicago",36804,0,0
502,"Washington",44068,1,2
563,"Hawaii",129808,1,5
299,"Las Vegas",153489,1,3
552,"Chicago",132352,1,3
570,"Hawaii",170198,1,1
493,"Las Vegas",146196,1,4
479,"Washington",165141,0,0
569,"New York",166446,1,1
645,"Chicago",155917,0,0
252,"Miami",96092,1,3
369,"Las Vegas",123379,0,0
321,"Miami",175411,1,5
211,"Hawaii",152212,1,5
449,"New York",146409,1,3
596,"Las Vegas",190686,1,5
335,"Hawaii",121471,1,2
427,"New York",115907,1,1
583,"New York",48534,1,2
626,"Las Vegas",193425,0,0
450,"Hawaii",139556,1,2
275,"Hawaii",95024,1,5
642,"Washington",39679,0,0
648,"Miami",192621,1,2
551,"Miami",31819,0,0
615,"New York",123432,0,0
261,"Miami",133701,1,3
389,"New York",159627,1,4
565,"Las Vegas",97161,0,0
590,"Hawaii",82519,0,0
400,"New York",111577,0,0
411,"New York",53246,0,0
214,"Washington",94094,1,2
639,"New York",84102,1,1
401,"Chicago",43885,1,4
324,"Las Vegas",136463,1,5
424,"Washington",81407,1,5
455,"Las Vegas",77177,0,0
438,"New York",63267,1,5
268,"Hawaii",185218,1,3
645,"Miami",37012,0,0
409,"Las Vegas",174580,1,3
396,"Washington",56534,0,0
282,"Miami",152420,1,3
376,"New York",190984,1,2
632,"New York",83404,0,0
271,"Hawaii",176364,1,1
368,"Miami",135738,0,0
227,"Hawaii",65959,0,0
324,"Washington",98592,1,2
339,"New York",72207,1,1
591,"Las Vegas",191449,1,1
432,"Hawaii",175392,1,5
219,"Chicago",67574,1,3
251,"Las Vegas",133375,1,2
584,"Hawaii",127042,0,0
545,"Miami",138597,1,4
307,"New York",70616,0,0
408,"Washington",185947,1,3
459,"Washington",145273,0,0
380,"Washington",191126,1,3
241,"Chicago",199694,1,4
302,"Miami",107281,0,0
530,"Washington",130049,1,3
330,"Las Vegas",99885,1,1
575,"Washington",125873,1,2
391,"Las Vegas",127270,1,4
486,"Washington",141963,1,4
204,"Las Vegas",42638,1,2
314,"New York",105897,1,1
568,"New York",59753,1,5
525,"Las Vegas",190088,1,2
510,"New York",137995,1,1
384,"Washington",106172,0,0
216,"New York",33342,1,2
458,"Washington",102394,1,3
287,"Washington",167220,0,0
349,"New York",143269,1,3
298,"Chicago",25084,0,0
647,"New York",116933,0,0
398,"Las Vegas",78970,0,0
218,"Chicago",86210,0,0
257,"Las Vegas",64951,1,1
531,"Miami",53378,0,0
635,"Miami",86560,0,0
637,"New York",176477,0,0
460,"Miami",165745,0,0
290,"Miami",148198,1,1
365,"Washington",196917,1,1
220,"Hawaii",65729,1,2
641,"New York",171866,1,5
250,"Hawaii",145315,1,2
235,"Miami",181392,1,3
445,"Hawaii",66197,0,0
448,"New York",122057,1,1
615,"Las Vegas",151975,1,1
640,"Las Vegas",188034,1,5
538,"Chicago",88796,1,3
208,"Miami",37403,0,0
455,"Las Vegas",93247,0,0
599,"Miami",109588,0,0
270,"Hawaii",134831,1,3
647,"Miami",54266,0,0
302,"Chicago",56335,0,0
598,"Miami",184855,1,1
437,"Miami",176693,1,4
490,"Chicago",118747,0,0
437,"Miami",142665,1,5
571,"Washington",111264,1,1
397,"New York",83020,1,2
221,"New York",71479,1,1
215,"Las Vegas",195226,1,4
347,"Las Vegas",182649,1,5
470,"Las Vegas",53611,0,0
473,"New York",139532,0,0
383,"Washington",194595,1,5
224,"Miami",102441,1,1
225,"Las Vegas",160591,1,3
501,"Las Vegas",153814,1,4
218,"New York",75887,1,1
341,"New York",189930,1,4
454,"New York",109795,1,5
596,"New York",67740,0,0
283,"New York",73901,1,1
445,"Las Vegas",175246,1,1
215,"Miami",182736,1,1
517,"Hawaii",176605,1,5
408,"Chicago",133205,1,5
573,"Chicago",122665,1,3
510,"Chicago",149279,1,2
413,"New York",41578,1,3
582,"Miami",196583,1,4
385,"Las Vegas",129822,1,5
272,"New York",26596,1,2
262,"Washington",177041,1,4
419,"Hawaii",67710,1,1
321,"Washington",126699,1,3
592,"Hawaii",154712,0,0
528,"Washington",30216,0,0
231,"Miami",47369,1,5
478,"Miami",82628,0,0
593,"Washington",195436,0,0
607,"Hawaii",168831,1,2
635,"Miami",150206,0,0
297,"Chicago",130779,1,4
304,"Washington",188338,1,4
642,"Washington",112632,1,1
401,"New York",137373,1,5
460,"Chicago",128459,0,0
200,"Las Vegas",49902,0,0
461,"Las Vegas",76455,1,1
211,"Washington",143466,1,4
417,"Miami",174533,1,2
607,"Miami",44142,1,4
415,"Las Vegas",48749,1,4
201,"Hawaii",185630,1,3
276,"Hawaii",71671,0,0
443,"New York",183530,1,2
214,"Chicago",100383,1,5
263,"New York",190824,1,4
442,"Miami",102368,0,0
384,"New York",148300,0,0
370,"Washington",88978,1,5
321,"Chicago",153941,1,2
442,"New York",150241,0,0
391,"Chicago",43504,1,4
462,"Chicago",118072,1,4
398,"Miami",130751,1,5
551,"Washington",75579,1,3
501,"Las Vegas",178459,1,5
278,"Las Vegas",165827,1,1
373,"New York",38483,0,0
581,"Chicago",73307,0,0
589,"Washington",145278,1,1
242,"Hawaii",185187,1,5
266,"Chicago",30217,0,0
556,"Miami",103387,1,3
416,"Las Vegas",188812,1,3
494,"Las Vegas",176375,1,2
208,"Washington",65760,0,0
511,"Chicago",142479,1,2
509,"Miami",148964,1,2
283,"Hawaii",176101,1,5
451,"New York",62899,0,0
239,"Las Vegas",122986,1,2
554,"Hawaii",111911,0,0
637,"New York",180239,1,3
237,"Miami",33758,0,0
514,"Miami",150593,1,3
332,"Miami",25828,0,0
288,"Miami",148957,1,4
251,"New York",169524,1,3
546,"Washington",91053,1,5
411,"Las Vegas",144073,0,0
216,"Washington",42139,0,0
292,"Las Vegas",178426,0,0
458,"Washington",42324,0,0
372,"Chicago",172498,1,2
236,"Miami",139677,1,3
591,"New York",89163,0,0
276,"Chicago",28925,1,3
635,"New York",73177,0,0
278,"Miami",127720,1,3
212,"Miami",166894,1,1
284,"Miami",109462,1,2
239,"Hawaii",174850,1,2
636,"Hawaii",143791,1,1
596,"New York",145912,0,0
484,"Las Vegas",85198,0,0
439,"Hawaii",118471,1,3
260,"Las Vegas",109515,1,2
273,"New York",73911,1,4
307,"Las Vegas",102257,1,2
540,"Hawaii",167971,1,1
455,"New York",55118,1,2
255,"Las Vegas",163738,1,4
343,"Hawaii",123046,1,4
399,"Las Vegas",146138,1,3
220,"Hawaii",156225,0,0
490,"Miami",199117,0,0
610,"Washington",156473,1,1
554,"New York",42067,0,0
586,"Miami",122871,0,0
538,"New York",78809,1,4
369,"Hawaii",88959,1,2
519,"Washington",129324,0,0
481,"New York",195215,1,1
497,"New York",45721,1,1
411,"Chicago",91989,1,2
575,"Chicago",71142,1,1
614,"Las Vegas",116170,0,0
363,"Hawaii",41241,0,0
366,"Chicago",66432,1,3
262,"Hawaii",192109,1,4
230,"Miami",76470,1,2
497,"Miami",73310,0,0
241,"Washington",70924,1,3
491,"Hawaii",140899,1,5
418,"New York",92277,1,4
577,"Chicago",196562,1,5
282,"Miami",152574,1,2
271,"Miami",146887,1,2
536,"Miami",147349,0,0
487,"New York",68922,1,4
331,"Las Vegas",44803,0,0
347,"New York",157426,1,3
507,"Miami",58160,0,0
535,"Las Vegas",114531,0,0
524,"New York",151195,1,4
593,"Miami",79636,0,0
307,"New York",65702,1,4
561,"Las Vegas",30587,0,0
260,"Hawaii",191142,1,5
269,"Chicago",196066,1,4
264,"Las Vegas",161505,1,2
286,"Hawaii",68523,1,3
597,"Las Vegas",34098,1,2
322,"Chicago",107172,1,5
458,"Miami",34401,0,0
502,"Miami",101102,0,0
429,"New York",47791,0,0
307,"Las Vegas",71941,1,2
403,"Las Vegas",28431,1,5
462,"Washington",179429,1,3
507,"Las Vegas",134963,1,2
590,"Washington",130518,0,0
578,"Las Vegas",97656,1,4
518,"Washington",42532,1,2
560,"New York",32364,1,5
602,"Miami",122692,1,4
487,"Las Vegas",191899,1,3
441,"Washington",199775,1,5
370,"Hawaii",170936,0,0
472,"Chicago",122800,1,2
585,"Miami",98778,1,2
273,"Washington",154427,1,1
455,"Washington",160027,0,0
531,"New York",175907,0,0
349,"Chicago",194312,1,5
219,"Las Vegas",75199,1,4
539,"Miami",134341,1,2
239,"Miami",174880,1,4
485,"Miami",195977,1,2
489,"Washington",195651,1,2
218,"Washington",32685,0,0
280,"Hawaii",129522,1,4
588,"Washington",169794,0,0
490,"Miami",180066,1,4
401,"Las Vegas",26425,0,0
244,"Las Vegas",96353,1,5
378,"Las Vegas",186585,1,4
430,"New York",165030,1,2
518,"Las Vegas",123818,0,0
220,"Chicago",35322,1,5
627,"Miami",118281,1,4
507,"Washington",57382,1,2
561,"Chicago",47596,1,4
218,"Hawaii",141374,1,3
520,"Hawaii",69678,1,2
472,"Miami",151108,0,0
490,"Hawaii",159313,1,5
427,"Washington",186977,1,4
424,"Miami",129427,0,0
571,"Miami",140876,1,5
438,"Chicago",156091,1,2
646,"Miami",187663,1,3
567,"Hawaii",67619,1,5
216,"Hawaii",192881,1,3
569,"Washington",110492,1,4
361,"Las Vegas",186877,1,2
525,"Las Vegas",79947,1,1
314,"Washington",178815,0,0
543,"Miami",77558,1,1
312,"Miami",160832,1,3
538,"Washington",144827,1,4
244,"Las Vegas",30228,0,0
549,"Las Vegas",133386,0,0
509,"Las Vegas",101686,1,3
248,"Miami",177187,1,2
465,"Hawaii",61932,1,5
643,"Las Vegas",194511,1,3
513,"Miami",194888,1,1
370,"Las Vegas",78814,1,3
634,"Washington",136577,1,3
437,"Las Vegas",188604,1,4
220,"Hawaii",91697,1,4
503,"New York",35643,1,3
476,"Washington",75813,0,0
393,"Miami",102202,1,1
377,"New York",82088,1,3
542,"Hawaii",188674,1,3
358,"Miami",169272,1,5
414,"Miami",197002,1,5
310,"Miami",65250,1,4
491,"New York",138407,1,4
390,"Chicago",190961,1,3
518,"Washington",37348,0,0
572,"Washington",39118,1,5
550,"Las Vegas",151836,1,1
292,"Miami",116295,1,2
225,"New York",82051,1,3
370,"Hawaii",26817,1,2
201,"New York",44341,1,1
498,"Miami",133669,1,3
643,"New York",94835,0,0
504,"New York",37557,1,4
223,"New York",98939,1,2
632,"New York",67105,0,0
215,"Hawaii",180756,1,4
372,"Miami",29333,0,0
603,"Chicago",97336,0,0
393,"Chicago",154517,1,2
406,"Miami",42697,0,0
217,"New York",88282,0,0
592,"Washington",147323,1,4
607,"New York",127465,1,3
406,"Chicago",48431,0,0
545,"Las Vegas",61655,0,0
299,"New York",116548,1,4
578,"Hawaii",46118,0,0
477,"Chicago",180359,1,3
271,"New York",37016,1,2
381,"Miami",168117,1,4
621,"Las Vegas",63195,0,0
300,"Miami",191437,1,5
310,"Miami",93316,1,4
273,"Washington",181148,1,1
620,"New York",26138,0,0
421,"Las Vegas",188639,1,3
418,"Washington",49010,0,0
288,"Miami",166198,1,5
523,"Hawaii",36210,0,0
549,"Miami",180647,1,5
451,"Chicago",81849,1,5
406,"Hawaii",154465,1,1
290,"Las Vegas",31128,1,1
278,"Miami",175372,1,5
396,"Miami",93028,1,4
311,"Las Vegas",148910,1,4
334,"Hawaii",191207,1,1
247,"Las Vegas",120164,1,1
269,"Washington",89187,1,3
524,"Washington",56111,0,0
400,"Hawaii",147613,1,2
261,"Washington",36523,1,1
284,"New York",110090,1,3
523,"Hawaii",48454,0,0
422,"Chicago",99846,1,5
609,"Washington",44788,0,0
458,"Hawaii",32126,0,0
552,"Las Vegas",66538,1,1
544,"Miami",182370,1,5
516,"Las Vegas",51579,1,2
289,"Washington",194701,1,4
300,"Hawaii",174335,0,0
537,"Miami",170611,1,3
369,"Hawaii",95108,1,4
426,"Miami",72876,0,0
625,"New York",62006,1,3
362,"Miami",125956,1,2
560,"Las Vegas",93446,1,1
591,"Las Vegas",37949,1,5
453,"Washington",102813,1,5
469,"Hawaii",130129,1,4
513,"Miami",102168,1,3
297,"Miami",76037,1,3
290,"Chicago",185814,1,2
246,"Las Vegas",45303,1,1
371,"Chicago",72988,1,3
485,"New York",98030,0,0
352,"Miami",125601,1,2
301,"Miami",157382,1,3
572,"New York",50997,0,0
634,"Miami",182524,0,0
293,"Chicago",76833,1,2
518,"Chicago",101012,1,3
253,"Washington",80553,1,1
201,"New York",185373,1,1
327,"Las Vegas",126547,1,2
269,"Miami",177013,1,3
439,"Hawaii",154299,0,0
248,"Chicago",82425,1,3
408,"Hawaii",156749,1,3
270,"Washington",40353,1,5
327,"Las Vegas",118381,0,0
222,"Miami",44283,1,5
335,"Hawaii",49902,1,2
514,"Washington",177234,1,1
303,"Hawaii",198512,1,4
491,"Washington",153490,0,0
548,"Hawaii",43796,1,2
499,"Chicago",68126,1,5
408,"Miami",45286,0,0
591,"Miami",31917,0,0
550,"Hawaii",171006,1,3
419,"Washington",59859,1,5
291,"Las Vegas",66970,0,0
616,"New York",138513,1,5
600,"Las Vegas",137518,0,0
258,"Washington",122918,1,4
373,"Miami",134874,1,5
311,"New York",56499,1,4
459,"New York",147664,1,3
298,"Hawaii",143298,1,5
445,"Chicago",33996,0,0
359,"Washington",53254,1,3
456,"Washington",186984,1,3
282,"Washington",146826,1,4
246,"Miami",148256,1,3
533,"Washington",58418,1,1
295,"Hawaii",184684,1,5
402,"Las Vegas",101631,1,4
385,"Washington",32447,0,0
590,"Chicago",190232,1,1
260,"Miami",77390,1,1
229,"Hawaii",87409,1,3
541,"Washington",69752,0,0
228,"Washington",71129,0,0
271,"Chicago",59089,1,5
312,"Miami",180350,1,4
343,"Las Vegas",72931,0,0
286,"Hawaii",43816,1,1
568,"Washington",159069,1,4
229,"Miami",121698,1,1
484,"Miami",172864,1,2
494,"Hawaii",198156,1,2
386,"Las Vegas",84383,1,2
537,"Las Vegas",165222,1,1
570,"Hawaii",92708,1,3
608,"Miami",65315,0,0
497,"Las Vegas",91931,0,0
513,"Las Vegas",153413,1,3
524,"New York",112146,0,0
500,"Miami",179252,1,2
562,"Chicago",27398,1,1
607,"Hawaii",95404,0,0
324,"Las Vegas",189679,1,2
357,"New York",131001,0,0
287,"Hawaii",36354,0,0
448,"New York",47515,0,0
633,"New York",130943,0,0
476,"Hawaii",174322,1,5
640,"Miami",125470,1,3
646,"New York",180594,0,0
277,"Las Vegas",71706,0,0
500,"Washington",37922,0,0
479,"Hawaii",154907,0,0
297,"New York",43735,1,4
590,"Chicago",176998,0,0
506,"New York",89261,0,0
441,"Hawaii",66710,0,0
257,"New York",53783,1,1
561,"Miami",140468,0,0
260,"Las Vegas",68755,1,1
214,"Las Vegas",156659,1,5
599,"Miami",41254,0,0
323,"Hawaii",82788,1,2
254,"Las Vegas",58945,0,0
491,"Las Vegas",70849,1,3
226,"Miami",190439,1,1
417,"Las Vegas",48991,0,0
344,"Miami",28785,1,3
287,"Hawaii",120262,1,1
319,"Hawaii",26821,1,3
461,"Miami",31667,0,0
480,"Hawaii",136646,0,0
249,"Miami",113800,1,1
382,"Washington",150744,0,0
565,"Chicago",191180,1,3
648,"Las Vegas",42985,0,0
287,"Las Vegas",34072,0,0
609,"Washington",182509,1,3
515,"Las Vegas",111785,1,2
210,"Chicago",89530,0,0
364,"New York",46209,1,4
481,"Las Vegas",30689,1,4
567,"Hawaii",67150,0,0
353,"Miami",66992,0,0
403,"Miami",148192,1,5
551,"Miami",35224,1,1
628,"Washington",161366,1,4
270,"Washington",32366,1,1
614,"Miami",180759,1,3
336,"Las Vegas",124364,1,2
587,"Las Vegas",68740,0,0
438,"Hawaii",161172,1,3
516,"Miami",143974,1,1
497,"Hawaii",40338,0,0
481,"Washington",198901,1,4
222,"New York",114060,0,0
229,"Hawaii",48579,0,0
356,"Las Vegas",103687,0,0
370,"Hawaii",142227,1,4
209,"Washington",186955,1,3
320,"Chicago",102293,0,0
518,"New York",51135,0,0
490,"New York",31676,0,0
314,"Las Vegas",48485,0,0
536,"Washington",92519,1,5
612,"Washington",39810,1,2
413,"New York",189349,0,0
597,"Las Vegas",150105,0,0
534,"Las Vegas",192032,1,4
298,"Washington",143458,0,0
592,"Washington",68531,1,4
487,"Las Vegas",69957,0,0
394,"Miami",84957,1,1
596,"Miami",70274,0,0
328,"Las Vegas",108780,0,0
505,"Miami",47388,1,1
619,"Hawaii",128317,1,3
260,"New York",131243,1,3
565,"Las Vegas",199206,1,4
211,"Las Vegas",189644,1,2
240,"Washington",182909,1,3
469,"Miami",82096,0,0
425,"Las Vegas",197448,1,3
306,"Miami",170285,1,4
623,"Las Vegas",92864,1,2
612,"Hawaii",85896,0,0
291,"Chicago",106217,1,1
293,"Washington",145628,1,5
282,"Hawaii",105785,1,4
534,"Las Vegas",191899,1,5
364,"New York",142412,1,4
571,"Miami",81544,1,2
625,"Miami",124806,0,0
554,"Las Vegas",177988,1,1
313,"Las Vegas",199762,1,1
221,"Las Vegas",42520,1,3
394,"New York",87501,1,3
232,"Washington",153800,1,2
336,"Miami",122091,1,3
340,"Chicago",70327,0,0
307,"Las Vegas",75617,0,0
583,"New York",98562,0,0
504,"Las Vegas",125353,0,0
602,"Las Vegas",110956,0,0
400,"Hawaii",127543,1,1
636,"New York",130265,0,0
611,"New York",100036,0,0
279,"Hawaii",168158,0,0
232,"Chicago",138765,1,5
316,"Miami",68322,1,1
615,"Miami",30046,0,0
421,"New York",145824,1,3
284,"New York",167119,1,2
602,"Chicago",182548,1,5
332,"Chicago",182527,1,3
213,"Washington",117664,1,4
330,"Las Vegas",53169,1,1
250,"Hawaii",30806,1,5
553,"Miami",174800,1,2
632,"Washington",33468,0,0
634,"Washington",68750,0,0
553,"Las Vegas",41227,0,0
286,"New York",107978,1,1
207,"Washington",135884,0,0
535,"New York",173696,0,0
586,"Hawaii",28466,0,0
530,"Hawaii",133776,0,0
493,"Washington",163929,0,0
374,"Washington",49187,0,0
309,"Las Vegas",131186,1,3
229,"New York",192762,1,4
424,"Chicago",179824,1,1
288,"Las Vegas",189859,1,5
532,"Las Vegas",151761,1,2
525,"Las Vegas",44505,1,5
487,"Hawaii",107506,1,2
433,"Hawaii",104585,1,1
554,"New York",65054,0,0
596,"Chicago",132246,1,4
622,"Miami",106236,1,3
294,"New York",53254,1,5
493,"Hawaii",27625,0,0
428,"Hawaii",132942,0,0
231,"Miami",186066,1,4
606,"Washington",155888,0,0
436,"Miami",146049,1,4
213,"Las Vegas",169643,1,3
204,"New York",186490,1,1
282,"Las Vegas",96451,1,3
382,"Miami",193805,1,2
385,"Miami",162486,1,1
295,"Miami",50530,1,4
481,"Miami",120450,1,3
280,"New York",172782,1,5
367,"Washington",65250,1,5
321,"Las Vegas",190763,1,5
587,"New York",93577,0,0
650,"Chicago",93769,1,1
511,"Las Vegas",194749,1,2
271,"New York",83351,0,0
629,"Hawaii",138033,1,4
281,"New York",184478,1,3
236,"Washington",84933,0,0
358,"Chicago",160402,1,3
526,"Miami",62458,0,0
358,"Las Vegas",117701,1,1
340,"Miami",92059,0,0
650,"Chicago",90158,0,0
463,"New York",67725,1,1
420,"Chicago",80898,1,4
230,"Las Vegas",63832,1,2
398,"Washington",51580,0,0
266,"New York",33906,0,0
344,"New York",157397,1,2
599,"Las Vegas",128137,0,0
591,"Washington",103400,0,0
618,"New York",108837,0,0
387,"Hawaii",53075,0,0
342,"Hawaii",83162,1,3
506,"Miami",172524,1,4
424,"New York",190042,1,1
445,"Washington",99893,0,0
214,"Miami",174358,1,1
227,"Hawaii",60879,0,0
439,"Chicago",105683,0,0
294,"New York",101846,1,1
364,"New York",138252,1,3
425,"Miami",171807,0,0
631,"Las Vegas",140888,1,3
598,"Miami",135329,1,3
515,"Hawaii",156002,1,5
480,"Miami",69295,0,0
624,"Miami",197074,1,5
448,"Chicago",146495,1,3
474,"Miami",76409,1,4
295,"Chicago",151796,1,5
541,"Las Vegas",152420,0,0
570,"New York",126151,1,1
554,"Miami",87470,0,0
573,"Las Vegas",160704,0,0
208,"Las Vegas",71502,1,1
368,"Miami",135525,1,5
563,"Chicago",43083,1,2
551,"Miami",104892,1,2
514,"Miami",120573,0,0
382,"Washington",58572,0,0
552,"Las Vegas",35950,0,0
463,"Washington",90839,1,5
438,"Chicago",49455,1,5
558,"Las Vegas",119692,1,5
435,"Washington",128376,1,3
521,"Las Vegas",48940,0,0
324,"Chicago",50024,1,1
302,"Las Vegas",190219,1,3
206,"Chicago",168311,1,3
491,"Hawaii",144952,0,0
255,"Las Vegas",82006,1,5
335,"Hawaii",27549,1,5
411,"Las Vegas",70779,0,0
391,"Chicago",68806,1,3
259,"Washington",93119,1,2
283,"Las Vegas",81999,1,2
312,"Las Vegas",110786,1,3
421,"Miami",114095,1,4
544,"Miami",157547,0,0
564,"Chicago",165820,0,0
533,"Miami",178912,1,4
370,"Miami",25513,0,0
423,"Chicago",108299,1,5
544,"Chicago",114949,1,5
594,"New York",192373,1,1
407,"Washington",135030,0,0
485,"New York",64781,0,0
520,"Las Vegas",72323,0,0
391,"New York",162791,1,3
227,"Washington",83925,1,1
463,"Miami",167848,1,1
543,"Hawaii",194541,1,4
285,"Las Vegas",36937,0,0
316,"Las Vegas",58971,1,3
379,"New York",112304,1,2
349,"Las Vegas",83426,1,3
232,"Hawaii",94488,1,2
471,"Las Vegas",64028,1,1
351,"Miami",45737,0,0
510,"Hawaii",29892,0,0
631,"New York",60177,0,0
340,"Hawaii",26540,0,0
393,"New York",90857,0,0
268,"Miami",45064,1,2
363,"New York",31456,1,2
310,"New York",197920,1,5
625,"Washington",125950,0,0
246,"Miami",81520,1,5
315,"New York",74624,0,0
591,"Washington",100056,1,2
244,"Washington",76023,0,0
492,"Las Vegas",154016,1,3
494,"Miami",89261,0,0
423,"Hawaii",169380,1,5
481,"Hawaii",67327,1,1
268,"Miami",141284,1,1
279,"Las Vegas",46669,1,3
562,"Chicago",43428,1,4
290,"Las Vegas",131920,1,4
459,"New York",104354,1,2
395,"Las Vegas",143071,1,3
219,"Las Vegas",194433,1,3
310,"Hawaii",28279,1,3
357,"Chicago",128270,1,5
587,"New York",146270,1,5
369,"Las Vegas",192280,1,2
544,"Washington",142486,0,0
368,"Las Vegas",114538,1,3
200,"Las Vegas",176592,1,2
430,"Miami",65998,1,5
376,"Washington",103000,0,0
494,"Miami",119258,1,4
382,"Miami",178839,1,2
598,"Miami",116192,0,0
409,"Las Vegas",163409,1,5
405,"Las Vegas",135978,1,4
620,"Miami",104933,1,3
319,"New York",194675,1,5
568,"New York",96140,1,5
253,"Miami",39503,0,0
600,"Hawaii",126261,1,4
484,"New York",187114,0,0
413,"Las Vegas",98362,1,1
351,"Washington",104832,0,0
338,"Hawaii",39339,0,0
528,"Miami",177665,1,1
540,"Las Vegas",86107,1,5
286,"New York",146440,0,0
507,"Hawaii",163384,1,4
373,"Miami",57983,0,0
485,"New York",72454,1,2
247,"Hawaii",74543,1,1
435,"Washington",163913,1,2
520,"Las Vegas",147319,1,2
210,"Washington",155653,1,3
389,"Chicago",190936,1,5
319,"New York",109880,1,5
649,"Hawaii",57171,0,0
200,"Las Vegas",132762,1,4
349,"Las Vegas",171829,1,1
625,"Las Vegas",38756,1,5
294,"Miami",160913,1,3
356,"Hawaii",97155,0,0
639,"Miami",153063,1,1
567,"Miami",169195,0,0
638,"Hawaii",159458,1,1
465,"New York",190688,0,0
622,"Las Vegas",128779,1,3
301,"Miami",105562,0,0
481,"Washington",178397,1,1
303,"Washington",191369,1,2
546,"Chicago",151411,1,4
400,"Washington",56255,0,0
570,"New York",166625,0,0
481,"Hawaii",168096,1,3
592,"Las Vegas",43955,1,1
544,"New York",152962,1,1
314,"New York",76918,0,0
322,"Las Vegas",160670,1,4
297,"Hawaii",51980,1,5
443,"Las Vegas",174984,1,5
588,"Miami",159414,1,1
210,"Washington",137654,1,5
254,"Hawaii",106561,0,0
248,"New York",160721,1,5
493,"Las Vegas",189125,1,2
304,"Hawaii",149488,1,4
304,"Las Vegas",71589,0,0
536,"Miami",184884,1,3
641,"New York",132346,1,2
629,"Miami",67186,1,3
576,"Washington",85255,0,0
622,"New York",25550,0,0
516,"Miami",151280,1,4
649,"Las Vegas",110274,0,0
460,"New York",130373,1,1
579,"New York",44574,0,0
294,"Miami",60274,1,1
649,"Las Vegas",90793,0,0
342,"Washington",165630,1,1
416,"Las Vegas",121876,1,2
443,"Hawaii",62710,1,3
532,"Chicago",136583,1,4
465,"Hawaii",163397,1,4
493,"Miami",45703,0,0
483,"Hawaii",171416,1,1
513,"Washington",66304,0,0
202,"Miami",177424,1,2
234,"Washington",89197,1,5
487,"Washington",125760,1,5
249,"Hawaii",152193,1,1
524,"Washington",176427,1,3
492,"Hawaii",86714,0,0
589,"Hawaii",82481,0,0
286,"Miami",130413,1,1
624,"Miami",125115,0,0
225,"Las Vegas",175860,1,5
564,"Las Vegas",175794,1,5
414,"New York",155936,1,2
580,"Las Vegas",96429,0,0
358,"Washington",126441,1,1
351,"Miami",168642,1,3
287,"Hawaii",147628,0,0
332,"New York",194296,1,2
298,"New York",28582,0,0
287,"New York",95178,0,0
356,"Hawaii",104603,1,2
627,"Miami",115185,0,0
510,"Miami",165166,1,5
209,"Las Vegas",169913,1,3
248,"New York",186764,1,1
471,"Miami",84867,0,0
555,"New York",102319,0,0
432,"New York",110786,0,0
643,"Chicago",159236,0,0
502,"Hawaii",124962,0,0
263,"Miami",151504,1,2
560,"Miami",158735,1,3
418,"Las Vegas",44766,0,0
239,"Las Vegas",114068,1,2
229,"Las Vegas",84754,1,5
555,"Chicago",104492,1,4
646,"New York",143042,1,4
495,"Hawaii",31800,1,1
529,"New York",38083,0,0
413,"Las Vegas",76679,0,0
517,"Washington",163013,1,3
347,"Miami",171852,1,2
359,"Hawaii",146168,1,1
494,"Las Vegas",130563,1,1
583,"Miami",188220,1,1
301,"Las Vegas",126565,1,2
588,"Washington",94766,1,2
495,"Washington",107136,1,3
267,"New York",147139,1,5
427,"New York",26488,0,0
463,"Washington",109334,0,0
222,"Washington",76140,1,4
322,"New York",43687,0,0
631,"Hawaii",78461,1,4
536,"Washington",190777,1,3
642,"Las Vegas",125813,1,3
514,"Las Vegas",114228,1,3
585,"Hawaii",186230,1,3
268,"Miami",54821,0,0
353,"Chicago",30392,0,0
421,"Las Vegas",26157,0,0
325,"New York",152656,1,4
510,"Washington",152440,1,5
588,"New York",63593,0,0
382,"Miami",131877,1,5
572,"Miami",77860,1,5
219,"New York",91653,1,1
589,"Hawaii",165484,1,5
417,"New York",101637,1,3
378,"New York",119833,1,3
430,"Chicago",105904,1,3
594,"Washington",77437,0,0
578,"Chicago",97414,0,0
633,"New York",44181,1,2
269,"Las Vegas",34501,0,0
455,"Chicago",165838,0,0
584,"New York",29762,1,4
458,"Hawaii",58457,0,0
463,"Washington",48984,0,0
431,"New York",100613,1,1
612,"Las Vegas",59405,0,0
254,"Miami",111483,0,0
533,"Miami",165157,1,4
256,"Miami",168936,1,2
419,"New York",126407,1,1
326,"Chicago",68200,1,1
213,"Las Vegas",102997,1,2
505,"Miami",71923,0,0
225,"Miami",108347,0,0
472,"Washington",182078,0,0
510,"Miami",197185,1,3
600,"Miami",41264,0,0
516,"Hawaii",102076,1,5
284,"Washington",188041,1,1
487,"Las Vegas",128159,0,0
405,"Las Vegas",54964,0,0
480,"Miami",93481,0,0
343,"Chicago",162731,1,5
423,"Chicago",95429,0,0
461,"Miami",88371,0,0
246,"Washington",39251,1,5
531,"New York",115882,1,3
346,"Las Vegas",186893,1,4
630,"Hawaii",133962,0,0
384,"Hawaii",96879,0,0
628,"Las Vegas",184038,0,0
511,"Washington",145306,0,0
636,"New York",135797,0,0
574,"New York",129090,0,0
530,"Hawaii",146642,1,5
354,"New York",49842,1,1
634,"Miami",174362,1,2
328,"Miami",38363,1,5
260,"Las Vegas",146196,1,4
215,"Miami",78580,1,5
452,"Washington",181853,1,3
526,"Miami",113352,1,1
617,"Las Vegas",106829,0,0
276,"New York",28089,0,0
373,"Hawaii",45220,0,0
301,"Hawaii",76621,1,2
507,"Chicago",129670,1,1
230,"Chicago",61257,0,0
550,"Washington",191356,0,0
519,"New York",114710,0,0
387,"Washington",140559,1,5
226,"Miami",61255,0,0
603,"New York",102941,0,0
208,"New York",120602,1,1
518,"Las Vegas",155778,0,0
363,"Chicago",124119,1,2
297,"Washington",64887,1,3
213,"New York",61445,1,2
596,"Miami",41864,1,5
580,"Washington",143172,0,0
249,"New York",161009,1,1
645,"Hawaii",111339,1,4
572,"Miami",139399,1,2
335,"New York",193034,1,4
295,"Hawaii",88108,1,5
633,"Hawaii",103668,1,3
528,"Miami",72103,0,0
209,"Miami",39642,1,3
502,"New York",151225,1,4
380,"New York",166172,1,3
596,"Miami",94394,1,1
234,"Miami",99825,1,1
498,"Miami",45740,1,2
546,"Hawaii",121983,1,2
561,"Hawaii",39379,0,0
285,"Washington",53143,0,0
307,"New York",155182,1,1
564,"Washington",139207,0,0
409,"Las Vegas",39426,1,5
371,"Hawaii",60247,1,1
585,"Washington",101908,0,0
627,"New York",72069,0,0
290,"Las Vegas",179519,1,1
595,"Chicago",182197,1,2
269,"Miami",49037,0,0
590,"Washington",98831,1,2
396,"Miami",193486,1,2
567,"Miami",122432,1,4
403,"Hawaii",128728,1,1
562,"Las Vegas",193356,1,1
425,"Miami",101069,0,0
486,"Las Vegas",102907,1,1
645,"Washington",127324,1,3
446,"Las Vegas",73286,0,0
230,"Las Vegas",105131,1,3
597,"Hawaii",144555,1,4
281,"Washington",154415,1,3
590,"New York",55847,0,0
292,"Chicago",107329,0,0
549,"Miami",180364,0,0
617,"Chicago",179322,0,0
574,"New York",66974,0,0
602,"Washington",112344,0,0
500,"New York",27768,0,0
279,"Washington",57236,0,0
228,"Hawaii",144312,1,5
264,"Chicago",140864,1,1
343,"Las Vegas",161590,1,4
367,"Washington",184876,1,3
312,"Las Vegas",91831,0,0
210,"Hawaii",151405,1,5
539,"Las Vegas",185251,1,4
510,"New York",181917,0,0
212,"Las Vegas",89525,0,0
411,"Miami",62449,1,3
513,"New York",139215,1,2
219,"Las Vegas",120237,1,5
523,"Miami",122662,1,2
383,"Miami",148801,1,1
540,"Washington",25810,0,0
417,"New York",164221,1,4
225,"Las Vegas",149218,1,3
559,"Washington",155900,0,0
587,"Washington",53219,0,0
415,"New York",129291,1,5
214,"Washington",33128,1,4
307,"Washington",69804,1,2
252,"New York",61127,1,2
317,"Las Vegas",106528,0,0
315,"Las Vegas",189066,1,1
610,"Hawaii",123594,1,2
266,"Hawaii",131785,0,0
371,"New York",163452,1,4
314,"Washington",142714,1,5
478,"Hawaii",29038,0,0
511,"Miami",182858,0,0
496,"Hawaii",47279,0,0
229,"Hawaii",151925,1,2
502,"Washington",160253,0,0
393,"Miami",42378,0,0
230,"New York",74413,0,0
371,"Hawaii",164944,1,4
539,"New York",49921,0,0
511,"Las Vegas",28902,1,3
597,"Las Vegas",46882,0,0
257,"Las Vegas",56187,0,0
641,"Las Vegas",51722,1,1
575,"Washington",173617,1,1
242,"Las Vegas",53298,0,0
541,"Hawaii",96933,1,1
257,"New York",39478,0,0
279,"Las Vegas",120200,1,5
502,"Hawaii",116121,1,3
210,"Chicago",93071,1,5
338,"Washington",80749,1,2
270,"Miami",105348,0,0
603,"Washington",46902,0,0
366,"New York",79171,1,2
229,"Las Vegas",86564,1,1
392,"Washington",188211,1,5
490,"Las Vegas",132090,0,0
611,"Las Vegas",178884,1,4
493,"Miami",45231,0,0
295,"Las Vegas",121364,1,4
565,"Las Vegas",65953,0,0
537,"Las Vegas",42219,0,0
568,"Miami",77366,0,0
462,"Washington",162990,1,4
445,"Washington",64043,0,0
356,"Chicago",169471,1,1
222,"Hawaii",44085,1,5
311,"New York",128045,1,5
483,"Miami",144512,0,0
216,"Hawaii",112507,1,2
491,"Miami",172960,0,0
230,"New York",170417,1,3
215,"New York",44228,0,0
493,"Hawaii",86275,1,5
591,"New York",74583,0,0
633,"Hawaii",189612,0,0
444,"Washington",74637,1,2
527,"Hawaii",144791,1,3
259,"Hawaii",142650,1,4
451,"Las Vegas",79311,1,4
473,"Miami",97264,1,2
206,"Washington",99733,1,2
574,"New York",91910,0,0
584,"Las Vegas",192335,1,1
524,"Chicago",27774,0,0
458,"Washington",155466,1,4
354,"Chicago",75481,1,1
339,"Washington",139985,1,3
646,"Chicago",41148,0,0
557,"Las Vegas",167692,1,3
392,"Miami",132243,1,5
594,"Chicago",165045,1,2
484,"New York",109684,1,5
396,"Las Vegas",38179,0,0
508,"New York",73084,1,3
479,"Hawaii",42673,0,0
573,"New York",162657,1,2
513,"New York",41695,0,0
561,"Las Vegas",25688,0,0
539,"New York",167715,1,3
422,"Miami",83105,1,3
557,"Miami",122679,1,2
401,"Las Vegas",155562,0,0
569,"New York",193836,1,5
263,"New York",106662,1,1
385,"Hawaii",44709,0,0
498,"New York",142953,1,3
559,"Las Vegas",175377,0,0
543,"New York",168835,1,5
339,"Miami",186656,1,5
352,"Hawaii",158122,1,1
567,"Washington",131217,1,2
561,"New York",150810,1,1
569,"New York",148568,1,1
436,"Miami",153704,1,5
206,"Chicago",67963,1,4
515,"Las Vegas",28921,0,0
254,"Las Vegas",125919,1,1
303,"New York",118472,1,5
365,"Miami",72423,1,3
586,"Washington",132071,1,3
434,"Washington",160753,1,5
244,"Chicago",107679,1,3
524,"New York",127452,1,1
642,"Miami",30577,0,0
266,"Las Vegas",176148,1,5
393,"Las Vegas",54202,0,0
560,"Washington",79535,0,0
236,"Las Vegas",60958,1,3
409,"Washington",89236,1,3
267,"Washington",171111,1,3
257,"Miami",197404,1,2
210,"Chicago",98790,1,1
437,"Hawaii",171567,0,0
389,"Washington",162493,1,2
226,"New York",50490,1,3
459,"Washington",125616,1,4
213,"Las Vegas",171707,1,4
317,"New York",56964,1,5
384,"Washington",41518,0,0
395,"Chicago",93428,1,1
586,"New York",97601,0,0
243,"Hawaii",132673,1,3
458,"Las Vegas",27475,1,3
580,"Chicago",55631,1,2
558,"Chicago",98860,1,3
395,"Washington",143700,0,0
636,"Miami",109133,0,0
476,"Las Vegas",175197,0,0
519,"Las Vegas",92663,1,5
642,"Hawaii",187190,0,0
339,"Washington",92647,1,4
576,"Las Vegas",196030,1,2
514,"New York",75568,0,0
253,"Las Vegas",61603,1,3
461,"Las Vegas",130570,1,3
591,"Las Vegas",73107,0,0
640,"Miami",46578,0,0
221,"Washington",70326,1,5
295,"New York",114289,0,0
649,"Las Vegas",61715,0,0
489,"New York",180898,1,3
618,"Washington",152269,0,0
372,"Miami",179072,1,2
227,"Hawaii",30625,0,0
226,"Washington",81695,1,1
290,"Miami",186037,1,4
477,"Washington",92356,1,4
623,"Washington",37746,0,0
416,"Las Vegas",57286,0,0
255,"New York",40604,1,5
280,"New York",82122,1,3
646,"Chicago",118829,0,0
523,"Washington",60236,1,4
608,"Washington",64657,0,0
412,"Washington",46175,1,2
559,"Las Vegas",63099,0,0
228,"Chicago",92436,1,3
346,"New York",146751,1,3
335,"Washington",81224,1,4
629,"Chicago",103818,1,3
573,"Hawaii",171492,1,4
457,"Hawaii",170168,1,4
442,"New York",39382,1,1
587,"Hawaii",126729,1,3
286,"New York",113024,1,4
327,"Chicago",107491,0,0
316,"New York",65601,1,2
556,"Las Vegas",169916,0,0
545,"Las Vegas",50613,1,1
274,"Hawaii",197395,1,3
301,"Las Vegas",169681,1,3
333,"New York",71166,1,5
470,"New York",32325,0,0
393,"Las Vegas",110732,1,5
314,"Las Vegas",146046,1,4
598,"Las Vegas",163083,1,1
641,"Miami",196212,1,3
458,"Miami",109185,0,0
519,"Chicago",79342,1,1
346,"Miami",146810,1,2
479,"Hawaii",141800,1,1
267,"Washington",194413,1,4
523,"Chicago",83994,0,0
304,"Las Vegas",187580,1,5
327,"Hawaii",47683,0,0
480,"Las Vegas",104005,1,2
548,"New York",189996,1,5
488,"Miami",156460,1,3
393,"Washington",164437,1,1
375,"Miami",152672,1,4
400,"Hawaii",76450,1,4
313,"New York",101540,0,0
501,"Hawaii",87829,1,4
209,"Hawaii",46840,1,4
597,"Miami",53681,1,1
491,"Las Vegas",84143,0,0
457,"Las Vegas",112195,1,5
360,"Chicago",137415,1,4
637,"Las Vegas",175421,1,2
417,"Las Vegas",159160,1,4
359,"Miami",193877,1,5
400,"New York",84323,1,5
309,"Las Vegas",183155,1,5
209,"Hawaii",97057,1,4
338,"Washington",133018,1,3
409,"New York",79416,0,0
449,"Hawaii",109399,1,4
634,"Washington",31942,0,0
618,"Miami",32610,1,4
636,"Washington",58023,0,0
526,"Las Vegas",109331,1,5
230,"New York",125179,1,1
209,"Hawaii",187530,1,5
430,"Las Vegas",92625,1,3
492,"Washington",47553,0,0
208,"Las Vegas",84906,0,0
632,"Chicago",40259,0,0
325,"Miami",79406,1,2
516,"Hawaii",172347,0,0
631,"Las Vegas",48295,0,0
517,"Miami",167448,1,5
559,"Las Vegas",167269,1,3
413,"Las Vegas",36777,0,0
365,"Hawaii",132187,0,0
233,"Las Vegas",149419,1,2
356,"Chicago",38881,0,0
391,"Las Vegas",189871,1,5
410,"Las Vegas",56475,0,0
472,"New York",166628,1,4
253,"Hawaii",128802,1,5
595,"Washington",95834,0,0
443,"Chicago",65479,0,0
527,"New York",142401,0,0
290,"Chicago",77536,1,5
599,"Miami",116351,0,0
239,"Hawaii",112553,1,5
231,"Hawaii",103428,1,4
292,"Hawaii",145390,1,4
510,"Hawaii",71533,0,0
583,"New York",126961,0,0
406,"Chicago",157248,1,2
266,"Washington",174806,1,2
499,"New York",53178,0,0
276,"New York",86410,0,0
389,"Las Vegas",46367,0,0
205,"Miami",45692,1,4
467,"Chicago",31445,0,0
518,"New York",136263,0,0
516,"Chicago",141680,1,1
441,"Las Vegas",95094,1,4
233,"Hawaii",71673,1,1
357,"Washington",79452,1,2
602,"Las Vegas",140000,1,5
568,"Hawaii",101444,1,1
563,"New York",78436,0,0
429,"Miami",199490,1,4
588,"Chicago",25644,0,0
523,"Miami",28511,0,0
590,"Miami",94686,1,5
352,"Washington",116384,0,0
303,"Miami",104444,0,0
318,"Hawaii",88594,0,0
542,"Las Vegas",46289,1,4
589,"Chicago",69553,0,0
376,"Miami",98543,1,4
559,"Hawaii",108198,0,0
648,"New York",124088,1,3
569,"Chicago",65702,0,0
578,"Miami",51742,1,3
498,"Washington",34505,1,5
476,"Las Vegas",35058,0,0
403,"Miami",37546,0,0
236,"Hawaii",25055,1,3
287,"Hawaii",115373,1,1
271,"Washington",42698,0,0
639,"Hawaii",189862,1,5
314,"Miami",78042,1,1
453,"Chicago",90700,0,0
641,"Miami",92359,1,3
364,"Chicago",159785,0,0
439,"Las Vegas",38626,1,3
633,"Washington",140549,1,3
646,"Miami",29791,1,2
629,"Washington",91548,0,0
516,"Washington",30538,1,1
314,"Las Vegas",191657,1,2
587,"Hawaii",53030,0,0
425,"Las Vegas",176541,1,5
410,"Las Vegas",150710,1,1
374,"Las Vegas",88014,1,5
266,"Hawaii",163337,1,4
574,"Washington",169633,1,1
206,"New York",157239,0,0
370,"Miami",126731,1,2
645,"Hawaii",113248,0,0
473,"Las Vegas",47988,0,0
248,"Chicago",127046,1,3
432,"New York",52100,0,0
503,"Washington",45449,0,0
424,"New York",181767,1,3
485,"Miami",113537,0,0
274,"Washington",52713,1,1
419,"Chicago",151916,1,5
451,"New York",84798,0,0
429,"Chicago",122471,1,5
504,"Las Vegas",71539,0,0
211,"Miami",64791,1,2
432,"New York",93577,1,3
214,"New York",159821,1,5
360,"Hawaii",99737,0,0
553,"Las Vegas",193169,0,0
521,"Miami",91270,1,1
233,"Miami",172452,1,3
447,"Las Vegas",116334,1,2
332,"Chicago",186072,0,0
559,"New York",58301,1,5
255,"Washington",65634,0,0
269,"Las Vegas",134721,1,2
615,"Washington",82430,1,3
638,"Hawaii",113425,0,0
584,"New York",85446,1,4
267,"Las Vegas",117655,0,0
216,"Chicago",69799,1,5
340,"Washington",87995,1,1
514,"Washington",186811,1,3
548,"Hawaii",153755,1,4
336,"Las Vegas",120622,1,2
493,"Las Vegas",36650,0,0
247,"Hawaii",173065,1,1
231,"Las Vegas",112714,1,2
253,"Las Vegas",90546,1,5
319,"Washington",163157,1,4
434,"Miami",121638,0,0
545,"Miami",165906,0,0
422,"New York",103297,1,4
643,"Las Vegas",145599,1,4
233,"Las Vegas",56955,1,2
630,"Las Vegas",122055,1,3
573,"Washington",62637,1,1
639,"Washington",56345,1,1
487,"Hawaii",112842,1,3
593,"Las Vegas",43040,0,0
407,"Miami",39103,0,0
509,"Miami",134344,1,3
483,"New York",166200,0,0
376,"Chicago",181263,1,4
326,"Miami",106547,1,1
537,"Las Vegas",180906,1,1
331,"New York",153164,1,3
321,"Miami",42217,0,0
238,"Las Vegas",153234,1,5
210,"Miami",103343,1,5
636,"Miami",184184,1,2
599,"Washington",37054,1,2
635,"New York",51126,1,1
336,"Chicago",93978,1,5
303,"Hawaii",75060,0,0
545,"Washington",122380,0,0
389,"Las Vegas",130052,1,1
219,"Miami",157021,1,3
551,"Washington",50329,0,0
200,"Miami",93542,1,1
278,"Las Vegas",150758,1,4
405,"Miami",89764,1,1
439,"Las Vegas",156663,1,5
233,"Washington",153547,1,5
255,"Hawaii",93617,1,1
360,"Miami",33806,0,0
299,"Chicago",115145,1,2
485,"Las Vegas",74810,1,3
381,"New York",64492,0,0
333,"Washington",42672,1,4
228,"Hawaii",120423,1,5
430,"Miami",198705,0,0
527,"Las Vegas",58930,0,0
305,"Washington",114427,1,1
306,"Miami",64135,1,5
261,"Chicago",55824,0,0
410,"Hawaii",28677,1,3
383,"Chicago",189924,1,3
208,"New York",170166,1,2
580,"Washington",173878,1,1
424,"Miami",41250,1,1
261,"Hawaii",145582,1,5
628,"Chicago",172997,1,5
564,"Hawaii",163060,0,0
298,"Las Vegas",65533,0,0
332,"Las Vegas",142781,1,3
329,"New York",69882,1,3
242,"New York",194931,1,2
545,"Las Vegas",108519,1,2
532,"New York",122438,1,4
486,"Miami",69351,1,2
545,"Miami",199750,0,0
440,"Miami",127647,1,2
595,"New York",162283,1,5
638,"Las Vegas",43056,1,5
525,"Hawaii",120160,0,0
529,"Las Vegas",110900,0,0
417,"Chicago",104456,1,2
256,"Hawaii",171790,1,4
621,"Las Vegas",145567,1,1
404,"Washington",91000,1,4
349,"New York",26164,1,5
477,"Las Vegas",152617,0,0
410,"Hawaii",147763,1,1
207,"Miami",34045,1,4
367,"Miami",34437,0,0
231,"Las Vegas",159033,1,4
547,"Hawaii",54013,0,0
502,"Las Vegas",143072,1,3
359,"Las Vegas",62448,0,0
638,"New York",77350,0,0
534,"Hawaii",193226,1,3
293,"Washington",61486,1,3
234,"Washington",35071,1,1
499,"Chicago",197873,1,1
298,"Washington",196847,1,2
302,"Las Vegas",99361,1,4
477,"Hawaii",78762,0,0
610,"Chicago",108782,0,0
460,"New York",186572,1,5
266,"New York",103974,1,2
309,"Las Vegas",137018,1,2
264,"Las Vegas",103033,1,4
613,"Chicago",65376,0,0
360,"Washington",195766,1,4
557,"Las Vegas",172072,1,5
500,"Las Vegas",130588,0,0
440,"New York",193547,1,3
468,"Miami",93384,1,5
477,"New York",118759,1,1
623,"Washington",179126,1,3
378,"New York",104529,0,0
510,"New York",108118,1,2
600,"New York",173130,0,0
452,"New York",188271,1,5
490,"Chicago",90107,1,2
519,"Hawaii",27468,0,0
210,"Miami",55738,0,0
401,"Las Vegas",38906,1,2
431,"Chicago",143759,1,5
283,"New York",124025,1,3
416,"Miami",108122,1,1
521,"New York",145558,1,5
270,"Washington",95616,1,3
434,"New York",158352,0,0
360,"Miami",159972,1,5
583,"Hawaii",122016,1,4
631,"Miami",167349,0,0
389,"Las Vegas",96275,0,0
647,"Hawaii",26557,0,0
248,"Chicago",32583,1,4
588,"Chicago",158785,1,5
393,"Miami",181436,1,2
348,"Miami",181747,1,2
362,"Miami",60367,1,3
578,"Miami",86561,0,0
626,"Hawaii",144746,1,5
541,"New York",149874,0,0
295,"Washington",40209,1,5
632,"Washington",142037,0,0
257,"New York",125658,0,0
316,"New York",120754,1,5
618,"Miami",96577,1,3
566,"Las Vegas",121653,0,0
545,"Hawaii",135838,0,0
648,"New York",152164,0,0
553,"Miami",134102,0,0
208,"Chicago",186187,1,5
587,"New York",143861,0,0
564,"Las Vegas",162264,0,0
352,"Washington",120921,1,5
608,"Las Vegas",136215,0,0
269,"Miami",110504,1,5
509,"Las Vegas",185542,0,0
428,"New York",150670,0,0
523,"New York",143241,0,0
248,"Washington",115010,1,4
301,"New York",118314,1,1
301,"Chicago",139897,1,3
304,"New York",151619,1,3
262,"Miami",158619,1,2
269,"Hawaii",72990,1,4
597,"Las Vegas",76736,1,2
219,"Miami",153592,1,1
639,"New York",88018,0,0
500,"Miami",173799,0,0
557,"New York",190752,0,0
445,"Miami",110047,0,0
217,"Hawaii",134550,1,1
420,"Las Vegas",139320,1,4
289,"Las Vegas",42225,1,3
453,"Hawaii",63983,1,4
596,"Miami",81373,0,0
353,"Las Vegas",71729,1,1
259,"Washington",54955,0,0
633,"Washington",64305,0,0
286,"Washington",45320,1,4
488,"Miami",55272,1,1
478,"New York",70505,1,3
421,"New York",97785,1,4
629,"Miami",137071,0,0
265,"Hawaii",63306,0,0
223,"Las Vegas",92467,1,4
273,"Las Vegas",119293,1,4
615,"Hawaii",193073,1,4
302,"Washington",98720,1,5
417,"Las Vegas",27946,1,2
506,"Chicago",90043,0,0
452,"Chicago",198553,1,4
569,"Miami",151542,0,0
610,"Hawaii",39965,0,0
329,"Las Vegas",191324,1,3
544,"Las Vegas",40232,1,3
290,"Washington",31529,1,4
317,"Washington",116594,1,2
305,"New York",57065,1,1
320,"Hawaii",75305,1,2
263,"Las Vegas",72474,1,4
638,"New York",172064,0,0
445,"Hawaii",40664,0,0
244,"New York",63080,1,3
600,"New York",170806,1,5
446,"Miami",182301,1,5
202,"Las Vegas",173236,1,1
554,"Miami",119805,1,4
411,"Hawaii",154614,1,2
348,"Hawaii",127865,1,5
607,"Washington",83419,0,0
377,"New York",170747,1,5
297,"Chicago",154978,1,3
308,"New York",167173,1,3
406,"Hawaii",67935,1,5
566,"New York",83029,1,5
554,"Miami",136293,1,1
438,"Las Vegas",65544,0,0
489,"Las Vegas",119492,1,5
382,"Las Vegas",117479,1,4
483,"Chicago",187413,1,3
318,"Las Vegas",79466,0,0
205,"Las Vegas",82554,1,1
605,"Washington",192254,1,1
353,"New York",182525,1,3
506,"New York",156695,1,1
391,"New York",116954,1,5
203,"Miami",62281,1,4
585,"New York",37631,0,0
603,"New York",78159,0,0
481,"Washington",37879,0,0
386,"Las Vegas",41369,1,3
549,"Washington",105681,0,0
381,"Hawaii",121092,1,3
562,"Washington",43525,0,0
244,"Las Vegas",34471,1,2
233,"Washington",104805,1,2
494,"Hawaii",168455,0,0
518,"Miami",66980,0,0
364,"Las Vegas",80455,0,0
512,"Washington",171213,1,4
401,"Las Vegas",33130,0,0
244,"Hawaii",132687,1,5
649,"New York",69540,1,1
208,"Las Vegas",186618,1,3
481,"Washington",43723,1,3
468,"Hawaii",80207,1,5
600,"New York",112161,1,3
504,"Washington",142464,0,0
273,"Hawaii",34516,1,4
310,"Las Vegas",30965,1,3
625,"New York",130694,1,2
581,"New York",164861,0,0
585,"Chicago",112990,1,4
239,"New York",56108,1,4
240,"Miami",133046,1,3
638,"New York",79768,0,0
640,"Miami",121712,1,2
529,"Washington",155533,0,0
445,"Las Vegas",137365,1,4
619,"Miami",71997,1,3
646,"Las Vegas",51308,0,0
557,"New York",199787,1,3
252,"Washington",63968,1,5
486,"Washington",53016,1,5
312,"Chicago",143859,1,4
494,"Chicago",143361,0,0
408,"Hawaii",103266,0,0
605,"Chicago",36741,0,0
510,"Chicago",144354,1,1
590,"Miami",26748,0,0
406,"New York",183534,0,0
470,"Washington",195556,1,1
344,"New York",199472,1,5
641,"Hawaii",163527,0,0
486,"Las Vegas",35607,0,0
266,"Washington",72645,1,5
572,"Washington",52402,0,0
243,"Las Vegas",187707,1,2
541,"Washington",88578,0,0
647,"Hawaii",53035,0,0
276,"New York",115950,1,1
296,"New York",28850,1,1
646,"Miami",168685,1,3
625,"Chicago",50494,0,0
293,"Miami",118449,0,0
557,"Hawaii",174071,1,2
539,"Hawaii",74207,0,0
350,"Las Vegas",38009,0,0
314,"Hawaii",125074,1,3
428,"Hawaii",149310,1,1
494,"Las Vegas",126331,1,5
355,"Miami",72868,1,1
300,"Washington",186316,1,2
443,"Washington",159042,0,0
521,"Washington",94239,0,0
339,"Las Vegas",127604,1,2
523,"Washington",42471,0,0
264,"Hawaii",84447,1,1
525,"Las Vegas",88269,0,0
539,"New York",26594,0,0
500,"Las Vegas",125688,1,4
373,"Miami",193220,1,4
311,"New York",37928,0,0
392,"Hawaii",107766,1,2
550,"New York",152777,1,5
364,"New York",171467,1,2
323,"New York",147689,1,2
486,"Hawaii",31261,0,0
423,"Chicago",91031,1,4
274,"Miami",121855,1,2
294,"Hawaii",135088,1,1
483,"Miami",132083,1,4
505,"Chicago",133468,1,4
336,"Miami",183254,1,5
423,"Hawaii",36482,0,0
385,"New York",25372,0,0
335,"Miami",51758,0,0
340,"Miami",155342,0,0
627,"Las Vegas",47327,0,0
436,"Las Vegas",105387,1,4
431,"Washington",101274,1,1
502,"Las Vegas",27001,0,0
263,"Las Vegas",130061,1,3
287,"Hawaii",70503,1,2
418,"Chicago",89444,1,1
328,"Las Vegas",91417,1,3
389,"Miami",127555,1,2
402,"Las Vegas",145216,1,4
256,"Hawaii",90569,0,0
225,"Las Vegas",73869,1,3
282,"New York",113157,1,5
403,"Miami",170436,1,5
241,"Washington",127506,1,3
628,"New York",44468,0,0
516,"New York",84252,1,3
361,"Washington",197693,1,5
291,"Hawaii",88032,1,3
418,"Hawaii",135837,1,3
603,"Hawaii",142314,1,2
261,"Hawaii",139361,1,3
338,"Las Vegas",153179,1,3
366,"Washington",180212,1,1
223,"Miami",153148,1,2
514,"New York",49481,0,0
380,"Chicago",81089,1,1
553,"New York",166193,1,4
295,"Washington",90436,0,0
453,"Miami",52689,1,3
424,"New York",143588,1,3
383,"New York",171788,1,1
288,"New York",131725,1,4
254,"Chicago",113750,1,5
510,"Chicago",54735,0,0
423,"New York",102699,0,0
534,"New York",148829,0,0
480,"Las Vegas",92915,0,0
421,"Washington",172034,1,3
359,"Hawaii",132704,1,4
575,"Hawaii",136755,1,2
573,"Washington",115033,1,5
485,"Miami",126449,1,2
466,"Hawaii",171953,0,0
256,"New York",75595,1,3
277,"Chicago",186968,1,2
547,"Chicago",70262,0,0
361,"Hawaii",77928,0,0
521,"Hawaii",44050,0,0
319,"Miami",98998,1,1
378,"Miami",62404,0,0
246,"Hawaii",119483,0,0
637,"Washington",61686,0,0
258,"New York",122287,0,0
607,"Las Vegas",67517,0,0
363,"Las Vegas",146136,1,4
344,"New York",135995,0,0
303,"New York",40081,0,0
334,"Miami",82332,1,2
452,"Hawaii",43452,0,0
431,"Washington",56367,0,0
213,"Chicago",188451,1,5
489,"Hawaii",113683,1,4
239,"Miami",75120,0,0
623,"Washington",155692,0,0
612,"Miami",51370,0,0
463,"Washington",182486,1,3
362,"Miami",167926,1,4
574,"Las Vegas",96463,0,0
471,"Miami",125755,1,3
648,"Miami",52942,0,0
555,"Las Vegas",41415,0,0
417,"New York",83553,0,0
412,"Washington",35528,1,3
486,"Las Vegas",160891,1,5
601,"Las Vegas",30698,0,0
510,"Hawaii",143360,1,2
557,"New York",162317,1,3
572,"Washington",108427,1,4
641,"Las Vegas",98348,1,1
462,"Miami",190531,1,1
567,"Chicago",109357,0,0
329,"Las Vegas",92026,0,0
638,"Miami",117876,0,0
345,"Miami",59003,1,1
431,"Chicago",31961,0,0
475,"New York",91594,0,0
256,"Washington",118540,1,1
623,"Washington",180306,0,0
586,"Hawaii",135576,1,4
525,"Miami",197320,1,5
371,"Chicago",105777,1,2
585,"Miami",188879,1,2
508,"New York",162883,0,0
275,"Las Vegas",158352,1,3
632,"Washington",56352,0,0
461,"Miami",196455,1,5
555,"Las Vegas",53627,0,0
642,"Las Vegas",60092,0,0
230,"New York",98055,1,4
250,"Hawaii",194503,1,3
620,"Chicago",124635,1,5
459,"Washington",89979,0,0
546,"Las Vegas",27628,1,3
535,"Las Vegas",175993,1,5
407,"Miami",115705,0,0
338,"New York",82926,1,4
313,"Las Vegas",180999,1,3
374,"Miami",68541,1,1
418,"Miami",45886,0,0
407,"Miami",52503,0,0
244,"Chicago",96179,1,3
581,"Las Vegas",176436,1,1
206,"Chicago",86547,1,3
201,"Las Vegas",99135,1,3
298,"Hawaii",56095,0,0
544,"Washington",27791,0,0
419,"Las Vegas",136975,1,3
375,"Hawaii",137763,0,0
249,"New York",148499,1,2
482,"Miami",127875,1,4
206,"Miami",55112,1,1
277,"New York",141065,1,4
525,"Miami",121470,0,0
602,"New York",169510,1,3
298,"Las Vegas",36080,0,0
287,"Chicago",151653,1,5
433,"Las Vegas",77641,1,3
471,"Hawaii",101263,1,5
204,"New York",71723,1,2
492,"Miami",37089,1,1
554,"Las Vegas",49391,1,5
300,"Las Vegas",40753,0,0
281,"Miami",151287,1,2
467,"Washington",68507,0,0
599,"New York",180217,0,0
506,"Las Vegas",136278,0,0
437,"Washington",93190,0,0
465,"Washington",167322,0,0
463,"Miami",175239,1,5
308,"Miami",180161,1,1
478,"New York",162393,1,5
464,"New York",76067,0,0
406,"Chicago",98914,0,0
426,"Hawaii",58917,0,0
534,"Hawaii",135337,1,5
593,"Washington",33779,1,2
637,"Washington",148999,0,0
362,"Miami",119836,1,3
480,"New York",57159,1,1
311,"Las Vegas",180230,1,3
402,"Hawaii",121702,0,0
409,"Las Vegas",90107,1,5
387,"New York",172222,1,1
288,"Hawaii",147220,1,3
252,"Chicago",187745,1,1
590,"Las Vegas",83314,0,0
456,"Washington",35148,0,0
285,"Miami",152317,0,0
236,"Miami",67490,1,5
446,"Hawaii",113500,1,4
262,"Hawaii",46954,0,0
475,"Washington",176265,1,1
615,"Hawaii",100804,1,3
632,"Miami",121387,1,4
228,"Miami",40640,0,0
477,"Miami",56080,0,0
643,"Miami",72115,0,0
389,"Miami",97939,1,2
541,"New York",124886,0,0
340,"Washington",174085,1,4
633,"Las Vegas",195607,1,5
230,"Miami",45779,1,2
504,"Washington",156939,1,5
201,"Miami",31588,1,3
391,"Miami",36645,0,0
478,"Las Vegas",158518,0,0
630,"Chicago",77691,0,0
324,"Chicago",189698,0,0
429,"Chicago",112801,1,5
529,"Chicago",98443,0,0
352,"Miami",110123,1,5
513,"Miami",193888,1,1
326,"Miami",196761,1,3
462,"Hawaii",98884,1,2
332,"New York",84905,1,2
315,"New York",178097,1,3
503,"Chicago",179633,0,0
389,"Miami",71109,0,0
494,"New York",150068,1,2
212,"Las Vegas",33282,0,0
437,"New York",42748,0,0
261,"Hawaii",148436,1,5
215,"Las Vegas",55178,1,3
344,"Las Vegas",159079,1,1
259,"New York",117347,1,5
638,"New York",25966,0,0
205,"Miami",197194,1,5
311,"Miami",102966,0,0
250,"New York",77674,1,4
633,"New York",186111,0,0
635,"New York",138276,1,4
325,"Miami",184628,1,5
621,"Hawaii",31323,1,2
555,"Las Vegas",138619,0,0
305,"Las Vegas",112423,1,5
278,"Las Vegas",77752,1,1
602,"Chicago",87968,0,0
423,"New York",177174,1,2
400,"Hawaii",65945,0,0
488,"New York",70371,0,0
393,"Washington",30677,0,0
557,"Las Vegas",92336,0,0
584,"Miami",98855,0,0
533,"Washington",131526,0,0
402,"Miami",46310,1,4
459,"Hawaii",161218,1,1
599,"New York",64953,1,5
202,"Las Vegas",45410,1,3
477,"New York",112814,1,5
391,"Chicago",125333,1,4
273,"New York",100146,1,3
598,"Hawaii",93869,1,4
496,"New York",48131,0,0
235,"Hawaii",134248,0,0
418,"Miami",191490,1,5
500,"Las Vegas",194899,1,4
336,"New York",146663,1,2
540,"New York",180783,1,5
388,"Las Vegas",37726,1,2
276,"Miami",96790,1,2
427,"Washington",75434,1,5
612,"Las Vegas",71084,1,5
531,"Miami",71160,1,4
417,"New York",169043,1,2
438,"Washington",87902,1,4
545,"Miami",56841,0,0
462,"Chicago",90210,0,0
564,"New York",169011,0,0
246,"Miami",137484,1,5
366,"New York",196000,1,1
392,"New York",80530,1,3
641,"Las Vegas",168164,0,0
406,"Hawaii",63519,0,0
405,"New York",37714,1,4
362,"Las Vegas",149992,1,3
442,"Hawaii",72156,0,0
355,"New York",46232,1,1
569,"Miami",189101,1,3
427,"New York",44717,0,0
295,"Miami",161060,1,2
425,"Las Vegas",105374,1,3
438,"Las Vegas",148275,1,4
507,"Miami",95698,1,3
639,"Miami",31071,1,1
616,"Las Vegas",89055,1,4
573,"Miami",92308,1,5
386,"New York",98186,1,5
373,"Miami",198662,1,1
378,"Hawaii",120968,1,1
327,"Washington",94351,1,5
642,"Miami",195252,1,2
587,"Miami",146996,1,2
354,"Hawaii",130097,1,4
327,"Chicago",179160,1,5
330,"New York",80855,1,5
337,"Washington",170930,1,1
513,"Washington",32608,0,0
241,"Hawaii",186516,1,4
400,"Miami",47731,1,5
223,"Hawaii",102223,1,4
508,"Washington",178604,1,2
490,"Miami",144558,1,4
551,"Miami",77213,0,0
268,"Hawaii",171170,1,1
649,"Hawaii",56579,0,0
316,"New York",33347,0,0
601,"New York",64284,0,0
514,"Chicago",162369,1,4
572,"Las Vegas",44131,0,0
643,"Las Vegas",109742,0,0
479,"Washington",138867,1,5
545,"Washington",32275,1,5
355,"Hawaii",199165,1,4
632,"Miami",145817,0,0
434,"Miami",26351,0,0
400,"Chicago",119641,1,4
268,"Hawaii",179435,0,0
489,"Miami",154647,1,2
556,"Chicago",89035,0,0
302,"Las Vegas",34015,1,4
531,"Las Vegas",137043,0,0
568,"Washington",158887,1,1
605,"Washington",58572,1,4
502,"Hawaii",107515,1,3
271,"Hawaii",196892,1,4
406,"Las Vegas",82583,0,0
379,"Chicago",138155,1,3
278,"Las Vegas",144286,1,2
274,"Las Vegas",62350,1,1
553,"Hawaii",110458,1,3
387,"New York",181414,1,2
478,"Washington",170206,0,0
463,"Las Vegas",122778,1,5
277,"Miami",148510,1,4
559,"New York",99293,0,0
631,"Las Vegas",129124,0,0
478,"New York",31564,1,2
517,"New York",146190,1,2
320,"Las Vegas",142702,1,2
318,"Washington",160332,1,4
409,"Hawaii",138921,0,0
203,"New York",196561,1,4
276,"Miami",169472,1,1
221,"Miami",192750,1,5
496,"Miami",60956,0,0
570,"Chicago",131707,0,0
522,"Las Vegas",159819,1,2
463,"Washington",96801,0,0
247,"New York",37726,0,0
541,"Washington",52078,0,0
550,"Hawaii",127898,1,1
272,"Washington",79390,1,5
571,"Miami",99120,0,0
418,"Las Vegas",122716,1,3
534,"Las Vegas",190474,1,2
477,"Washington",170973,1,4
565,"New York",60005,0,0
361,"Chicago",144411,0,0
278,"Washington",199992,1,2
542,"Las Vegas",69108,0,0
284,"Washington",159333,1,5
567,"Hawaii",77680,1,4
608,"New York",184365,1,2
363,"Chicago",110132,1,3
545,"New York",70257,0,0
229,"New York",29381,1,1
371,"Las Vegas",79449,1,2
542,"Chicago",169784,1,4
526,"Miami",89697,1,4
224,"New York",83453,1,1
634,"New York",195439,1,1
394,"Miami",169880,1,3
459,"Miami",78011,1,3
310,"Hawaii",48508,1,5
354,"Chicago",26627,1,2
452,"Chicago",132516,1,2
326,"New York",80604,1,3
361,"Miami",82620,1,4
256,"New York",53194,1,1
621,"Las Vegas",199030,1,5
462,"Hawaii",191935,1,3
422,"Miami",55353,0,0
513,"Las Vegas",173920,1,1
439,"New York",197948,1,3
456,"Chicago",106671,1,2
426,"Washington",183347,1,1
487,"Las Vegas",132302,0,0
395,"Hawaii",138706,1,2
398,"Las Vegas",26023,1,5
338,"Las Vegas",88648,1,1
506,"Las Vegas",76430,0,0
592,"New York",70145,0,0
292,"Las Vegas",151754,1,5
536,"New York",55406,1,3
385,"Miami",79789,0,0
262,"Chicago",114109,1,1
418,"Las Vegas",157627,1,5
560,"New York",171780,1,2
608,"Chicago",90343,0,0
420,"New York",120284,1,1
209,"Washington",116193,0,0
452,"New York",128514,1,1
645,"Chicago",33692,0,0
209,"Washington",64871,0,0
309,"Las Vegas",57029,1,5
316,"Washington",195063,1,5
587,"Hawaii",161093,1,3
550,"Washington",192467,1,4
378,"Miami",166778,1,3
334,"Las Vegas",70004,1,3
374,"Hawaii",150694,1,3
460,"New York",163797,1,4
402,"Miami",89902,1,2
516,"Miami",173070,1,1
203,"Washington",160606,1,1
225,"Chicago",155786,1,5
649,"Miami",186422,0,0
225,"Washington",64115,1,2
471,"Hawaii",99026,1,4
223,"Chicago",127540,1,2
537,"New York",121144,0,0
305,"Hawaii",174312,1,2
324,"Washington",71607,1,1
564,"Miami",60694,0,0
306,"Chicago",129129,1,1
552,"Miami",119333,0,0
610,"Miami",62037,0,0
282,"Hawaii",93868,1,5
553,"Hawaii",102816,0,0
626,"Chicago",191016,0,0
591,"Miami",129346,0,0
612,"Washington",155608,0,0
369,"Miami",40010,1,4
574,"Hawaii",150965,1,4
241,"Miami",73723,1,1
588,"New York",50064,0,0
322,"New York",197178,1,3
410,"Chicago",124282,1,4
628,"Hawaii",47643,0,0
324,"Hawaii",110825,0,0
226,"Hawaii",186772,1,4
548,"Chicago",135531,1,2
633,"Chicago",86447,0,0
494,"Las Vegas",156321,1,4
340,"Las Vegas",118235,1,1
625,"Miami",77365,0,0
226,"Las Vegas",34987,1,2
258,"New York",111141,1,5
257,"Las Vegas",184165,1,1
611,"Las Vegas",130462,1,2
487,"Hawaii",92906,1,2
258,"New York",129277,0,0
374,"Las Vegas",192598,1,4
397,"Miami",124452,0,0
202,"New York",194750,1,3
207,"Washington",42300,1,1
360,"Miami",103578,1,4
433,"Washington",122332,0,0
624,"Chicago",27724,1,3
483,"Las Vegas",196662,1,5
365,"Washington",173974,1,1
526,"Miami",190549,1,5
623,"Chicago",181100,0,0
548,"Las Vegas",37830,1,3
311,"Hawaii",197760,1,2
349,"Hawaii",97712,1,1
547,"Miami",198470,1,4
234,"Las Vegas",25904,1,2
364,"Washington",153743,1,2
621,"Miami",93696,0,0
568,"Washington",156787,1,5
480,"Miami",154221,1,3
215,"Hawaii",199139,1,5
357,"New York",85712,1,1
461,"Miami",67391,1,2
308,"Hawaii",72894,0,0
611,"Washington",141748,0,0
539,"Hawaii",59431,0,0
290,"Las Vegas",71837,1,3
406,"Hawaii",65184,0,0
628,"New York",140342,0,0
562,"New York",176766,0,0
354,"Hawaii",28241,0,0
294,"Las Vegas",172850,1,3
329,"Las Vegas",162034,0,0
295,"Miami",166689,1,5
260,"Las Vegas",157976,1,1
429,"Chicago",79614,0,0
522,"New York",162357,0,0
560,"Miami",112258,1,5
260,"Hawaii",198190,1,2
241,"Chicago",184383,0,0
235,"Miami",161122,1,2
361,"Las Vegas",53371,0,0
380,"Washington",145335,1,1
477,"Washington",192845,1,4
218,"Miami",160984,1,5
330,"Washington",117439,1,3
284,"Washington",140102,1,4
401,"Washington",115309,0,0
638,"Miami",175703,0,0
424,"New York",70825,0,0
433,"New York",130343,0,0
300,"Las Vegas",126675,1,5
562,"Hawaii",112047,0,0
465,"New York",94080,1,2
224,"New York",158655,1,4
606,"Hawaii",37452,0,0
207,"New York",28827,1,2
573,"Las Vegas",29253,0,0
574,"Hawaii",72239,1,4
576,"Las Vegas",183758,1,1
443,"New York",156191,1,4
277,"Las Vegas",65546,0,0
626,"New York",193112,0,0
248,"Chicago",108574,0,0
583,"Las Vegas",36792,1,1
498,"Las Vegas",159214,1,1
206,"Las Vegas",180743,1,3
593,"Hawaii",40898,0,0
598,"Hawaii",169913,1,5
574,"Las Vegas",34154,0,0
269,"Washington",187401,1,2
509,"Miami",113629,1,2
409,"Las Vegas",166107,1,4
604,"Las Vegas",55090,1,2
471,"Las Vegas",45397,1,1
523,"Las Vegas",64609,1,4
311,"Las Vegas",154548,1,4
217,"Las Vegas",135764,1,3
300,"New York",110185,1,2
241,"Hawaii",52032,1,3
427,"Las Vegas",91442,0,0
537,"Washington",73293,1,4
473,"Washington",61611,0,0
367,"Miami",44160,1,4
225,"Las Vegas",171546,1,2
242,"New York",105013,1,2
633,"New York",103858,1,1
555,"New York",174868,1,2
610,"Miami",118725,0,0
636,"Las Vegas",103456,0,0
367,"New York",41930,1,4
516,"New York",66436,1,3
220,"New York",89812,1,4
217,"Miami",193748,1,3
581,"Miami",197612,0,0
489,"Chicago",195113,1,1
640,"Hawaii",27121,0,0
279,"Hawaii",32155,1,3
259,"Chicago",195955,1,2
406,"Washington",187626,1,3
454,"Washington",69418,0,0
619,"Washington",120984,1,3
233,"Hawaii",133593,1,2
512,"New York",27000,0,0
339,"Chicago",57336,0,0
479,"Las Vegas",141002,1,3
531,"Miami",110321,0,0
492,"Washington",29313,1,3
233,"Las Vegas",46853,1,4
343,"Washington",113167,1,3
261,"New York",63608,0,0
369,"Hawaii",101056,1,4
363,"Washington",29309,1,1
420,"Las Vegas",195429,1,2
332,"Las Vegas",193871,1,2
231,"Hawaii",145468,1,5
428,"Las Vegas",162812,1,4
643,"Hawaii",176080,0,0
404,"Hawaii",71316,1,2
438,"New York",83382,1,1
211,"Miami",95442,1,5
217,"Miami",59076,0,0
245,"New York",158524,1,5
475,"Chicago",63575,1,5
451,"Miami",30139,0,0
598,"New York",41000,0,0
506,"Chicago",155021,1,2
508,"Las Vegas",47942,0,0
617,"New York",139179,0,0
590,"New York",67074,0,0
525,"Hawaii",176516,1,2
458,"Chicago",56922,1,4
421,"Miami",57844,1,5
385,"Hawaii",104515,1,1
527,"New York",125999,1,3
634,"Hawaii",73723,0,0
261,"Miami",153734,1,3
311,"Miami",101557,1,2
205,"Hawaii",179134,1,3
311,"Miami",191255,1,4
382,"New York",82375,1,5
512,"Washington",100593,1,5
373,"Miami",185319,1,5
478,"Miami",196145,1,1
293,"Miami",179762,1,1
413,"Washington",175317,0,0
206,"Hawaii",128386,1,4
548,"New York",49264,1,4
239,"Las Vegas",32487,1,3
521,"Miami",95447,0,0
619,"Miami",36243,1,2
573,"Hawaii",103217,1,1
260,"Las Vegas",56370,1,2
437,"Hawaii",139641,0,0
421,"Hawaii",137922,1,3
218,"New York",38476,0,0
365,"Hawaii",151275,1,2
486,"Hawaii",180973,1,4
629,"Las Vegas",118477,0,0
464,"New York",165648,1,5
451,"Miami",175950,1,4
284,"Las Vegas",161438,1,1
640,"Miami",158440,0,0
340,"Miami",156212,1,2
583,"Las Vegas",174456,0,0
577,"Hawaii",103020,0,0
227,"Chicago",164289,1,4
219,"New York",26486,0,0
444,"New York",87488,0,0
495,"Miami",102772,1,4
504,"Miami",132404,1,4
325,"Las Vegas",50243,0,0
319,"Chicago",79538,1,1
268,"Chicago",160185,1,3
357,"New York",50564,0,0
313,"Chicago",195544,1,1
430,"Washington",171477,0,0
293,"New York",197508,1,3
212,"Chicago",60118,1,4
456,"New York",98281,1,2
207,"Miami",148032,1,5
370,"New York",117718,1,4
306,"New York",134041,0,0
530,"Chicago",104621,1,3
501,"Las Vegas",58829,1,1
271,"Miami",171306,1,2
592,"Las Vegas",157740,1,5
433,"New York",30100,0,0
203,"New York",109424,1,2
501,"Washington",73187,0,0
386,"Chicago",115909,1,5
511,"New York",74242,1,4
281,"Miami",68251,0,0
570,"Miami",105925,1,3
324,"Hawaii",103232,1,4
441,"Washington",50893,1,5
578,"Washington",139488,1,1
305,"Miami",59403,0,0
640,"Las Vegas",147565,1,3
547,"Hawaii",57724,0,0
367,"Las Vegas",68694,1,5
477,"Las Vegas",106040,0,0
434,"Washington",65344,0,0
471,"Las Vegas",120381,0,0
218,"Hawaii",175229,1,1
364,"New York",31222,1,1
649,"Hawaii",89121,0,0
361,"Chicago",89809,1,1
419,"Las Vegas",123022,1,2
245,"Las Vegas",114260,1,3
543,"Hawaii",67667,1,4
467,"New York",108174,0,0
505,"New York",56571,1,1
269,"Miami",166087,1,1
247,"Washington",141724,1,3
398,"Miami",168436,1,3
454,"Las Vegas",81102,1,4
612,"Chicago",92605,0,0
242,"Miami",117533,1,3
607,"New York",56674,0,0
443,"Washington",171957,1,1
490,"New York",156724,1,3
480,"Las Vegas",143176,0,0
579,"New York",50362,0,0
275,"Las Vegas",94854,0,0
422,"Las Vegas",188882,1,2
238,"Washington",81816,1,1
363,"New York",34112,0,0
436,"Chicago",172408,1,4
259,"New York",53588,0,0
443,"New York",189645,0,0
604,"Miami",103774,0,0
444,"Las Vegas",139430,1,1
598,"Miami",177895,1,3
638,"Las Vegas",30044,0,0
305,"Las Vegas",50102,1,5
321,"Chicago",192881,1,3
250,"Hawaii",118929,1,4
329,"Washington",48943,1,1
247,"Miami",50367,1,3
272,"Miami",124707,1,5
522,"New York",178315,1,5
649,"Las Vegas",196569,1,2
464,"New York",175815,1,3
306,"New York",112302,1,1
442,"Hawaii",98063,1,4
609,"Washington",160187,0,0
224,"New York",125383,1,1
250,"Las Vegas",35940,1,4
231,"Washington",51886,1,2
614,"Las Vegas",147874,1,4
602,"Las Vegas",133288,0,0
484,"Las Vegas",103695,0,0
338,"Washington",129117,1,2
293,"Hawaii",26506,1,4
313,"New York",171720,1,4
479,"Hawaii",129680,1,3
380,"Washington",172280,1,5
592,"Washington",38393,0,0
203,"Las Vegas",176233,1,3
571,"Las Vegas",101891,1,3
607,"Hawaii",47377,0,0
465,"Washington",168259,1,3
305,"Chicago",89389,1,5
352,"Hawaii",178576,1,5
208,"New York",169235,1,2
222,"Washington",107335,1,5
401,"New York",160003,1,1
274,"Las Vegas",103137,0,0
337,"Las Vegas",49021,1,3
260,"Chicago",75870,1,1
534,"Chicago",65267,0,0
528,"Washington",68172,0,0
432,"Hawaii",197128,1,2
350,"Chicago",58156,1,2
520,"Las Vegas",147360,1,4
510,"Las Vegas",57910,0,0
342,"Hawaii",60056,1,1
551,"Miami",32074,1,4
630,"New York",128441,0,0
565,"Hawaii",87542,0,0
302,"Washington",40335,0,0
635,"Las Vegas",111238,0,0
442,"Miami",149467,1,4
355,"New York",151705,0,0
370,"Washington",107053,1,2
369,"New York",118605,1,5
601,"Miami",183067,1,3
310,"Miami",173010,1,5
569,"New York",140122,0,0
608,"New York",33028,0,0
367,"Miami",137780,1,2
351,"New York",139175,1,4
296,"New York",104598,1,3
415,"Hawaii",88110,1,1
439,"Las Vegas",115822,1,4
323,"Washington",71828,1,5
469,"Washington",107156,1,3
379,"Miami",117862,1,1
345,"Hawaii",90096,0,0
478,"Miami",90716,0,0
471,"Las Vegas",170935,1,4
278,"Miami",113287,1,1
334,"Hawaii",181761,1,2
572,"Las Vegas",126114,1,1
322,"Hawaii",89750,1,2
254,"Las Vegas",83536,1,2
395,"Miami",105587,1,3
561,"Washington",54863,1,3
232,"Las Vegas",75008,1,2
311,"Washington",148176,1,1
229,"New York",33119,1,4
282,"Las Vegas",151726,1,4
614,"Hawaii",127114,1,1
594,"Miami",134287,1,4
538,"New York",54392,0,0
423,"Washington",146891,1,1
272,"Chicago",88543,0,0
463,"Chicago",129782,0,0
634,"Las Vegas",54670,0,0
615,"Washington",50030,1,5
552,"New York",30415,0,0
551,"Las Vegas",143313,1,4
453,"Las Vegas",64231,0,0
410,"Hawaii",190536,1,5
519,"Miami",42867,0,0
277,"Las Vegas",122001,0,0
516,"Miami",89656,0,0
472,"Washington",53967,0,0
512,"Miami",185543,1,4
359,"Hawaii",49583,1,5
533,"Miami",65584,1,5
559,"Chicago",60472,1,1
225,"Washington",58384,1,1
259,"Chicago",162345,1,5
274,"Las Vegas",186894,1,2
311,"Chicago",83078,1,3
243,"Hawaii",190395,1,1
649,"Las Vegas",79845,1,3
254,"Miami",145835,1,2
609,"Washington",165797,0,0
237,"Las Vegas",155053,1,3
264,"Chicago",95394,1,3
573,"Washington",136607,0,0
337,"Miami",156852,1,3
525,"Las Vegas",188629,1,4
405,"Miami",60371,1,2
442,"New York",37327,0,0
302,"Las Vegas",79748,1,1
641,"New York",78531,0,0
565,"New York",194482,1,4
585,"Miami",196666,1,5
469,"Washington",42138,1,4
532,"Miami",149048,1,1
625,"New York",168142,0,0
439,"Chicago",66268,0,0
406,"Miami",102387,1,1
420,"Miami",177754,1,4
566,"Miami",144178,1,3
507,"Washington",102618,1,1
485,"New York",192594,1,4
321,"Chicago",134510,1,1
235,"Washington",128443,1,1
479,"Las Vegas",114223,1,5
236,"New York",93807,0,0
550,"Las Vegas",41186,0,0
439,"Miami",61084,1,4
475,"New York",164596,0,0
217,"Washington",80575,1,2
391,"Miami",48403,1,2
279,"Washington",122985,1,5
258,"Washington",66393,1,3
538,"Chicago",105509,1,1
296,"Washington",57754,1,1
539,"New York",40244,0,0
275,"New York",131028,1,2
346,"Hawaii",148643,1,5
324,"Las Vegas",43826,0,0
434,"Las Vegas",113085,1,2
570,"Las Vegas",113061,1,3
254,"New York",111636,1,4
508,"New York",58967,0,0
406,"Hawaii",182933,1,1
601,"Hawaii",72389,0,0
567,"New York",78308,1,4
212,"Hawaii",180564,1,2
604,"Miami",160831,1,1
204,"Hawaii",168951,1,1
247,"New York",158963,1,4
507,"Miami",91901,1,5
363,"Miami",168714,1,4
285,"Hawaii",66307,0,0
398,"Chicago",166920,1,1
520,"Washington",184842,0,0
453,"Las Vegas",78654,0,0
353,"New York",147161,1,2
246,"Washington",127556,1,2
447,"Washington",117583,1,2
454,"New York",127925,0,0
617,"Chicago",187780,1,3
513,"New York",173304,0,0
536,"Miami",132782,1,4
625,"Miami",96857,1,3
409,"Hawaii",145315,1,2
257,"Las Vegas",60547,1,5
320,"Hawaii",179252,1,5
521,"Chicago",170032,0,0
222,"Miami",79383,0,0
369,"New York",151590,1,5
524,"Washington",125241,0,0
220,"Washington",126937,1,4
319,"Washington",172072,0,0
639,"Las Vegas",67190,0,0
233,"New York",78241,0,0
270,"New York",149102,1,2
645,"Miami",102405,0,0
310,"New York",67189,1,2
206,"Miami",168805,1,4
371,"Las Vegas",181683,1,5
250,"Hawaii",124248,1,5
478,"Hawaii",185242,1,5
573,"Chicago",146657,1,3
448,"Miami",169020,1,5
302,"New York",151234,1,3
229,"Las Vegas",136810,1,5
323,"Las Vegas",66476,1,5
304,"New York",116979,1,1
405,"Washington",54174,0,0
532,"Washington",71499,0,0
537,"Hawaii",156565,1,5
282,"Washington",70279,1,1
493,"New York",170248,1,5
463,"Miami",106305,0,0
577,"Las Vegas",139002,0,0
444,"Miami",193426,0,0
441,"Chicago",84971,1,1
571,"Las Vegas",184578,0,0
427,"Hawaii",76029,0,0
530,"Miami",188829,1,5
531,"Las Vegas",109462,1,3
488,"Washington",122803,0,0
511,"Las Vegas",113243,0,0
581,"Chicago",102037,1,4
479,"New York",134282,1,2
483,"Las Vegas",101158,0,0
225,"New York",81147,1,3
292,"Las Vegas",80759,1,3
302,"Las Vegas",139442,1,3
365,"Miami",182315,1,4
627,"Washington",176672,1,4
312,"New York",84602,1,3
404,"Washington",73930,0,0
302,"Las Vegas",119308,1,5
302,"New York",125926,0,0
599,"New York",140153,1,4
372,"Washington",140378,1,2
579,"New York",139923,1,4
205,"New York",58240,1,5
488,"New York",132702,1,1
617,"Miami",74992,0,0
426,"Las Vegas",67271,1,5
426,"Las Vegas",65295,0,0
423,"Chicago",114935,0,0
396,"New York",185901,0,0
337,"Miami",52720,1,2
478,"Miami",111094,0,0
509,"New York",89348,0,0
434,"Miami",113309,1,1
239,"Hawaii",193591,1,3
307,"Las Vegas",72220,0,0
255,"Las Vegas",96614,1,4
295,"Las Vegas",185036,1,3
536,"Las Vegas",58161,0,0
286,"New York",102590,1,5
291,"Washington",101287,1,5
296,"Hawaii",156432,1,4
551,"Hawaii",50171,0,0
426,"New York",122376,1,2
442,"New York",170488,1,5
474,"Miami",102050,0,0
465,"New York",132844,0,0
225,"Las Vegas",107822,1,3
387,"Las Vegas",49601,0,0
334,"Miami",180003,1,2
342,"Las Vegas",128311,1,2
561,"New York",124802,1,1
630,"New York",96644,1,2
396,"Miami",90647,1,4
357,"Hawaii",146519,1,4
555,"New York",57146,0,0
647,"Hawaii",129599,1,1
328,"New York",132395,1,5
469,"New York",29756,0,0
650,"New York",96201,0,0
433,"Chicago",30577,0,0
372,"Chicago",111876,1,4
523,"Hawaii",125829,1,5
641,"New York",128668,0,0
546,"Hawaii",144712,1,3
476,"Chicago",132203,1,2
225,"Miami",29891,0,0
320,"Las Vegas",40920,1,5
402,"Chicago",57256,0,0
511,"Las Vegas",165733,1,2
460,"Washington",81496,1,1
519,"Hawaii",98841,1,5
245,"Miami",177342,1,3
625,"Miami",80998,1,1
259,"Las Vegas",195284,1,4
482,"Chicago",47656,0,0
328,"New York",26651,0,0
335,"Hawaii",138959,0,0
517,"Chicago",92976,1,5
342,"Chicago",85389,0,0
342,"New York",188930,1,3
442,"Washington",75817,0,0
281,"Hawaii",133499,1,3
597,"Hawaii",154299,0,0
230,"Las Vegas",115702,1,2
376,"Las Vegas",130833,1,1
217,"Chicago",180036,1,1
644,"Las Vegas",149893,0,0
543,"Washington",120797,1,3
418,"Washington",46158,0,0
554,"Hawaii",139576,0,0
306,"Miami",170102,1,1
244,"Hawaii",39486,1,2
637,"Washington",105042,0,0
266,"New York",133746,1,2
279,"Washington",38017,1,3
438,"New York",187143,1,5
610,"New York",178253,1,4
641,"Washington",188420,1,2
564,"Miami",199613,0,0
632,"New York",88947,1,1
328,"New York",92827,1,1
362,"Las Vegas",69658,0,0
483,"New York",181387,1,5
304,"Miami",132296,1,2
569,"New York",169475,1,1
635,"New York",140499,0,0
473,"New York",191373,1,3
619,"Washington",121534,0,0
299,"Chicago",173641,1,1
222,"Miami",140990,0,0
404,"Washington",88940,0,0
254,"Hawaii",129159,1,5
295,"Miami",28789,1,3
545,"New York",114959,0,0
414,"Hawaii",156631,1,1
396,"New York",156154,1,4
502,"Las Vegas",56742,1,1
202,"Las Vegas",152994,1,3
344,"New York",46466,0,0
447,"Chicago",151386,0,0
447,"Las Vegas",95851,1,2
625,"Hawaii",110520,0,0
444,"Miami",30958,0,0
429,"Washington",146359,1,3
248,"Miami",111336,1,5
566,"Miami",87851,1,2
543,"Hawaii",184814,1,2
288,"Washington",108356,0,0
422,"Chicago",190823,1,2
407,"Washington",123515,1,5
428,"Washington",160935,1,5
573,"Miami",143220,1,3
385,"Washington",76239,1,3
399,"Washington",153860,1,2
631,"Las Vegas",104098,1,5
413,"Chicago",165645,1,4
614,"New York",45900,0,0
458,"Miami",85616,1,2
529,"Hawaii",197422,1,2
270,"Las Vegas",61189,0,0
512,"Chicago",41554,0,0
293,"Chicago",110285,1,3
448,"Las Vegas",41528,0,0
349,"New York",138124,1,5
427,"Miami",128661,1,4
274,"Las Vegas",56504,1,1
481,"Chicago",113783,0,0
593,"New York",181836,1,1
578,"Hawaii",149782,1,1
285,"Miami",51949,1,1
493,"Miami",77434,1,5
404,"Miami",151893,1,1
306,"Hawaii",91085,1,1
610,"Miami",35011,0,0
347,"Miami",132783,0,0
350,"Las Vegas",48905,1,4
436,"Washington",146870,0,0
305,"Washington",192610,1,5
646,"Hawaii",170059,1,1
464,"Washington",90055,1,3
265,"Las Vegas",45951,1,1
430,"New York",82884,0,0
459,"Chicago",55893,1,1
461,"New York",56703,0,0
344,"Las Vegas",109582,0,0
278,"New York",123292,1,3
292,"New York",101454,1,4
311,"Miami",83160,0,0
401,"Las Vegas",121678,1,3
527,"Miami",150773,1,1
214,"Chicago",194347,1,4
202,"New York",61416,1,1
335,"Washington",91575,0,0
600,"Las Vegas",71525,0,0
387,"Las Vegas",150474,1,4
474,"Miami",33134,1,3
241,"Miami",154489,1,4
229,"Miami",31576,1,5
512,"New York",38695,0,0
213,"Chicago",60436,1,5
629,"New York",192844,1,4
279,"Las Vegas",156918,1,3
636,"Hawaii",95136,0,0
587,"Washington",167476,1,5
524,"Chicago",102296,0,0
491,"Las Vegas",117361,0,0
406,"New York",185595,1,1
379,"Hawaii",100742,1,2
515,"Las Vegas",154440,1,1
466,"Washington",190252,1,5
238,"Miami",144523,1,1
603,"Hawaii",82034,1,3
301,"Miami",87425,0,0
405,"Chicago",169479,1,4
292,"Washington",54763,1,4
389,"Miami",119525,1,1
218,"New York",43259,1,2
364,"Washington",143467,0,0
495,"Las Vegas",27602,1,2
389,"Las Vegas",135792,1,2
257,"Hawaii",36612,1,1
211,"Las Vegas",191770,0,0
561,"Hawaii",38152,1,1
398,"Las Vegas",149664,1,3
355,"Washington",122694,1,1
645,"Las Vegas",150519,1,3
336,"Las Vegas",37138,1,5
401,"Washington",149154,1,5
561,"Hawaii",26660,0,0
535,"New York",100355,0,0
474,"Hawaii",136161,1,3
361,"Washington",57640,1,5
457,"New York",44282,0,0
620,"New York",71453,0,0
296,"Las Vegas",138550,1,4
541,"Chicago",71186,0,0
460,"Miami",167731,1,3
411,"Hawaii",90856,1,2
426,"Washington",38777,0,0
363,"Hawaii",142896,0,0
428,"Washington",194556,1,2
346,"Las Vegas",131996,0,0
526,"Las Vegas",145389,1,5
295,"Las Vegas",147725,1,4
630,"Miami",176191,1,2
518,"Miami",134410,0,0
305,"Washington",59545,0,0
467,"Las Vegas",32658,1,2
460,"Las Vegas",136080,1,5
588,"New York",94261,1,1
344,"New York",39445,1,2
327,"Miami",104481,0,0
333,"Las Vegas",59747,1,4
229,"Hawaii",156100,1,1
584,"Chicago",124764,0,0
211,"Las Vegas",147628,1,4
417,"Miami",163925,0,0
203,"New York",59403,0,0
324,"Miami",112246,1,5
549,"Hawaii",45660,1,3
413,"Miami",145340,1,5
423,"Las Vegas",90676,0,0
224,"Hawaii",106080,1,4
541,"Miami",183129,1,1
632,"Hawaii",131705,1,3
566,"Washington",118951,0,0
456,"Miami",90495,1,1
321,"Hawaii",87835,0,0
640,"Washington",66577,0,0
627,"Miami",198364,0,0
226,"Hawaii",197295,1,5
641,"New York",55261,1,4
325,"Las Vegas",101281,0,0
453,"Las Vegas",129026,0,0
239,"Hawaii",90643,0,0
383,"New York",107889,1,5
350,"New York",51603,0,0
528,"New York",60020,1,1
470,"Miami",136817,1,5
567,"Las Vegas",76448,0,0
262,"New York",110386,1,1
609,"Hawaii",179575,0,0
533,"Las Vegas",156956,1,2
545,"Washington",141750,1,2
396,"New York",27536,0,0
403,"Chicago",178387,1,1
323,"Miami",91816,1,2
488,"Hawaii",116316,1,5
259,"Miami",90771,0,0
355,"New York",193476,1,5
562,"Las Vegas",194814,1,1
280,"Las Vegas",89100,0,0
262,"New York",192341,1,1
231,"Chicago",128542,1,3
469,"Chicago",139395,1,3
235,"Miami",155488,1,5
357,"Miami",181596,1,4
356,"Washington",62187,0,0
424,"Washington",120834,1,5
517,"Miami",62229,0,0
498,"Washington",34517,0,0
578,"Miami",192501,0,0
564,"Hawaii",25014,0,0
448,"New York",178861,1,1
480,"Hawaii",64007,0,0
382,"Washington",194323,1,1
258,"Las Vegas",96479,0,0
216,"Miami",165375,1,2
391,"Miami",178400,1,4
381,"Chicago",115607,1,2
381,"New York",83577,0,0
286,"Las Vegas",122953,1,4
228,"New York",33851,1,4
242,"Chicago",88925,1,5
595,"Las Vegas",179735,1,2
262,"Miami",86922,1,5
435,"Hawaii",117606,1,4
352,"New York",146771,1,2
261,"New York",196104,1,3
362,"Miami",68744,1,3
473,"Las Vegas",110340,1,1
594,"Chicago",119401,0,0
307,"Hawaii",103781,1,1
644,"Miami",198084,1,4
294,"Hawaii",118337,1,5
508,"Las Vegas",44953,0,0
443,"Miami",94100,1,3
405,"Las Vegas",145204,0,0
261,"New York",29526,0,0
633,"Washington",106107,1,3
427,"New York",39181,0,0
523,"Miami",178405,1,4
338,"Las Vegas",153528,1,4
468,"Hawaii",74345,1,1
340,"Las Vegas",183792,1,1
600,"Las Vegas",49987,0,0
211,"Las Vegas",115863,1,3
226,"Miami",64706,1,2
396,"Las Vegas",110085,0,0
495,"Las Vegas",158240,0,0
291,"Miami",72299,1,3
425,"Chicago",192253,0,0
396,"Las Vegas",121399,0,0
570,"Miami",80508,1,5
314,"Miami",182772,1,1
292,"New York",82293,1,4
642,"Las Vegas",72201,0,0
329,"New York",103114,1,2
413,"Hawaii",130339,1,5
584,"Chicago",99281,1,5
239,"Chicago",54612,0,0
487,"Hawaii",41478,1,2
283,"Miami",135881,1,2
298,"Las Vegas",136386,1,3
285,"Las Vegas",26023,1,1
290,"Washington",94468,0,0
257,"New York",167039,0,0
299,"Miami",38147,0,0
205,"New York",51344,1,1
482,"Las Vegas",174403,0,0
427,"Washington",91978,1,2
549,"New York",118503,1,4
296,"Chicago",183996,1,2
245,"Hawaii",91918,0,0
335,"Hawaii",146931,1,4
530,"New York",188231,1,1
456,"Hawaii",196437,1,3
495,"New York",137696,1,1
417,"Miami",174841,1,1
466,"Miami",42425,1,1
530,"Hawaii",53368,1,1
461,"Las Vegas",163823,1,4
504,"New York",171445,0,0
319,"Chicago",145277,1,4
584,"Hawaii",130857,0,0
209,"Miami",172848,1,3
470,"Washington",57766,1,1
314,"Washington",27904,1,4
423,"Las Vegas",106354,1,1
233,"Chicago",60933,1,4
512,"Las Vegas",112857,1,2
437,"Chicago",55427,1,1
399,"New York",101233,0,0
218,"Las Vegas",122474,1,3
589,"Hawaii",68268,0,0
467,"New York",129432,1,5
361,"Washington",116863,0,0
646,"Las Vegas",61314,0,0
645,"Las Vegas",121853,0,0
596,"Hawaii",97959,0,0
487,"Washington",71749,1,1
578,"New York",138366,1,2
311,"Las Vegas",37716,0,0
388,"Chicago",114791,0,0
508,"New York",137355,1,3
314,"Washington",147955,0,0
266,"Hawaii",55363,1,4
235,"Miami",162808,1,5
414,"Las Vegas",139633,1,1
529,"Miami",109489,0,0
622,"New York",117037,1,5
551,"New York",104708,0,0
614,"Miami",125001,1,1
560,"Las Vegas",86885,1,4
262,"Washington",156771,1,2
316,"Chicago",77268,0,0
385,"Washington",50252,1,4
360,"Miami",160844,0,0
596,"Hawaii",39199,1,3
231,"New York",110631,1,5
491,"Las Vegas",199657,0,0
421,"Las Vegas",98119,1,1
202,"Las Vegas",72645,0,0
280,"Las Vegas",86068,1,1
233,"Washington",86826,1,1
237,"Hawaii",195709,1,4
550,"New York",115625,0,0
255,"Hawaii",33104,0,0
243,"Las Vegas",86870,1,4
403,"Las Vegas",92888,1,3
321,"New York",93152,0,0
464,"New York",63040,1,3
293,"Las Vegas",166888,1,2
564,"Chicago",153574,1,4
623,"New York",90114,0,0
211,"Las Vegas",105679,1,5
306,"Chicago",123605,1,3
623,"Hawaii",50223,1,2
525,"Washington",47237,0,0
282,"Washington",147199,1,5
255,"New York",69882,1,4
484,"New York",69500,0,0
398,"New York",152091,1,5
577,"Las Vegas",113938,0,0
394,"New York",137324,1,1
287,"Miami",189096,0,0
575,"Washington",81777,0,0
277,"Las Vegas",63336,0,0
238,"New York",176368,1,1
464,"Las Vegas",57686,1,2
452,"Las Vegas",65286,1,3
252,"Miami",97601,1,4
493,"New York",155070,1,5
354,"Chicago",185952,1,5
442,"Las Vegas",85252,1,1
276,"Hawaii",124024,1,3
581,"New York",39242,0,0
473,"Miami",31685,0,0
241,"Chicago",179982,1,2
543,"Miami",47209,1,5
457,"Chicago",183933,1,5
585,"Chicago",194043,1,3
361,"Washington",148888,1,1
369,"Washington",46539,0,0
434,"Hawaii",107826,0,0
409,"New York",33277,0,0
278,"Miami",157338,1,4
411,"Las Vegas",41745,1,5
263,"Hawaii",81476,1,4
416,"Hawaii",74665,0,0
303,"Miami",105526,1,2
388,"Chicago",107286,1,5
600,"New York",106896,1,4
300,"Washington",99598,0,0
376,"Miami",118782,1,2
459,"Hawaii",109556,0,0
290,"Miami",162175,1,5
323,"Washington",156849,1,2
222,"Las Vegas",130410,1,5
419,"Washington",84327,1,1
643,"Miami",170572,1,2
409,"Las Vegas",128504,1,4
460,"Washington",104124,1,3
246,"Hawaii",167759,1,4
210,"Chicago",112288,1,4
594,"Miami",67605,0,0
465,"Washington",101857,1,2
459,"New York",91354,1,5
435,"Hawaii",40744,0,0
362,"Hawaii",172176,1,1
456,"New York",108239,0,0
513,"New York",31097,0,0
326,"Hawaii",81586,0,0
265,"Las Vegas",128883,1,2
555,"Chicago",74577,0,0
637,"New York",162498,1,5
422,"New York",173368,0,0
512,"New York",171424,1,2
476,"Las Vegas",64504,1,5
374,"Washington",110506,1,2
226,"Washington",114248,1,3
592,"Washington",80377,0,0
375,"New York",48662,1,2
455,"Las Vegas",121956,1,3
349,"New York",95928,1,4
325,"Washington",100419,1,4
247,"Chicago",141121,1,3
236,"Hawaii",92547,1,5
285,"Chicago",169838,1,1
418,"Las Vegas",193899,1,4
396,"Las Vegas",52624,1,1
530,"Hawaii",91146,0,0
377,"Miami",121651,1,3
483,"Hawaii",38951,0,0
433,"Las Vegas",111772,1,2
237,"New York",32913,1,4
598,"Las Vegas",79026,1,5
498,"Chicago",46643,1,2
415,"New York",198267,1,2
330,"Hawaii",32802,1,1
455,"New York",169263,1,3
427,"Miami",86333,1,4
348,"New York",84160,1,4
602,"Hawaii",91854,1,4
435,"Hawaii",171910,1,1
484,"New York",182181,1,2
479,"Miami",100882,1,1
516,"New York",106163,0,0
350,"New York",162038,1,1
291,"Hawaii",125349,1,5
314,"Miami",51731,0,0
465,"Chicago",133470,1,1
440,"New York",160198,1,1
233,"New York",178381,1,5
360,"Las Vegas",110309,0,0
562,"Las Vegas",149087,0,0
424,"Miami",158201,1,2
301,"Hawaii",179112,1,4
364,"Hawaii",61198,1,3
251,"Las Vegas",59966,1,5
361,"Las Vegas",173203,0,0
288,"New York",199246,1,3
414,"Hawaii",144479,0,0
534,"Miami",142527,1,2
415,"Hawaii",27696,0,0
458,"New York",144922,1,2
534,"Hawaii",37978,1,5
209,"Chicago",109239,1,5
260,"Miami",73654,1,2
207,"New York",108779,0,0
220,"Chicago",105953,1,5
356,"Hawaii",59096,1,4
562,"Las Vegas",72385,1,4
284,"Las Vegas",178862,1,1
287,"Las Vegas",62347,1,3
432,"Las Vegas",44507,1,4
611,"Washington",109384,0,0
331,"Chicago",35136,0,0
238,"New York",195393,1,3
350,"Chicago",174162,1,2
216,"New York",44776,1,1
476,"Chicago",190704,1,1
311,"Miami",143799,0,0
535,"Miami",147980,0,0
290,"Hawaii",59956,1,4
353,"Chicago",192379,1,4
243,"Miami",180748,1,3
505,"Hawaii",120216,0,0
248,"New York",145450,1,2
215,"Las Vegas",114807,1,4
324,"Miami",56362,0,0
303,"Las Vegas",69597,1,3
623,"New York",158638,1,3
475,"Las Vegas",70401,1,5
278,"Miami",142728,1,4
359,"Chicago",54777,0,0
495,"Miami",39457,0,0
531,"Las Vegas",199339,1,3
279,"Las Vegas",71166,0,0
256,"Las Vegas",157244,1,3
381,"New York",85792,0,0
553,"Chicago",88634,0,0
208,"Washington",128043,1,3
552,"Washington",103774,1,4
473,"Las Vegas",63134,1,1
457,"Hawaii",156978,1,1
576,"Washington",30649,1,2
413,"Miami",150366,1,3
476,"Miami",166701,1,3
566,"Las Vegas",163377,0,0
557,"New York",78640,0,0
385,"Miami",30785,1,2
452,"Miami",83539,0,0
476,"Las Vegas",43145,0,0
324,"Washington",138041,1,5
258,"Las Vegas",170892,1,4
245,"Chicago",59412,1,4
311,"Miami",46308,1,4
535,"Chicago",53544,0,0
493,"Washington",33842,0,0
490,"Miami",188776,1,1
324,"Washington",177887,1,3
413,"New York",35072,0,0
368,"Chicago",160652,1,5
459,"Miami",155780,1,5
587,"Las Vegas",97741,0,0
439,"New York",111116,1,5
455,"Hawaii",89772,1,2
645,"Hawaii",178696,0,0
512,"Miami",31970,0,0
568,"New York",139083,1,3
580,"Hawaii",129069,0,0
459,"Washington",44867,0,0
379,"Las Vegas",125197,1,2
221,"Washington",39597,1,2
369,"Miami",101973,0,0
421,"Hawaii",63314,0,0
583,"Miami",121486,0,0
549,"Washington",94840,0,0
220,"Las Vegas",109351,0,0
390,"Las Vegas",194503,1,3
491,"Hawaii",189367,1,1
513,"Miami",192024,1,4
444,"Washington",60388,0,0
253,"Miami",56506,1,3
625,"Las Vegas",68331,0,0
578,"Hawaii",106772,1,2
393,"New York",66001,1,4
236,"Miami",130182,1,4
461,"Miami",87796,1,1
453,"Chicago",150482,1,3
245,"Chicago",85419,0,0
520,"Chicago",139508,1,2
364,"Chicago",190349,1,2
264,"New York",51937,1,5
261,"Miami",35493,1,5
612,"Las Vegas",79572,0,0
526,"Las Vegas",81549,1,1
638,"Washington",124630,1,4
440,"Washington",26039,1,3
557,"Washington",149071,0,0
366,"Miami",174789,1,1
362,"Miami",160595,1,3
471,"Chicago",120096,1,1
530,"Miami",60130,1,5
611,"Hawaii",73505,1,1
470,"Hawaii",186082,1,4
314,"Las Vegas",137007,0,0
524,"Miami",89966,0,0
515,"New York",69762,0,0
332,"Miami",37225,1,5
431,"Las Vegas",120280,1,3
447,"Miami",181436,1,5
265,"New York",50538,1,1
575,"Las Vegas",70734,0,0
224,"Washington",181729,1,5
251,"New York",41912,1,3
603,"New York",89351,0,0
240,"Washington",34079,0,0
622,"Las Vegas",100911,1,2
570,"Chicago",62331,0,0
600,"Miami",149036,1,2
460,"Chicago",164685,1,3
273,"Miami",43113,1,2
578,"New York",187741,0,0
361,"New York",48919,1,1
330,"Las Vegas",110505,1,1
638,"Washington",195796,0,0
599,"New York",176198,1,1
548,"Washington",165709,1,2
297,"Washington",187487,1,4
535,"Washington",48772,0,0
465,"Las Vegas",40166,0,0
635,"Washington",91620,0,0
493,"New York",109690,0,0
258,"Miami",158965,1,4
641,"Las Vegas",126899,1,1
342,"Hawaii",76631,1,5
454,"New York",129742,0,0
334,"Washington",121535,0,0
577,"Hawaii",155764,1,5
352,"New York",104206,1,1
510,"Miami",124360,0,0
262,"New York",151892,1,5
592,"New York",45863,0,0
442,"Las Vegas",195065,1,3
538,"Las Vegas",144869,1,5
389,"New York",109920,0,0
570,"New York",127455,0,0
279,"Las Vegas",197265,1,3
379,"Las Vegas",134802,1,4
636,"New York",26496,0,0
634,"Las Vegas",135515,0,0
436,"Washington",115627,1,2
646,"Las Vegas",167324,1,4
204,"Miami",69242,0,0
607,"Washington",155954,1,1
368,"New York",25411,0,0
270,"New York",142542,1,2
202,"Washington",116800,1,3
609,"Las Vegas",75492,0,0
382,"Las Vegas",145839,0,0
228,"Miami",99546,1,3
491,"Miami",133856,0,0
296,"Hawaii",90408,1,1
330,"Chicago",167893,0,0
241,"Las Vegas",49954,1,4
419,"Miami",127999,1,2
349,"New York",71793,1,2
484,"Las Vegas",78789,1,3
519,"Hawaii",73970,1,3
358,"Hawaii",144377,1,1
407,"Washington",181576,1,4
612,"Miami",45156,0,0
246,"Washington",44622,1,2
636,"Hawaii",67396,0,0
251,"Las Vegas",100502,1,2
556,"Washington",50743,0,0
600,"Miami",81234,0,0
575,"Las Vegas",107825,0,0
277,"Las Vegas",102423,1,5
646,"New York",149987,1,3
262,"Washington",53963,1,5
401,"Las Vegas",25931,0,0
546,"New York",112775,0,0
456,"Miami",71988,1,2
491,"Miami",144591,1,1
227,"Miami",72175,0,0
542,"Chicago",67542,0,0
414,"Washington",26066,1,4
252,"Las Vegas",145843,1,3
333,"Chicago",158633,1,3
216,"Miami",85509,1,4
400,"Chicago",143641,0,0
436,"Chicago",46451,1,1
448,"Miami",152674,1,2
212,"New York",72830,0,0
401,"Washington",139854,0,0
328,"Las Vegas",190929,0,0
375,"Hawaii",123493,0,0
240,"Miami",160634,1,5
203,"Las Vegas",83710,1,4
638,"Las Vegas",34433,0,0
600,"Chicago",193459,1,5
370,"Miami",135961,0,0
531,"New York",54547,0,0
391,"Chicago",174656,1,4
216,"Hawaii",79500,1,5
382,"Las Vegas",188829,1,2
431,"Chicago",180723,1,4
539,"Hawaii",132778,1,1
616,"Miami",173246,1,2
481,"Hawaii",160439,0,0
633,"Chicago",135466,0,0
357,"New York",99283,1,5
647,"Las Vegas",142434,1,5
357,"Miami",32412,0,0
330,"New York",41423,1,5
335,"Las Vegas",191783,1,5
573,"Hawaii",149193,1,5
489,"Hawaii",93343,0,0
615,"Hawaii",126005,1,1
451,"Chicago",154126,1,4
300,"Miami",88240,0,0
578,"Miami",83078,1,1
524,"Miami",85632,1,1
537,"Washington",182327,1,3
479,"Hawaii",162892,1,5
570,"Las Vegas",113716,1,5
605,"Chicago",56759,1,2
209,"Hawaii",172671,1,3
471,"Miami",129053,1,2
517,"Chicago",34353,0,0
381,"New York",41617,1,1
357,"Chicago",66425,1,4
509,"New York",26866,1,4
273,"New York",163286,1,5
264,"Las Vegas",138785,0,0
494,"New York",110547,1,5
536,"Miami",150474,1,2
332,"Hawaii",69141,1,4
361,"Hawaii",102132,1,3
379,"Miami",147651,1,1
504,"Washington",162616,0,0
466,"New York",133741,1,3
466,"Las Vegas",135934,1,2
501,"Chicago",153971,1,4
475,"Chicago",119317,0,0
331,"Washington",95804,0,0
306,"Miami",83884,1,5
471,"Chicago",132703,1,4
406,"Miami",69983,0,0
286,"Washington",183668,1,5
349,"Miami",167413,1,2
541,"Chicago",156207,1,5
526,"Miami",36652,1,1
565,"Washington",198372,1,4
640,"Washington",75628,0,0
330,"New York",25660,0,0
521,"Chicago",32870,0,0
564,"Chicago",83277,1,4
250,"Miami",106295,1,2
473,"Washington",162568,1,2
254,"Las Vegas",158140,1,4
426,"Hawaii",176901,1,4
430,"Hawaii",137244,1,4
207,"Miami",32674,0,0
579,"Las Vegas",62779,0,0
530,"Washington",152660,1,3
615,"Las Vegas",135917,0,0
325,"Las Vegas",101210,1,1
260,"Washington",158247,1,4
420,"New York",177397,1,1
444,"New York",93590,1,5
609,"Miami",135770,1,5
448,"Miami",163964,1,3
345,"New York",63220,0,0
405,"Washington",89148,1,3
357,"Las Vegas",78628,0,0
248,"Washington",61477,1,3
519,"Chicago",73287,1,1
530,"Washington",134676,0,0
317,"Las Vegas",125816,1,1
213,"New York",42629,0,0
353,"Washington",62518,0,0
539,"Las Vegas",69390,0,0
281,"Las Vegas",103377,1,5
226,"Las Vegas",42108,1,4
343,"Washington",42663,0,0
365,"Las Vegas",25091,1,5
395,"New York",180694,1,1
399,"Miami",122348,1,2
563,"Miami",199129,1,5
313,"Hawaii",39978,1,3
272,"Miami",35953,1,4
328,"Chicago",65842,0,0
436,"Chicago",44719,0,0
507,"Washington",107757,1,1
201,"Las Vegas",80492,1,5
607,"Miami",146860,1,5
496,"Washington",48469,0,0
432,"Washington",163083,1,4
452,"Washington",105852,0,0
324,"Chicago",122228,0,0
569,"Miami",73632,0,0
314,"New York",92537,0,0
353,"Miami",59691,1,5
543,"Miami",85798,1,3
354,"Washington",195290,0,0
345,"New York",105064,1,3
318,"Las Vegas",167022,0,0
227,"Hawaii",72008,0,0
391,"New York",156388,1,2
433,"Las Vegas",128033,0,0
281,"Hawaii",162187,1,4
568,"Washington",96761,1,5
648,"Hawaii",123771,1,3
505,"New York",182079,0,0
487,"Hawaii",93022,1,5
630,"Washington",55597,0,0
642,"Hawaii",79336,0,0
647,"Hawaii",32545,1,5
353,"Las Vegas",184985,1,2
530,"Las Vegas",197374,0,0
412,"Miami",119727,1,4
393,"Miami",43451,1,4
225,"New York",80785,1,4
604,"Washington",122598,1,4
418,"Miami",155578,1,5
548,"New York",74850,0,0
270,"Hawaii",127519,0,0
642,"Miami",189207,1,5
534,"Miami",72620,1,3
486,"Hawaii",180066,0,0
311,"Washington",165958,1,2
396,"Hawaii",57992,1,3
285,"Miami",169288,1,4
560,"Hawaii",42414,1,1
495,"Las Vegas",132519,1,5
464,"Miami",41304,0,0
363,"Las Vegas",180860,1,5
496,"Chicago",175208,1,4
608,"Chicago",137993,0,0
610,"Hawaii",31955,1,5
561,"New York",87719,1,4
246,"Chicago",178149,1,3
210,"Miami",72579,1,4
324,"Hawaii",89878,1,4
259,"Miami",187794,1,3
306,"Washington",68460,0,0
358,"Las Vegas",30207,1,3
281,"New York",121812,1,2
394,"Washington",44545,1,3
435,"New York",31752,0,0
523,"Las Vegas",155419,1,5
343,"New York",58646,1,1
312,"Chicago",164205,0,0
539,"Miami",117365,0,0
479,"Hawaii",60619,0,0
606,"Las Vegas",86073,0,0
505,"Las Vegas",131410,1,5
311,"Chicago",135125,1,5
248,"Washington",155035,1,3
497,"New York",174471,1,1
435,"Miami",192519,1,1
481,"Washington",177065,1,2
205,"Washington",121084,1,2
279,"New York",92906,1,4
596,"Miami",42099,1,2
470,"Miami",160421,1,4
416,"Hawaii",100031,1,4
297,"Miami",122304,1,5
648,"New York",132522,0,0
265,"Washington",149717,1,2
323,"New York",128112,0,0
215,"Hawaii",134751,1,4
226,"Chicago",30640,0,0
631,"Las Vegas",72520,0,0
621,"Las Vegas",149872,0,0
402,"Chicago",173778,1,4
409,"Las Vegas",55807,1,4
366,"New York",45286,1,4
580,"New York",105715,1,5
616,"Washington",70895,1,1
552,"Hawaii",71659,0,0
643,"New York",128251,1,1
481,"New York",133202,1,4
306,"New York",180285,1,2
628,"Chicago",95773,0,0
250,"Washington",114164,0,0
560,"Miami",100865,1,1
411,"Las Vegas",91604,1,5
211,"Hawaii",125829,1,4
233,"Miami",37510,0,0
401,"Miami",129067,1,2
320,"Las Vegas",145157,1,5
635,"Washington",136382,1,1
407,"Miami",137939,1,1
537,"Chicago",154760,0,0
335,"New York",67647,0,0
450,"Las Vegas",87075,0,0
629,"New York",30578,0,0
582,"New York",182499,1,4
467,"Miami",67879,0,0
212,"Hawaii",43395,1,2
447,"New York",27232,0,0
532,"Miami",105730,1,3
629,"Hawaii",180263,1,5
203,"New York",138607,1,1
621,"Hawaii",32614,0,0
544,"Miami",153208,1,2
369,"Chicago",81435,1,2
214,"Miami",152051,1,1
427,"New York",185606,1,4
447,"Washington",95636,1,4
276,"New York",174234,1,5
529,"Hawaii",162131,1,3
311,"Miami",90804,1,3
515,"Las Vegas",143919,1,2
233,"Chicago",85390,1,3
571,"Hawaii",32485,0,0
535,"Las Vegas",149889,1,1
409,"Miami",193656,1,5
384,"Miami",194246,1,2
446,"Hawaii",191217,0,0
521,"Hawaii",162046,0,0
377,"New York",127022,1,1
387,"Las Vegas",104120,0,0
294,"New York",154929,1,4
232,"Las Vegas",45699,0,0
296,"Chicago",53964,1,4
265,"Chicago",166612,1,1
248,"Washington",158945,1,2
547,"Las Vegas",182948,1,5
605,"Chicago",140285,1,4
300,"Chicago",106714,1,5
411,"New York",195299,1,5
235,"Las Vegas",50109,1,4
376,"Las Vegas",167349,1,5
224,"Washington",41028,0,0
409,"Hawaii",135945,1,1
324,"Hawaii",29424,1,4
203,"Miami",69061,1,4
486,"Hawaii",61557,0,0
431,"Las Vegas",189520,1,4
364,"Miami",68117,1,4
482,"Hawaii",170951,1,3
334,"Washington",81198,1,5
589,"Washington",44804,0,0
413,"Washington",58431,0,0
393,"Washington",156592,1,4
439,"New York",56817,1,1
245,"Hawaii",119496,1,1
572,"Chicago",55426,1,4
639,"Las Vegas",52827,0,0
437,"New York",177586,1,4
609,"New York",144040,0,0
402,"Miami",134670,1,2
373,"Las Vegas",54381,1,5
360,"Hawaii",41421,0,0
553,"Miami",143301,1,3
271,"Hawaii",171414,1,3
332,"Las Vegas",139109,1,4
402,"Las Vegas",123205,1,1
244,"Washington",121389,1,1
240,"Miami",139599,1,2
411,"New York",151889,1,2
618,"Washington",125282,1,5
314,"New York",144363,1,5
461,"Las Vegas",158983,1,3
224,"New York",122247,1,5
212,"New York",90713,1,4
253,"Las Vegas",48875,1,4
246,"Las Vegas",97007,1,5
250,"Hawaii",55595,1,4
541,"Washington",168010,1,5
409,"Las Vegas",113733,1,1
205,"Washington",188855,1,3
535,"Miami",93507,0,0
539,"Chicago",111891,1,1
476,"Las Vegas",120078,0,0
478,"Miami",100940,1,5
605,"Hawaii",181359,1,1
307,"Hawaii",154185,1,1
465,"Chicago",111035,1,3
327,"New York",183096,1,4
640,"Hawaii",60795,0,0
244,"Las Vegas",181544,1,1
388,"Miami",60839,1,1
253,"Washington",108643,0,0
271,"Washington",136695,1,4
359,"New York",36932,0,0
473,"Hawaii",145121,1,4
232,"Miami",199718,1,3
283,"Washington",145037,1,1
373,"New York",153128,1,5
538,"Las Vegas",45148,0,0
329,"Las Vegas",128748,1,1
229,"New York",61018,1,2
452,"Las Vegas",163674,1,4
474,"Las Vegas",53359,1,3
512,"Las Vegas",157264,1,2
533,"Las Vegas",138515,0,0
471,"New York",191742,1,2
595,"Chicago",86511,0,0
529,"New York",52574,1,2
317,"Washington",167373,1,1
454,"Las Vegas",84858,0,0
374,"Hawaii",63880,0,0
317,"Washington",50639,0,0
372,"Las Vegas",183889,1,3
383,"Washington",26400,0,0
447,"New York",107866,1,3
611,"New York",92686,1,4
420,"Miami",33797,0,0
625,"Washington",82113,0,0
521,"Miami",183662,1,2
504,"Miami",187616,0,0
291,"Washington",149477,1,4
267,"Las Vegas",183970,1,2
629,"Hawaii",175083,1,1
483,"Miami",111939,0,0
222,"Las Vegas",103061,1,4
600,"Washington",97722,1,3
374,"Chicago",145451,1,2
261,"Las Vegas",192892,1,1
478,"Washington",26462,1,4
590,"Miami",163266,1,1
484,"Hawaii",177813,0,0
228,"Hawaii",187037,1,5
499,"Hawaii",136953,1,3
389,"Hawaii",116704,1,5
480,"Las Vegas",173465,0,0
610,"Chicago",97369,0,0
498,"New York",100741,1,4
431,"Hawaii",99545,1,3
223,"Washington",120251,0,0
538,"Hawaii",161285,1,1
621,"Washington",37052,0,0
404,"New York",193682,1,5
290,"New York",40826,1,2
297,"Miami",125425,1,4
410,"Hawaii",61572,0,0
608,"Miami",45793,0,0
497,"Chicago",132775,1,3
487,"Las Vegas",189445,1,5
475,"Las Vegas",139829,1,4
341,"Las Vegas",96023,1,2
632,"New York",27251,0,0
247,"Las Vegas",71774,1,3
363,"Hawaii",66137,1,1
480,"Hawaii",35477,1,5
231,"Chicago",113845,1,2
356,"Las Vegas",148287,1,1
583,"Chicago",72851,0,0
544,"Hawaii",43366,0,0
559,"Miami",89966,1,4
579,"Las Vegas",139021,0,0
266,"New York",54793,0,0
636,"Hawaii",79033,0,0
278,"New York",112178,1,3
426,"New York",90361,1,2
519,"Miami",50483,1,4
454,"Chicago",71620,0,0
571,"Hawaii",189328,0,0
356,"Washington",122314,0,0
374,"Washington",104955,1,5
308,"Hawaii",127310,1,2
485,"Miami",46499,0,0
204,"New York",176099,1,3
435,"Hawaii",100472,0,0
251,"New York",181698,1,1
246,"Hawaii",28705,1,1
532,"Washington",28166,1,3
257,"New York",51697,1,1
628,"Chicago",112956,1,5
595,"Chicago",185055,1,5
237,"New York",166505,1,2
374,"Miami",172482,1,1
548,"Chicago",61307,0,0
319,"Hawaii",145834,0,0
350,"Miami",66437,1,5
387,"Miami",138866,0,0
554,"Chicago",56391,0,0
200,"Washington",126218,1,3
632,"Las Vegas",124203,1,5
221,"Hawaii",132703,1,4
276,"Miami",49947,0,0
628,"Las Vegas",27234,0,0
208,"Hawaii",34676,1,5
298,"Hawaii",192857,1,1
372,"Chicago",162924,1,2
627,"New York",138817,0,0
540,"Hawaii",64237,1,1
261,"Las Vegas",44980,1,1
573,"Hawaii",28123,0,0
551,"New York",64157,0,0
509,"New York",113522,0,0
601,"Las Vegas",56331,1,3
401,"Washington",40800,0,0
342,"New York",53338,1,2
650,"Miami",127787,1,5
608,"New York",137025,0,0
574,"Hawaii",182931,1,5
475,"Washington",138835,0,0
358,"Las Vegas",50949,0,0
581,"Hawaii",139626,0,0
456,"Las Vegas",149906,0,0
586,"New York",161224,0,0
555,"Las Vegas",190538,0,0
453,"Las Vegas",150474,1,1
504,"Las Vegas",187248,1,3
345,"Hawaii",109049,1,4
421,"Miami",183487,1,5
225,"New York",75242,1,1
459,"New York",129722,1,2
268,"Washington",160025,1,3
508,"New York",68255,1,1
472,"Las Vegas",161090,1,4
325,"Las Vegas",79486,0,0
552,"Washington",83018,0,0
380,"New York",54838,1,3
256,"Miami",32351,0,0
554,"Las Vegas",114331,1,1
415,"Las Vegas",119168,1,5
351,"Washington",154346,1,5
252,"Chicago",109843,1,5
532,"New York",105699,1,1
579,"Hawaii",59906,0,0
260,"Miami",142893,1,4
450,"Las Vegas",168200,1,2
568,"Washington",105904,0,0
304,"Washington",179620,1,5
604,"New York",66154,0,0
539,"Hawaii",149295,1,4
346,"Las Vegas",175567,1,5
353,"New York",144239,0,0
225,"Hawaii",130550,1,1
397,"New York",110980,1,4
479,"Las Vegas",111678,0,0
316,"Chicago",58554,0,0
469,"New York",177325,1,5
613,"New York",58815,0,0
227,"Hawaii",107233,1,3
616,"Las Vegas",143455,1,4
526,"Miami",45279,0,0
574,"New York",180885,0,0
209,"Chicago",188863,1,3
324,"Miami",40795,1,1
300,"Washington",85595,0,0
274,"New York",38823,1,1
628,"New York",29227,1,4
288,"Washington",88453,1,4
552,"Las Vegas",114954,0,0
625,"Las Vegas",142755,1,3
444,"Hawaii",56343,0,0
471,"Washington",198368,1,5
201,"Hawaii",158862,1,4
551,"Las Vegas",166852,1,1
440,"Miami",109375,1,2
512,"Las Vegas",69716,1,3
264,"New York",93329,1,3
532,"Chicago",49017,0,0
432,"New York",81750,0,0
436,"Hawaii",150143,1,2
448,"Miami",139325,1,2
368,"Miami",110330,0,0
504,"Miami",74268,0,0
318,"Las Vegas",76720,1,3
371,"Hawaii",162087,1,5
588,"Las Vegas",127607,1,1
398,"New York",68423,1,5
626,"Chicago",194768,1,4
341,"Chicago",53237,1,5
331,"Miami",57796,1,1
447,"Las Vegas",77117,1,1
330,"Las Vegas",30104,1,2
316,"Las Vegas",102857,1,2
425,"Miami",110472,1,5
527,"New York",27321,0,0
395,"Hawaii",169082,1,1
276,"Las Vegas",52221,1,2
324,"Washington",169834,1,5
243,"Washington",160420,1,2
428,"New York",35797,0,0
410,"Las Vegas",33167,0,0
617,"Hawaii",167015,1,4
346,"New York",119084,0,0
482,"Washington",112794,1,3
503,"Hawaii",89440,0,0
532,"Chicago",126379,0,0
228,"Miami",187379,1,4
227,"Washington",124586,1,1
471,"Hawaii",111983,1,2
575,"Las Vegas",157204,1,1
576,"Las Vegas",193806,1,1
329,"Miami",34658,1,3
284,"Chicago",84484,0,0
426,"Washington",125584,1,1
552,"Washington",172982,0,0
436,"Hawaii",180947,1,1
558,"Washington",53686,1,4
252,"Miami",193058,1,1
525,"New York",168460,0,0
257,"New York",90501,1,5
261,"Chicago",66108,1,2
322,"Miami",93349,0,0
370,"New York",119354,1,4
351,"Washington",77510,1,1
482,"New York",127106,1,4
626,"New York",94140,1,4
234,"Miami",112995,1,1
458,"Miami",101896,0,0
289,"Miami",124045,1,4
385,"Las Vegas",46678,0,0
509,"Las Vegas",102911,0,0
513,"Miami",184035,0,0
586,"Miami",142330,1,4
256,"Chicago",194228,1,3
483,"Chicago",58429,1,1
393,"New York",149781,1,1
339,"Hawaii",196871,1,5
436,"Las Vegas",85131,0,0
318,"Miami",76930,1,1
263,"Hawaii",133964,1,2
638,"Miami",54151,0,0
500,"Las Vegas",147964,0,0
365,"Chicago",35025,1,4
227,"Las Vegas",76810,1,3
540,"New York",187902,0,0
364,"Hawaii",197513,1,5
258,"New York",60246,1,1
424,"New York",59538,0,0
271,"Hawaii",26464,1,3
550,"Chicago",42451,1,5
355,"Las Vegas",145525,1,1
582,"Miami",67248,1,3
488,"Las Vegas",38967,0,0
521,"Miami",49542,1,1
563,"Washington",107063,0,0
607,"Las Vegas",99688,0,0
427,"New York",76734,1,5
500,"Washington",179430,1,5
507,"New York",55780,1,4
598,"Washington",198361,1,2
407,"Miami",89598,1,3
521,"Hawaii",33451,0,0
485,"Chicago",97855,0,0
260,"Las Vegas",177052,1,5
234,"New York",64076,1,4
540,"Miami",52916,0,0
435,"Chicago",25999,0,0
208,"Las Vegas",30058,1,3
388,"Washington",179783,1,2
597,"Hawaii",126000,0,0
392,"New York",146137,1,4
412,"Miami",95054,1,2
320,"Hawaii",85686,0,0
442,"Washington",135556,0,0
631,"Las Vegas",181309,1,1
282,"Hawaii",65001,0,0
290,"New York",80012,1,1
617,"New York",169463,1,4
375,"Washington",39244,0,0
627,"Miami",113898,0,0
291,"Hawaii",104255,1,1
404,"Las Vegas",62018,1,3
376,"New York",141158,1,5
635,"Hawaii",108327,1,4
507,"Chicago",151212,1,5
490,"Chicago",128038,0,0
206,"Las Vegas",157088,1,2
452,"Chicago",197019,1,5
392,"Las Vegas",82121,1,3
647,"New York",127073,1,3
373,"Chicago",96906,1,2
247,"Washington",101328,1,1
257,"Las Vegas",165031,1,4
438,"Washington",186556,0,0
396,"Hawaii",56668,0,0
213,"Hawaii",146942,1,3
473,"New York",180162,1,1
300,"Washington",109483,1,3
471,"Las Vegas",126179,1,4
261,"Hawaii",81825,1,2
338,"New York",160768,1,1
392,"New York",52097,1,2
645,"Chicago",134999,1,1
233,"Hawaii",144802,1,1
367,"Washington",43388,1,3
232,"New York",64368,0,0
225,"Hawaii",88995,1,5
552,"New York",119122,1,5
331,"Miami",118839,1,3
295,"Las Vegas",80697,0,0
574,"Miami",180452,1,5
428,"Washington",70543,1,1
302,"Las Vegas",175822,1,1
472,"Miami",73304,0,0
413,"Las Vegas",33055,1,5
344,"Miami",32634,0,0
355,"Miami",117692,1,3
248,"Hawaii",61742,0,0
311,"New York",156666,1,3
292,"Hawaii",42267,1,1
608,"Hawaii",133569,0,0
234,"Washington",141311,1,4
214,"Miami",163361,1,3
580,"Washington",32116,0,0
421,"Las Vegas",34558,0,0
585,"Las Vegas",174355,1,5
394,"Hawaii",185564,1,3
254,"Las Vegas",45232,0,0
616,"Chicago",150351,1,5
202,"Hawaii",88069,1,4
414,"Miami",174526,1,5
275,"Las Vegas",54267,1,5
582,"Las Vegas",167236,1,3
254,"Chicago",121568,1,5
467,"New York",100080,0,0
422,"Miami",103346,1,4
291,"New York",25608,1,5
488,"Washington",116270,1,2
492,"New York",105313,0,0
624,"Las Vegas",107811,0,0
261,"Las Vegas",34428,0,0
468,"Chicago",189009,0,0
253,"New York",98672,1,4
226,"Hawaii",26894,0,0
599,"Washington",178152,1,3
483,"Washington",53358,0,0
463,"New York",121319,0,0
258,"Hawaii",78102,1,2
225,"Washington",101572,1,4
464,"Miami",144153,1,4
322,"Las Vegas",147356,1,1
447,"Hawaii",157023,1,4
528,"Las Vegas",105163,1,5
298,"New York",124887,1,3
474,"Washington",85410,1,3
453,"Washington",50025,1,5
348,"Hawaii",36521,1,4
545,"Las Vegas",198410,1,3
277,"Miami",115599,1,4
571,"Chicago",74388,0,0
377,"Miami",41689,0,0
583,"Hawaii",192541,0,0
568,"Hawaii",109043,1,4
317,"Miami",111469,1,4
328,"Washington",184118,1,1
208,"Miami",128658,1,2
574,"Hawaii",35928,0,0
558,"New York",42616,0,0
534,"Miami",34138,0,0
418,"Miami",101957,0,0
379,"New York",172992,1,5
490,"Washington",33928,0,0
215,"New York",117997,1,5
291,"Miami",127193,0,0
292,"New York",170991,0,0
431,"Las Vegas",95690,0,0
534,"New York",55672,1,3
368,"Washington",127981,1,3
634,"Hawaii",85093,0,0
348,"Washington",153831,1,5
559,"New York",87345,0,0
600,"Chicago",109744,1,1
273,"New York",70854,1,2
370,"Hawaii",30484,0,0
467,"Miami",197086,1,2
278,"New York",174835,1,5
357,"Las Vegas",80895,1,4
359,"Hawaii",195200,1,1
329,"Washington",63061,1,2
258,"New York",73695,1,1
261,"Washington",198532,1,3
522,"Hawaii",138976,1,4
300,"Las Vegas",84046,1,4
395,"Miami",127647,1,5
560,"Miami",33973,0,0
609,"Las Vegas",95906,0,0
636,"Miami",103300,1,1
520,"Las Vegas",27141,0,0
533,"Hawaii",74626,1,4
253,"Hawaii",87385,1,4
254,"Hawaii",47928,1,1
247,"Miami",83613,0,0
308,"Las Vegas",170346,1,3
282,"New York",117298,1,2
642,"Miami",69980,0,0
273,"Las Vegas",111442,1,3
345,"New York",41004,0,0
245,"Miami",153480,1,1
297,"Hawaii",78218,0,0
488,"Las Vegas",82205,1,1
345,"Miami",175249,1,3
534,"New York",49994,0,0
646,"Hawaii",148350,0,0
530,"New York",103665,1,1
488,"Miami",79269,0,0
526,"Miami",191942,1,4
374,"Chicago",147872,0,0
340,"Miami",125289,1,3
588,"Hawaii",126024,0,0
646,"Miami",131262,1,3
237,"New York",44653,1,2
424,"Washington",128471,1,1
404,"Chicago",169618,0,0
543,"New York",112018,1,2
541,"New York",116272,1,3
339,"Chicago",112782,0,0
259,"New York",62011,1,5
403,"New York",68529,1,5
341,"New York",29836,0,0
401,"Miami",165579,1,4
499,"Chicago",46056,1,4
250,"Las Vegas",137153,1,4
237,"Chicago",64591,1,1
456,"New York",65462,1,2
210,"Las Vegas",186835,1,5
550,"Hawaii",62236,0,0
374,"Las Vegas",86990,1,1
251,"New York",65027,1,1
641,"New York",174446,1,2
538,"Washington",133931,0,0
296,"Miami",160756,1,1
504,"Las Vegas",180327,1,5
238,"Chicago",60841,0,0
602,"New York",73930,0,0
403,"Washington",122157,1,5
273,"New York",152089,1,5
601,"New York",126108,0,0
588,"Las Vegas",150066,1,5
278,"Las Vegas",125138,1,3
648,"New York",134588,0,0
529,"New York",95577,0,0
305,"Hawaii",59677,1,4
375,"New York",141061,1,4
305,"Las Vegas",171990,1,3
211,"New York",61904,1,5
286,"Las Vegas",44691,1,1
414,"Washington",131055,1,2
272,"Miami",55590,1,3
485,"Las Vegas",69663,0,0
299,"Las Vegas",132629,1,2
386,"Hawaii",138336,1,4
458,"Las Vegas",181690,1,5
448,"Hawaii",83668,1,5
257,"New York",30690,1,2
287,"New York",197870,1,2
288,"Las Vegas",31768,1,4
310,"Las Vegas",113281,1,2
209,"Hawaii",149835,1,2
401,"Chicago",81050,1,1
202,"Hawaii",132538,1,3
608,"New York",160136,0,0
252,"Chicago",91371,1,1
240,"Miami",119663,1,5
454,"Washington",71718,1,1
297,"Hawaii",197452,1,2
308,"Hawaii",133603,1,4
417,"Hawaii",30804,1,2
460,"Miami",190702,1,1
249,"Washington",51774,0,0
437,"New York",103549,1,1
241,"Miami",174024,1,1
604,"Hawaii",180892,0,0
374,"New York",91540,1,5
467,"Las Vegas",154901,1,5
339,"Washington",192813,1,2
622,"Washington",100612,0,0
520,"Washington",195962,0,0
637,"New York",118011,0,0
357,"Miami",183741,1,5
256,"New York",128487,1,1
232,"Washington",93147,1,4
297,"New York",129299,0,0
647,"Washington",39107,0,0
578,"Hawaii",191568,1,4
341,"Hawaii",140666,1,3
354,"Washington",101451,0,0
646,"Hawaii",46126,0,0
311,"Las Vegas",50601,1,1
279,"Washington",69819,1,2
572,"New York",99285,1,1
517,"New York",130883,1,1
404,"Miami",111440,0,0
317,"Chicago",172772,0,0
595,"Hawaii",123150,0,0
586,"Las Vegas",128182,0,0
337,"Washington",54169,0,0
320,"Miami",160437,1,4
252,"Las Vegas",180591,1,4
422,"New York",172366,0,0
540,"Washington",136474,1,5
518,"Miami",194462,1,1
505,"Washington",136544,1,5
366,"Miami",127579,1,1
270,"New York",36954,1,3
307,"Washington",97215,0,0
546,"New York",186358,1,5
389,"Washington",174796,1,1
246,"Hawaii",74496,1,2
214,"Hawaii",114763,0,0
336,"Chicago",35309,1,3
389,"Washington",58409,1,4
579,"Las Vegas",196119,0,0
335,"New York",138178,1,2
545,"New York",176752,1,1
429,"Las Vegas",109567,0,0
428,"Chicago",150054,1,2
224,"New York",79263,1,4
445,"Miami",86639,0,0
530,"New York",128495,0,0
616,"New York",174394,0,0
414,"Miami",157268,1,3
210,"Hawaii",82871,1,1
264,"Las Vegas",199979,1,5
512,"Washington",183547,1,4
605,"Las Vegas",62397,0,0
375,"Las Vegas",150927,1,4
400,"New York",100396,1,2
223,"Miami",56565,1,4
219,"New York",33064,1,1
214,"Washington",92974,1,5
623,"New York",56056,0,0
211,"Las Vegas",104593,1,4
327,"Las Vegas",62089,0,0
333,"Washington",68847,1,4
459,"Las Vegas",94397,0,0
447,"Hawaii",68127,1,3
626,"Hawaii",85272,0,0
336,"Las Vegas",197291,1,3
534,"Miami",125938,0,0
271,"Hawaii",69751,1,2
436,"Miami",61738,1,3
276,"New York",82119,1,2
472,"Hawaii",195387,1,1
248,"Las Vegas",176834,1,2
336,"Miami",46337,0,0
631,"Hawaii",85870,0,0
567,"Washington",141931,1,1
448,"New York",125023,1,1
462,"New York",167712,1,4
649,"Miami",31658,1,1
320,"Chicago",94674,1,3
406,"Washington",115883,1,3
333,"Hawaii",196629,0,0
603,"Las Vegas",78533,1,1
516,"Hawaii",113242,0,0
265,"Miami",158842,1,5
277,"New York",74972,1,2
267,"Washington",42487,0,0
543,"New York",54549,1,4
277,"New York",126424,1,5
559,"Washington",42632,0,0
632,"Hawaii",197660,1,2
274,"New York",66123,1,3
287,"Washington",196663,1,1
598,"Miami",165750,0,0
543,"Las Vegas",192703,1,1
363,"Washington",49514,0,0
340,"Miami",97278,0,0
617,"Chicago",140370,1,2
578,"Miami",30952,0,0
500,"Las Vegas",173199,1,1
336,"Chicago",146666,0,0
231,"Miami",139664,1,5
571,"Washington",99857,0,0
543,"Miami",152181,1,3
578,"Hawaii",45417,1,2
294,"Miami",172251,1,3
502,"Las Vegas",28809,0,0
346,"Hawaii",148233,1,3
601,"Hawaii",38613,0,0
492,"Hawaii",148110,0,0
383,"New York",163654,1,5
583,"Washington",131104,0,0
402,"Miami",65390,1,4
342,"Miami",166103,1,5
290,"Chicago",87806,1,1
448,"Miami",102561,1,1
613,"Chicago",191076,1,2
227,"Miami",36173,1,3
639,"New York",197890,1,3
208,"Miami",167271,1,4
253,"Miami",78202,1,2
214,"Miami",148154,1,2
597,"Miami",140787,1,2
295,"Chicago",108208,1,4
639,"Las Vegas",182140,1,1
581,"Chicago",78790,1,5
361,"Las Vegas",194593,0,0
278,"Washington",121334,0,0
403,"Miami",63349,1,2
275,"Chicago",156167,1,4
625,"Las Vegas",25158,0,0
373,"Miami",194205,1,2
225,"New York",187328,1,5
262,"Las Vegas",28926,1,4
469,"New York",38406,0,0
525,"Miami",78120,1,2
408,"Las Vegas",86376,1,5
461,"Las Vegas",96336,1,5
563,"Hawaii",198121,1,5
540,"New York",175077,0,0
367,"Miami",85478,1,5
279,"Washington",46771,1,3
371,"Hawaii",98425,1,5
409,"New York",57776,0,0
395,"New York",107804,1,1
427,"New York",86743,0,0
472,"Miami",76262,0,0
497,"Las Vegas",137757,0,0
478,"Las Vegas",36268,0,0
446,"Hawaii",130783,0,0
316,"Washington",36831,0,0
304,"New York",169467,1,2
614,"New York",153781,1,4
546,"Hawaii",27193,1,4
251,"Las Vegas",150557,1,3
489,"New York",84676,1,1
369,"Washington",43366,1,3
404,"Miami",166183,1,2
423,"Las Vegas",87827,1,4
351,"Chicago",188606,1,4
496,"Chicago",184148,1,3
553,"Washington",167206,0,0
593,"Washington",174949,1,1
632,"Miami",58191,0,0
250,"Miami",61882,1,2
618,"Hawaii",59253,0,0
413,"Hawaii",62493,1,1
345,"Chicago",30224,1,3
473,"Hawaii",39563,0,0
406,"Hawaii",35926,0,0
232,"Miami",35969,1,3
343,"Washington",30340,1,4
486,"Chicago",135216,1,2
456,"Las Vegas",70256,0,0
364,"Las Vegas",171663,1,4
366,"Chicago",93214,1,3
565,"Hawaii",138736,1,2
628,"New York",193177,1,1
636,"Chicago",63910,0,0
364,"New York",83880,1,2
391,"Las Vegas",50989,1,2
348,"Miami",73229,1,5
241,"Miami",141981,1,1
404,"Hawaii",154746,0,0
269,"Las Vegas",187935,1,4
392,"New York",98235,1,3
433,"Hawaii",100925,0,0
539,"Las Vegas",65883,0,0
443,"Las Vegas",135923,0,0
517,"Miami",83069,1,3
305,"Miami",163735,1,5
226,"Las Vegas",134930,1,1
632,"Miami",50344,0,0
315,"Chicago",49615,0,0
419,"Hawaii",41505,1,1
350,"Las Vegas",110284,1,4
445,"Las Vegas",125770,1,5
572,"New York",33551,0,0
331,"Miami",193727,1,3
421,"New York",112528,0,0
397,"New York",103208,1,2
511,"Chicago",167609,1,3
279,"Chicago",56618,1,5
411,"Hawaii",165856,1,2
557,"Miami",57540,0,0
349,"Washington",136484,0,0
553,"Miami",116611,1,1
536,"Washington",51086,0,0
364,"Washington",140829,1,2
646,"Washington",154408,0,0
254,"Miami",112398,1,1
426,"New York",199235,1,3
385,"Chicago",128845,1,3
200,"Hawaii",37686,0,0
345,"Las Vegas",71352,0,0
276,"Chicago",196145,1,5
530,"Miami",161901,0,0
385,"Las Vegas",65002,1,1
537,"Las Vegas",79484,1,4
227,"Chicago",154183,1,5
460,"New York",180640,0,0
481,"Chicago",73127,1,3
360,"Miami",48674,1,3
326,"Las Vegas",76423,1,1
529,"Washington",45670,0,0
541,"Washington",151662,0,0
387,"New York",39166,1,4
572,"New York",33337,0,0
599,"Washington",149142,1,1
216,"Hawaii",115210,1,1
231,"Chicago",151731,1,2
521,"Miami",86098,0,0
298,"Las Vegas",71595,1,1
576,"New York",32658,0,0
300,"Washington",43500,0,0
312,"Hawaii",153927,1,1
234,"New York",50621,1,4
280,"Miami",99462,1,1
394,"Washington",69002,1,5
212,"Hawaii",108719,1,1
404,"Hawaii",192415,1,5
575,"Chicago",67257,1,1
312,"New York",107969,1,3
642,"Hawaii",115894,0,0
499,"Las Vegas",146963,1,5
404,"Miami",184240,1,3
636,"Washington",121522,1,4
590,"New York",106669,1,3
498,"New York",52145,0,0
601,"Miami",100278,0,0
482,"Las Vegas",57853,1,3
443,"Hawaii",131210,0,0
635,"Las Vegas",38529,0,0
432,"Las Vegas",93581,0,0
422,"Miami",39509,0,0
641,"Washington",113598,0,0
479,"Chicago",82845,1,3
347,"Las Vegas",157423,1,2
497,"Miami",169435,1,3
253,"Washington",195421,1,4
211,"Las Vegas",99382,0,0
602,"New York",87361,1,4
599,"Miami",59767,1,3
324,"Washington",105054,1,4
542,"Las Vegas",173796,0,0
232,"Miami",192037,1,3
528,"Miami",153204,1,3
366,"Chicago",102898,0,0
216,"Chicago",190811,1,2
290,"Chicago",177547,1,2
469,"Miami",121679,1,1
272,"Washington",99824,1,3
246,"Las Vegas",127043,1,5
645,"Las Vegas",182929,1,5
500,"Las Vegas",103333,0,0
427,"Las Vegas",33910,0,0
285,"New York",28155,1,5
520,"Miami",96427,1,5
358,"Miami",126837,1,4
208,"New York",41495,1,3
238,"Miami",162094,1,4
444,"New York",110685,1,2
348,"Hawaii",159942,0,0
216,"Chicago",95652,0,0
229,"Hawaii",88015,1,1
507,"New York",49387,0,0
291,"Hawaii",163838,1,5
545,"Washington",155278,1,5
363,"New York",99978,0,0
351,"New York",146964,1,5
365,"Las Vegas",79596,1,3
333,"New York",142721,1,4
516,"Miami",31067,0,0
608,"New York",61473,0,0
300,"Miami",171204,1,2
262,"Chicago",99357,1,3
526,"Miami",39871,0,0
480,"Las Vegas",75210,1,1
471,"Hawaii",99288,0,0
510,"Miami",134775,0,0
386,"Miami",184610,0,0
547,"Miami",34560,1,1
602,"New York",29908,0,0
404,"New York",105660,1,5
605,"Washington",192651,1,4
453,"Hawaii",184241,0,0
361,"Miami",138563,1,2
274,"Chicago",97348,0,0
547,"Miami",67778,1,4
572,"New York",162196,1,5
348,"Chicago",54351,1,1
325,"Washington",65599,0,0
518,"Las Vegas",60801,0,0
269,"Las Vegas",129271,0,0
399,"Miami",151343,1,2
361,"Washington",33281,0,0
441,"New York",150915,1,4
301,"Las Vegas",90290,1,5
326,"New York",166140,1,5
587,"Washington",110283,0,0
251,"Washington",184200,1,3
317,"New York",169667,0,0
499,"Miami",187735,1,4
646,"New York",131609,0,0
336,"New York",28562,0,0
395,"Washington",145123,1,3
272,"Chicago",94380,1,1
570,"Washington",132588,1,3
294,"Las Vegas",71374,1,5
328,"Las Vegas",165168,1,4
446,"Chicago",79519,1,4
465,"Miami",188865,1,5
399,"Washington",139985,1,2
592,"Hawaii",109605,0,0
252,"Chicago",185603,1,4
612,"Washington",148311,1,2
248,"New York",151723,1,4
384,"Las Vegas",132843,1,4
558,"Hawaii",56548,0,0
225,"Miami",81007,1,2
557,"Hawaii",76057,0,0
372,"Las Vegas",105258,1,2
381,"Miami",60594,0,0
376,"Washington",45399,0,0
209,"New York",92780,1,4
420,"Las Vegas",198351,1,4
289,"Chicago",191561,1,3
588,"New York",110979,1,4
458,"Miami",157065,1,2
271,"Chicago",55571,0,0
578,"Las Vegas",158773,0,0
223,"Washington",157033,1,2
570,"Hawaii",127229,0,0
551,"New York",52662,0,0
516,"Miami",152296,1,3
420,"Las Vegas",144349,1,5
234,"Hawaii",195005,1,1
488,"Hawaii",155977,0,0
539,"New York",143176,1,4
242,"Washington",130630,1,2
603,"Miami",147931,0,0
308,"Las Vegas",79643,1,5
420,"New York",142457,0,0
386,"Miami",32639,1,5
211,"Washington",173841,1,4
642,"New York",92480,1,2
325,"Miami",52217,0,0
631,"Hawaii",178982,0,0
447,"Miami",48813,1,3
431,"Washington",182924,1,1
273,"Las Vegas",87319,1,3
585,"Miami",169244,1,1
644,"Chicago",172415,1,4
328,"Miami",161997,1,5
385,"Miami",142471,1,1
359,"New York",120895,0,0
259,"Miami",69952,0,0
409,"Chicago",188795,1,3
284,"Las Vegas",164524,1,2
235,"Las Vegas",56154,0,0
214,"Washington",196262,1,2
424,"Chicago",171733,1,3
482,"Miami",66408,0,0
466,"Las Vegas",40872,0,0
464,"Las Vegas",168403,1,2
259,"New York",198393,1,5
505,"Las Vegas",173745,1,4
232,"Hawaii",72461,0,0
372,"Miami",199493,1,5
649,"Hawaii",64932,0,0
221,"Chicago",32198,1,3
343,"Hawaii",156524,1,4
224,"Miami",185674,1,5
503,"New York",189998,1,3
265,"Las Vegas",139387,1,1
336,"New York",43375,0,0
232,"Washington",129764,1,3
623,"Hawaii",166494,1,1
648,"Washington",93976,0,0
359,"Miami",168202,1,2
506,"Washington",140502,1,1
505,"New York",93542,0,0
621,"Miami",88325,0,0
548,"Miami",123119,1,3
268,"New York",175698,1,2
333,"New York",163489,1,4
358,"Chicago",90847,0,0
318,"Las Vegas",45862,1,5
280,"Miami",25149,1,5
585,"Las Vegas",29185,0,0
467,"Chicago",156628,0,0
608,"Hawaii",122856,0,0
609,"Hawaii",174419,1,1
464,"Las Vegas",103044,1,4
522,"New York",35750,0,0
247,"Las Vegas",144341,0,0
399,"Las Vegas",98239,0,0
558,"New York",42777,0,0
237,"Las Vegas",133960,1,2
302,"Miami",29025,1,1
368,"Miami",134387,1,2
396,"New York",89669,1,3
513,"Las Vegas",86417,0,0
611,"Miami",104667,0,0
324,"Washington",64077,1,5
223,"Chicago",144012,0,0
408,"Chicago",189658,1,4
547,"Las Vegas",54727,1,2
428,"New York",191453,0,0
477,"Hawaii",75140,0,0
534,"Las Vegas",63489,0,0
473,"Washington",80338,0,0
457,"Miami",174289,1,2
472,"Las Vegas",195881,1,5
343,"Miami",42976,0,0
372,"Las Vegas",169906,1,2
235,"Hawaii",30903,1,4
452,"Chicago",182022,1,2
605,"Hawaii",114497,1,5
366,"Las Vegas",65890,0,0
509,"Las Vegas",57489,0,0
469,"Washington",157294,1,5
637,"Las Vegas",100223,0,0
321,"Chicago",48178,0,0
478,"New York",44687,0,0
481,"Miami",130441,1,2
262,"Miami",128405,1,3
618,"Las Vegas",133706,0,0
603,"New York",116885,1,2
278,"Las Vegas",184509,1,1
393,"Las Vegas",184870,1,2
343,"Chicago",191949,1,5
311,"Hawaii",156028,1,1
329,"Las Vegas",94606,0,0
424,"Miami",31886,0,0
595,"Las Vegas",183926,1,3
241,"Washington",195516,1,3
366,"Las Vegas",148906,1,2
497,"Las Vegas",157228,0,0
577,"Hawaii",165929,0,0
323,"Washington",128071,0,0
415,"Washington",69501,1,2
279,"Miami",74203,0,0
317,"Chicago",152602,1,3
424,"Chicago",136531,1,4
559,"Hawaii",38358,0,0
480,"Las Vegas",141590,1,1
317,"Washington",35736,1,5
588,"Las Vegas",115126,1,3
343,"Hawaii",178599,1,5
484,"New York",76436,1,1
343,"Washington",148986,1,4
374,"New York",29237,1,1
574,"Miami",116129,1,5
526,"New York",128007,0,0
642,"New York",163160,1,2
556,"Miami",70222,0,0
240,"New York",139928,1,2
521,"Las Vegas",168063,1,3
287,"Miami",109898,0,0
447,"Washington",60088,0,0
267,"Washington",184390,1,2
481,"Hawaii",53715,0,0
245,"Las Vegas",129339,1,3
347,"New York",44078,0,0
458,"New York",174811,1,1
278,"Chicago",195129,1,1
451,"New York",179717,1,4
451,"New York",195196,1,5
360,"Chicago",49647,1,5
304,"Las Vegas",127159,1,4
338,"Miami",140947,1,3
537,"New York",93874,1,1
531,"Washington",144858,1,5
496,"Miami",156298,1,4
209,"New York",123315,1,3
527,"Miami",62121,1,5
607,"Hawaii",34548,1,1
525,"New York",118253,0,0
444,"Las Vegas",41962,1,2
324,"Hawaii",52736,1,5
562,"New York",192689,0,0
480,"Miami",167473,1,4
411,"Washington",169146,0,0
361,"New York",154006,0,0
430,"Hawaii",73717,0,0
360,"Miami",86044,0,0
374,"Las Vegas",30367,0,0
608,"New York",47817,1,5
329,"Las Vegas",34108,1,3
534,"New York",45856,0,0
579,"Las Vegas",34842,0,0
378,"Miami",189838,1,2
440,"Miami",64858,1,3
394,"Las Vegas",91098,1,2
250,"Washington",144355,1,1
490,"Las Vegas",176239,1,1
497,"Las Vegas",156578,1,1
515,"Washington",111923,0,0
283,"Chicago",124298,1,5
356,"Washington",138305,0,0
207,"New York",27385,1,3
306,"Miami",42412,0,0
404,"Hawaii",172019,1,1
415,"Miami",27328,0,0
407,"Hawaii",34024,0,0
482,"Miami",179801,1,3
504,"New York",44133,0,0
266,"New York",29971,1,3
612,"Las Vegas",188152,1,4
556,"New York",120061,1,3
569,"Miami",62266,0,0
433,"Hawaii",52726,0,0
300,"New York",56602,1,4
338,"Las Vegas",81773,1,5
521,"New York",179093,1,1
264,"Las Vegas",148427,1,3
439,"Washington",184569,1,1
509,"New York",149267,0,0
511,"Las Vegas",122059,1,4
649,"Miami",107968,0,0
357,"Las Vegas",180346,1,3
592,"Hawaii",134075,1,1
313,"Las Vegas",181609,1,1
304,"New York",47410,1,3
582,"Las Vegas",149109,0,0
584,"New York",112376,0,0
445,"Washington",138410,1,3
518,"New York",107371,0,0
538,"Las Vegas",155023,1,5
267,"Las Vegas",169492,1,1
317,"Miami",193829,1,3
364,"Miami",194940,1,5
201,"New York",143324,1,4
642,"Las Vegas",122304,1,3
344,"Miami",195401,1,5
585,"Miami",109154,1,4
451,"Hawaii",47775,0,0
300,"Las Vegas",165192,0,0
640,"Hawaii",42186,0,0
551,"Miami",46742,1,4
419,"Hawaii",198240,1,3
402,"New York",138338,1,4
205,"Hawaii",79303,1,3
606,"Hawaii",30285,0,0
342,"Miami",96650,1,5
334,"Hawaii",187129,1,2
273,"Miami",131736,1,5
580,"Miami",178433,1,2
512,"New York",119346,1,4
300,"Chicago",178019,1,5
380,"New York",128456,1,5
566,"Chicago",89660,0,0
533,"Las Vegas",197206,1,1
427,"Hawaii",107457,0,0
567,"New York",76732,1,4
437,"New York",168551,0,0
280,"Hawaii",61567,1,4
534,"New York",196091,1,1
585,"Hawaii",65928,0,0
471,"Hawaii",74937,0,0
306,"Las Vegas",179747,1,1
233,"Las Vegas",160514,1,5
392,"Miami",196692,1,2
327,"Chicago",83013,1,3
362,"Hawaii",140810,1,4
315,"Miami",123682,1,4
208,"Miami",40256,1,1
493,"New York",35978,0,0
362,"Las Vegas",52963,1,4
521,"New York",167668,1,1
209,"Las Vegas",147806,0,0
363,"Miami",25665,0,0
230,"Washington",92208,1,3
275,"Las Vegas",180551,1,2
461,"Las Vegas",44911,0,0
645,"Las Vegas",135051,1,1
484,"Las Vegas",162003,0,0
489,"Hawaii",161248,1,5
539,"Washington",35179,0,0
251,"Las Vegas",171929,1,2
314,"Chicago",165228,1,1
238,"Miami",108559,1,4
511,"Washington",43307,0,0
232,"Miami",196983,1,4
593,"Washington",198549,1,5
353,"Miami",138861,1,2
345,"Hawaii",164722,1,2
428,"Washington",103602,1,1
521,"Las Vegas",147062,1,4
582,"Hawaii",33942,1,4
221,"Chicago",86572,1,2
470,"Washington",55277,0,0
358,"Miami",161624,1,4
230,"Chicago",109019,1,2
423,"New York",81125,1,1
578,"Hawaii",185975,1,3
513,"New York",115177,1,4
425,"Hawaii",115029,1,1
279,"Las Vegas",28320,0,0
309,"Miami",110243,1,1
379,"Washington",104396,1,4
423,"Miami",96189,1,5
446,"Hawaii",192434,1,2
446,"New York",41713,0,0
568,"Hawaii",179992,1,1
393,"Hawaii",63885,0,0
554,"Washington",89692,1,1
275,"Washington",80013,1,3
396,"Hawaii",186336,1,3
341,"Miami",108444,1,4
477,"Washington",189354,1,1
365,"Chicago",110279,0,0
476,"Miami",177260,1,5
286,"Miami",198129,0,0
298,"Chicago",195138,1,5
641,"Miami",149917,1,4
646,"Washington",176096,1,5
209,"Miami",145964,1,5
462,"Las Vegas",36101,0,0
286,"Chicago",26989,1,5
508,"New York",196733,1,5
244,"Las Vegas",42689,1,5
241,"Hawaii",115819,1,1
419,"Las Vegas",171260,1,2
383,"New York",103295,0,0
286,"Chicago",154806,1,3
393,"Washington",119009,1,1
561,"Hawaii",193559,1,4
556,"Miami",82824,0,0
501,"Hawaii",182139,1,5
510,"Chicago",50293,1,1
522,"Hawaii",36157,0,0
388,"Las Vegas",25312,0,0
388,"New York",118202,1,3
508,"Hawaii",39294,0,0
301,"New York",111081,1,1
492,"New York",172845,0,0
238,"New York",36702,1,3
583,"Washington",41407,0,0
350,"Miami",166262,1,5
592,"Hawaii",146610,0,0
348,"Las Vegas",152682,1,2
512,"Chicago",115117,1,2
335,"Washington",199215,1,3
256,"Las Vegas",167053,1,1
468,"Las Vegas",134185,1,4
370,"Miami",115284,1,2
500,"Las Vegas",197561,1,1
361,"Miami",84743,1,2
236,"Hawaii",51940,1,2
622,"Hawaii",84501,0,0
590,"Las Vegas",103730,0,0
387,"New York",87203,1,4
319,"Las Vegas",171206,1,5
316,"Las Vegas",34420,0,0
563,"Washington",49498,0,0
639,"Hawaii",45885,0,0
212,"Miami",121419,0,0
624,"Miami",48365,1,4
482,"Hawaii",61022,0,0
405,"New York",171290,1,5
340,"Washington",113823,1,4
513,"Las Vegas",185537,1,5
259,"New York",119430,1,1
257,"Washington",88253,1,1
204,"Las Vegas",177288,1,1
524,"Chicago",78772,1,4
409,"New York",91219,0,0
329,"Miami",151178,1,4
233,"Miami",128837,1,3
399,"Hawaii",143386,0,0
467,"New York",181117,0,0
291,"Las Vegas",188421,0,0
257,"New York",126656,1,5
207,"Washington",65752,1,1
252,"Washington",133934,1,5
236,"Washington",57275,1,2
466,"Miami",159657,1,3
560,"Hawaii",73624,0,0
364,"Washington",160733,0,0
240,"Miami",96947,1,4
316,"Miami",57992,0,0
324,"Washington",150957,1,3
389,"New York",39865,0,0
276,"Hawaii",146634,1,2
383,"Miami",195092,1,5
399,"New York",43174,0,0
559,"Miami",159279,1,2
526,"Chicago",102745,0,0
609,"Las Vegas",175092,1,3
365,"New York",60375,1,4
304,"Las Vegas",119809,1,5
276,"Washington",69700,0,0
410,"Miami",30547,0,0
526,"Miami",135385,1,3
407,"Hawaii",161236,1,1
445,"Chicago",71233,0,0
382,"Las Vegas",118518,0,0
616,"Washington",40119,0,0
278,"Miami",34475,1,2
409,"Las Vegas",42626,0,0
606,"Miami",91931,1,3
579,"Hawaii",138493,0,0
341,"Chicago",191487,1,5
358,"Hawaii",32471,1,5
231,"Las Vegas",75716,1,1
571,"Washington",138853,1,5
476,"Chicago",134318,1,4
444,"Las Vegas",27581,0,0
361,"Washington",104887,1,3
333,"Washington",171875,0,0
405,"Miami",168126,1,2
438,"New York",67200,1,3
443,"Washington",87279,1,3
468,"Washington",101772,1,1
305,"Las Vegas",88749,1,2
630,"New York",161560,0,0
607,"Miami",189070,0,0
581,"Miami",72970,1,5
337,"Miami",138866,1,2
352,"Las Vegas",196144,1,5
240,"Las Vegas",28589,1,3
418,"Las Vegas",77521,1,3
459,"Las Vegas",199024,1,5
550,"Miami",41416,1,5
527,"Miami",26967,0,0
230,"Hawaii",142599,1,3
448,"Hawaii",165587,1,5
463,"Las Vegas",48286,0,0
435,"Washington",142726,0,0
469,"New York",101401,0,0
303,"Washington",66250,0,0
596,"Miami",26139,0,0
304,"Hawaii",111688,1,1
532,"Las Vegas",106466,0,0
350,"New York",170814,1,5
551,"Las Vegas",34824,0,0
292,"Hawaii",177922,1,3
496,"Miami",43222,0,0
392,"New York",45675,1,4
565,"Hawaii",46943,0,0
537,"New York",140305,0,0
647,"New York",175414,1,5
330,"New York",163572,1,5
448,"Miami",115851,0,0
640,"Las Vegas",66185,1,4
572,"New York",169592,1,4
488,"Washington",169235,1,1
594,"Miami",144579,1,5
597,"Miami",60086,1,3
247,"Chicago",82812,1,5
334,"New York",47298,1,4
412,"New York",189767,1,3
579,"New York",196753,1,1
359,"Miami",124011,1,4
216,"Chicago",65685,0,0
294,"Washington",28683,1,5
328,"Washington",157976,1,1
297,"Washington",153478,0,0
246,"New York",81925,1,4
319,"Hawaii",175571,1,5
207,"Las Vegas",28118,1,3
318,"Chicago",45402,1,3
375,"Washington",114253,1,3
570,"New York",49668,1,2
364,"Hawaii",100594,1,4
538,"New York",46289,1,4
335,"Las Vegas",98916,1,4
411,"Las Vegas",135958,1,5
272,"Miami",135743,1,1
427,"Las Vegas",96106,1,4
313,"Las Vegas",183183,1,3
636,"Las Vegas",39344,0,0
526,"Hawaii",184348,0,0
241,"Washington",54888,1,2
251,"New York",50927,0,0
458,"Miami",31171,0,0
218,"Las Vegas",161539,1,4
534,"Las Vegas",189823,1,1
474,"Miami",172257,0,0
471,"Las Vegas",90170,0,0
493,"Las Vegas",65378,1,2
348,"Washington",73498,0,0
629,"Chicago",42994,0,0
504,"New York",125131,1,1
607,"Washington",86150,0,0
391,"New York",114921,0,0
308,"Chicago",104737,1,1
322,"Hawaii",124773,1,3
249,"Miami",170916,1,3
423,"Chicago",45046,0,0
343,"Miami",89161,1,5
457,"Miami",111959,1,1
519,"Hawaii",89486,0,0
430,"Washington",180796,0,0
525,"New York",38853,0,0
597,"Hawaii",72480,1,4
513,"Hawaii",124924,1,5
570,"Washington",96753,0,0
543,"Miami",109878,0,0
560,"New York",58955,0,0
251,"Miami",101390,1,4
314,"Miami",113906,1,1
323,"Las Vegas",28819,1,3
567,"Washington",114962,0,0
253,"Las Vegas",87821,0,0
434,"Hawaii",88568,0,0
486,"Miami",103784,1,1
561,"Miami",75789,0,0
593,"Las Vegas",120789,0,0
487,"Las Vegas",179690,1,4
295,"New York",60493,1,5
348,"Miami",106997,1,2
473,"Chicago",87213,1,1
460,"Miami",148142,0,0
519,"Hawaii",91084,1,2
331,"Miami",188548,1,4
276,"Hawaii",193676,1,1
368,"New York",66823,1,2
210,"Miami",148200,1,3
630,"Chicago",150356,1,1
214,"Las Vegas",89232,1,1
614,"Chicago",78179,0,0
213,"New York",123632,1,2
352,"Hawaii",57772,1,3
267,"Washington",122889,1,1
341,"New York",75967,1,1
611,"Las Vegas",179310,1,1
599,"Hawaii",122195,0,0
506,"Washington",115179,1,3
423,"New York",130055,1,4
366,"Washington",119836,1,2
484,"Miami",198406,1,1
372,"Washington",109513,1,3
414,"Las Vegas",152384,1,2
342,"Chicago",190179,1,5
596,"Washington",114770,0,0
416,"Washington",69103,0,0
477,"Miami",73431,1,2
438,"Miami",166635,1,5
383,"Miami",88822,0,0
420,"New York",172093,1,4
563,"Miami",32762,0,0
299,"Las Vegas",173132,1,1
572,"Miami",132165,1,3
256,"Chicago",68569,1,4
511,"Miami",156313,1,2
250,"Hawaii",176400,1,5
621,"Miami",167626,1,3
477,"Hawaii",109386,0,0
354,"Miami",77850,0,0
343,"New York",110767,1,5
390,"Washington",100489,1,5
422,"New York",97286,1,5
349,"New York",56147,1,5
619,"Las Vegas",177734,1,2
568,"Las Vegas",162985,1,2
467,"New York",53940,0,0
419,"Hawaii",42069,1,5
263,"New York",77285,1,4
382,"Washington",119832,1,5
627,"New York",179407,1,3
201,"Las Vegas",58889,1,4
551,"Hawaii",104166,0,0
448,"Washington",80380,1,4
283,"Hawaii",112310,1,1
397,"Hawaii",155228,1,5
330,"Washington",128103,1,2
649,"New York",70993,0,0
406,"Las Vegas",73795,1,3
258,"Miami",69282,1,2
585,"Las Vegas",132194,0,0
557,"Las Vegas",79106,1,1
233,"Hawaii",199001,1,2
522,"New York",107163,1,2
634,"Las Vegas",144470,1,4
421,"Las Vegas",150794,1,2
291,"Washington",64069,1,2
497,"Miami",157199,0,0
361,"Las Vegas",163656,1,5
564,"Las Vegas",173838,1,2
568,"Chicago",34019,0,0
388,"Washington",129221,1,2
288,"Miami",87019,1,5
320,"Miami",159437,1,5
419,"New York",51349,1,2
321,"Las Vegas",166218,1,3
297,"Chicago",168036,1,5
206,"New York",42899,1,2
486,"New York",30072,1,3
383,"Washington",69177,1,1
597,"Washington",93687,0,0
423,"Las Vegas",46493,1,2
414,"New York",64517,1,4
610,"Las Vegas",101811,1,2
418,"Chicago",198456,1,1
516,"Las Vegas",104712,0,0
480,"Hawaii",59421,1,5
564,"New York",78925,0,0
542,"Miami",142064,0,0
257,"Las Vegas",49032,1,4
450,"Miami",124636,1,5
512,"Washington",35324,1,5
530,"Chicago",40187,0,0
293,"Miami",46197,1,5
308,"Washington",28935,0,0
474,"Hawaii",112735,1,1
415,"Chicago",110871,1,3
629,"Miami",187401,1,3
547,"New York",153406,1,2
243,"Miami",163478,1,1
557,"Miami",101265,0,0
422,"Las Vegas",178224,1,1
452,"New York",47000,0,0
411,"Las Vegas",33622,0,0
491,"Miami",116111,0,0
529,"Miami",98940,0,0
533,"Las Vegas",193816,1,4
641,"Las Vegas",141800,0,0
525,"Chicago",199854,1,3
206,"New York",134005,1,2
369,"Chicago",133971,1,3
595,"Washington",65890,0,0
604,"Chicago",51597,1,2
308,"Las Vegas",44074,0,0
301,"Chicago",153519,1,1
440,"New York",165222,1,1
308,"New York",32300,1,1
587,"New York",172339,1,3
591,"Hawaii",96327,1,3
622,"Chicago",28147,0,0
484,"Washington",176724,1,2
618,"Chicago",118427,1,4
437,"Las Vegas",178773,1,2
633,"Las Vegas",47497,0,0
364,"Hawaii",65639,1,1
208,"New York",181715,1,4
568,"Hawaii",160828,1,4
331,"Washington",155219,1,5
460,"Chicago",166434,1,5
369,"Chicago",74474,0,0
307,"Hawaii",160870,1,2
523,"Las Vegas",176491,1,2
226,"Hawaii",34853,0,0
280,"Hawaii",185990,1,2
633,"Las Vegas",117225,1,5
346,"New York",110707,1,2
289,"Washington",195134,1,2
420,"Chicago",178821,1,4
203,"Washington",125404,1,4
215,"Chicago",107372,1,5
209,"Miami",52444,0,0
492,"Washington",140568,1,4
625,"Miami",74091,0,0
416,"Las Vegas",53682,0,0
449,"New York",144254,1,2
578,"Las Vegas",85175,1,5
577,"Chicago",54121,0,0
266,"Miami",97768,1,2
206,"Hawaii",87537,1,1
411,"Las Vegas",90325,1,4
341,"Las Vegas",153450,1,3
592,"Washington",184485,1,4
259,"Las Vegas",93494,1,3
215,"Miami",78934,1,3
500,"Las Vegas",199211,1,5
548,"Las Vegas",162302,1,2
292,"New York",151888,1,1
410,"Las Vegas",159761,1,5
575,"New York",98516,0,0
243,"Chicago",54929,1,4
273,"Las Vegas",170924,1,5
304,"Washington",83114,1,2
429,"Hawaii",185177,1,3
283,"Las Vegas",76659,1,2
501,"Las Vegas",119644,1,3
465,"Miami",163584,1,4
269,"New York",193925,1,4
624,"Washington",84271,1,5
305,"New York",30110,1,3
468,"Miami",65858,0,0
408,"New York",31492,1,1
333,"Hawaii",88720,1,5
590,"Miami",112651,0,0
370,"New York",190361,1,1
362,"Washington",187980,1,1
506,"Miami",83217,0,0
346,"New York",146807,0,0
440,"Hawaii",167964,1,4
206,"Hawaii",195564,1,2
526,"Miami",78136,0,0
558,"Las Vegas",117344,1,3
448,"Miami",99873,1,1
260,"New York",106513,1,4
432,"Chicago",41975,0,0
566,"Miami",46925,0,0
256,"Hawaii",190148,1,3
515,"Miami",130499,1,5
255,"New York",43754,1,1
494,"Las Vegas",135064,0,0
273,"Washington",181692,1,2
201,"Miami",49968,1,4
416,"Miami",108395,0,0
229,"Washington",110552,1,1
409,"Hawaii",94527,1,4
387,"New York",36567,0,0
643,"Las Vegas",104906,1,5
579,"Miami",194392,1,4
598,"Hawaii",122234,1,3
521,"Miami",161307,1,2
597,"Las Vegas",80517,0,0
416,"Miami",151398,1,4
542,"Washington",112885,0,0
518,"Hawaii",157425,0,0
371,"New York",165270,1,2
490,"Las Vegas",142801,1,5
495,"Chicago",69319,1,5
424,"Miami",198965,1,4
410,"New York",166576,1,2
328,"New York",142889,1,2
281,"Hawaii",197011,1,5
255,"Hawaii",66658,1,5
482,"Hawaii",54075,0,0
223,"Hawaii",49682,1,3
291,"Miami",149831,1,5
482,"Las Vegas",121793,1,2
646,"Miami",43527,0,0
300,"New York",154287,1,4
372,"Miami",107445,1,3
588,"New York",174916,1,5
420,"Miami",144664,1,1
439,"Las Vegas",163959,1,5
252,"Las Vegas",57558,0,0
412,"Miami",110961,0,0
244,"Las Vegas",30784,1,3
375,"Chicago",70704,1,4
536,"Chicago",81187,1,1
391,"New York",125455,0,0
514,"New York",31491,0,0
248,"Las Vegas",37343,1,5
606,"Miami",33077,1,2
638,"Miami",40388,1,1
290,"Hawaii",98470,0,0
499,"New York",153487,0,0
336,"Miami",50753,0,0
433,"Las Vegas",42941,0,0
646,"Las Vegas",74544,0,0
590,"Miami",118295,1,4
558,"Las Vegas",136820,1,1
377,"Miami",113603,0,0
431,"Las Vegas",159161,1,5
498,"Chicago",76371,0,0
348,"New York",158699,1,1
282,"Hawaii",163760,1,1
338,"Hawaii",64082,1,3
610,"Miami",97239,1,3
304,"Las Vegas",189942,1,4
569,"Chicago",124317,1,5
561,"Las Vegas",161014,0,0
274,"New York",122881,1,4
392,"Miami",88748,0,0
563,"Las Vegas",171570,1,2
384,"New York",126304,1,5
562,"Miami",92338,1,3
260,"Las Vegas",140689,1,5
585,"Miami",158065,1,2
635,"Hawaii",160462,1,1
595,"New York",124463,0,0
497,"New York",166952,1,5
353,"New York",115220,1,4
310,"New York",119912,1,5
538,"New York",98164,0,0
398,"Las Vegas",99159,1,3
632,"Las Vegas",115236,0,0
293,"New York",122153,1,5
612,"New York",96684,0,0
352,"Washington",84887,1,1
394,"Washington",132412,0,0
293,"Las Vegas",28549,1,4
269,"New York",151107,1,5
563,"New York",120217,0,0
257,"Washington",104117,1,1
555,"Las Vegas",55052,0,0
607,"Miami",71088,1,2
566,"Washington",189212,0,0
641,"New York",48005,0,0
380,"Miami",188940,1,5
557,"Washington",193031,1,3
329,"New York",167264,1,3
509,"Miami",70630,0,0
200,"Washington",93079,1,1
613,"New York",142932,0,0
538,"Miami",67540,1,2
419,"Miami",134368,1,3
279,"New York",108851,1,1
520,"Washington",47955,0,0
631,"Hawaii",74947,1,4
561,"Washington",152830,0,0
383,"Las Vegas",85429,1,1
521,"Miami",49410,0,0
447,"New York",141229,1,5
318,"Washington",157389,1,2
573,"Miami",191813,1,5
200,"New York",42080,0,0
314,"New York",87166,1,5
514,"Chicago",69006,1,5
502,"Washington",34588,0,0
302,"New York",175490,1,2
597,"New York",93738,1,4
364,"Chicago",84716,1,5
464,"Washington",99097,1,3
604,"Hawaii",66532,1,1
635,"Washington",66239,0,0
648,"Washington",195125,0,0
353,"New York",180873,1,3
393,"Chicago",40638,0,0
560,"Chicago",147885,0,0
223,"Washington",112248,1,2
544,"Miami",35017,0,0
538,"Miami",180780,1,4
465,"Miami",179859,1,5
287,"New York",188587,1,5
606,"Chicago",50643,0,0
501,"Washington",137956,0,0
400,"Washington",73409,0,0
275,"Las Vegas",185307,1,4
396,"Las Vegas",188227,1,3
349,"Hawaii",164372,0,0
449,"Washington",106589,1,5
346,"New York",108878,0,0
539,"Chicago",62715,0,0
560,"Las Vegas",83795,0,0
284,"Washington",29851,0,0
392,"Miami",72356,1,1
247,"Washington",109855,1,1
352,"Miami",90867,1,5
271,"New York",52222,1,5
485,"New York",172647,1,4
337,"Hawaii",137824,0,0
568,"New York",181004,0,0
563,"Las Vegas",84692,1,2
407,"New York",69866,0,0
493,"Hawaii",94457,1,1
622,"New York",194691,0,0
438,"Miami",112687,0,0
589,"Washington",60650,0,0
556,"Miami",39880,0,0
517,"Miami",162705,1,3
587,"New York",129366,0,0
403,"Miami",176276,1,4
226,"Hawaii",118104,1,4
574,"New York",112588,1,3
403,"Las Vegas",62597,0,0
359,"Las Vegas",177924,1,4
387,"Miami",108406,0,0
344,"Miami",59607,0,0
606,"Las Vegas",133297,0,0
319,"Miami",180670,1,2
356,"Miami",88951,1,5
291,"Hawaii",80534,1,1
450,"New York",34065,0,0
626,"Las Vegas",137006,0,0
593,"Chicago",188951,1,5
403,"Washington",72423,0,0
616,"Las Vegas",63176,0,0
639,"Miami",147278,0,0
552,"New York",174172,1,1
265,"Miami",34776,1,5
416,"New York",193856,0,0
519,"New York",100306,0,0
486,"New York",60595,1,5
255,"Miami",126506,1,2
208,"Hawaii",138579,1,2
284,"Las Vegas",50887,1,3
238,"Las Vegas",179759,1,3
511,"Chicago",168089,0,0
222,"Las Vegas",184915,1,5
543,"Las Vegas",76807,1,5
585,"Las Vegas",82121,0,0
387,"Las Vegas",79559,1,1
554,"New York",166602,1,2
390,"New York",65737,0,0
590,"New York",50951,0,0
362,"Las Vegas",161968,1,4
547,"Washington",29518,0,0
263,"Hawaii",57583,1,3
391,"Las Vegas",81444,0,0
440,"Miami",193311,1,3
512,"Las Vegas",45317,0,0
268,"Hawaii",74219,1,4
534,"Washington",63038,1,3
615,"Chicago",169828,1,3
603,"Washington",101346,0,0
465,"Las Vegas",57948,1,1
299,"Miami",112406,1,5
294,"Hawaii",62610,1,1
487,"Miami",190122,1,5
639,"Las Vegas",92111,0,0
243,"Las Vegas",30811,1,2
540,"New York",50144,0,0
215,"Miami",88288,1,1
486,"Las Vegas",176403,0,0
229,"New York",95980,1,2
534,"Hawaii",179453,1,5
212,"Washington",191911,1,1
335,"Las Vegas",78384,0,0
286,"Miami",111704,1,5
470,"New York",199388,1,5
246,"Hawaii",179004,1,1
588,"Chicago",195064,1,2
635,"Washington",180008,1,1
587,"Las Vegas",153037,1,4
551,"New York",178411,0,0
374,"Las Vegas",150632,1,5
381,"Miami",190242,1,1
230,"Las Vegas",80090,1,2
355,"Miami",57615,0,0
201,"Chicago",151569,1,1
618,"Hawaii",60414,1,4
525,"Las Vegas",72780,0,0
471,"Las Vegas",102463,1,1
477,"Miami",44531,0,0
299,"Washington",39356,0,0
209,"Miami",25141,0,0
402,"Hawaii",119717,0,0
642,"New York",73003,0,0
433,"Hawaii",119056,0,0
601,"Miami",188557,1,3
405,"Las Vegas",189745,1,4
223,"Miami",121238,1,5
644,"Miami",35227,1,2
292,"Washington",67660,1,2
576,"Las Vegas",190092,1,5
213,"Washington",173655,1,2
525,"New York",135903,1,5
613,"Hawaii",141808,1,3
336,"Miami",175423,1,2
469,"Las Vegas",138645,1,3
623,"Las Vegas",189341,0,0
528,"Las Vegas",144919,0,0
558,"Las Vegas",161670,1,1
416,"New York",139580,0,0
221,"Las Vegas",121760,0,0
418,"Miami",198369,1,4
312,"Hawaii",128086,1,4
252,"Las Vegas",97816,0,0
626,"New York",78136,0,0
202,"Washington",103291,0,0
214,"Washington",110425,1,4
559,"Las Vegas",50455,0,0
348,"Las Vegas",171289,1,4
492,"Miami",105387,1,5
449,"New York",130499,1,5
219,"Chicago",123167,1,5
258,"Miami",114256,0,0
448,"Hawaii",115805,0,0
603,"Las Vegas",55742,0,0
446,"Washington",146303,1,4
332,"Chicago",124816,1,1
618,"Washington",120432,1,3
355,"Washington",31833,0,0
623,"Washington",100955,1,1
225,"Hawaii",45856,0,0
493,"New York",118151,1,5
429,"Chicago",82749,1,1
218,"Miami",199148,1,1
325,"Hawaii",78397,1,1
299,"Washington",83084,1,4
348,"Chicago",46107,0,0
300,"Washington",102489,1,1
386,"New York",192325,0,0
487,"Miami",63811,0,0
592,"New York",181104,1,1
281,"Hawaii",152277,1,5
313,"New York",54650,1,3
371,"Miami",149340,1,2
318,"New York",138673,1,3
312,"Miami",162929,1,5
439,"Las Vegas",195057,1,3
254,"Washington",113245,0,0
484,"Washington",125069,1,4
406,"Miami",198118,1,3
215,"New York",150411,0,0
221,"Las Vegas",99260,1,1
238,"Chicago",169593,1,3
299,"Washington",128817,1,1
433,"Miami",189529,0,0
599,"Hawaii",27291,0,0
564,"New York",106055,1,2
443,"Miami",38647,0,0
462,"Las Vegas",168031,1,5
419,"Las Vegas",172456,1,1
321,"Miami",77144,0,0
437,"New York",167881,1,4
388,"New York",163772,1,1
286,"Chicago",38776,0,0
575,"Miami",56371,0,0
482,"Miami",145423,1,4
550,"New York",75538,1,1
368,"Washington",184149,1,5
256,"Miami",192835,1,1
466,"New York",51689,0,0
577,"Miami",163741,0,0
275,"Washington",43165,0,0
314,"Miami",35727,1,5
397,"Miami",94300,1,3
523,"Miami",73368,0,0
584,"Miami",39394,1,5
400,"Washington",99744,1,2
519,"New York",140023,1,3
395,"Washington",66761,1,3
551,"Miami",145915,0,0
523,"Miami",76283,0,0
248,"Hawaii",76664,0,0
647,"Washington",62186,0,0
499,"Chicago",31943,0,0
419,"Chicago",79687,1,3
576,"New York",36103,0,0
294,"Washington",90336,1,4
296,"Washington",113141,1,4
583,"Hawaii",159871,1,2
335,"Las Vegas",191976,1,5
371,"Chicago",72243,0,0
575,"Miami",69965,1,5
417,"Las Vegas",28800,0,0
406,"Las Vegas",70065,1,1
279,"Chicago",135525,1,1
541,"Miami",93448,0,0
501,"Chicago",79098,0,0
411,"Las Vegas",138295,1,1
234,"Washington",155606,0,0
560,"Washington",53039,1,2
253,"New York",45958,1,5
572,"Washington",166322,1,4
506,"New York",86715,0,0
595,"Miami",31049,1,1
612,"Washington",168744,0,0
604,"New York",96967,1,1
566,"Hawaii",108737,0,0
448,"Las Vegas",174925,1,3
549,"Las Vegas",35683,0,0
622,"Chicago",48369,0,0
227,"Miami",184231,1,4
519,"Washington",92412,0,0
504,"New York",106658,1,3
513,"Miami",101092,1,3
306,"New York",109264,0,0
571,"Las Vegas",49982,0,0
436,"New York",44895,1,3
308,"Las Vegas",73790,1,4
609,"Miami",50628,0,0
536,"Chicago",125427,1,4
228,"Miami",48219,1,3
518,"Miami",142007,1,1
565,"Las Vegas",165737,1,1
588,"Miami",197662,1,2
215,"Washington",153896,1,3
368,"Hawaii",136527,1,3
238,"New York",111331,1,1
227,"Washington",176073,1,1
465,"Hawaii",29865,0,0
285,"Chicago",181129,1,5
627,"Hawaii",73608,0,0
323,"Las Vegas",123119,1,3
329,"Washington",166067,0,0
612,"Chicago",97168,0,0
282,"Washington",137647,0,0
324,"Las Vegas",88404,1,1
421,"Hawaii",170177,1,3
561,"New York",177907,1,1
578,"Miami",160686,0,0
594,"Miami",135389,0,0
561,"New York",49403,0,0
636,"Washington",115480,0,0
409,"New York",26369,0,0
271,"Miami",126984,1,1
579,"New York",29818,0,0
356,"Chicago",80859,1,4
457,"Miami",124205,1,3
501,"Washington",139625,0,0
411,"Washington",152199,0,0
277,"Miami",188474,1,2
433,"Las Vegas",160561,0,0
453,"Las Vegas",167547,0,0
593,"Miami",94557,0,0
362,"Chicago",127672,1,2
296,"Washington",47038,1,4
276,"Washington",31425,0,0
269,"Washington",74941,1,1
516,"Las Vegas",74573,0,0
370,"New York",199929,1,1
506,"New York",166922,1,5
405,"Hawaii",29385,1,3
499,"New York",186275,0,0
523,"Washington",136783,1,2
323,"Las Vegas",35970,0,0
495,"Miami",118805,1,1
382,"New York",75221,0,0
633,"Las Vegas",111147,0,0
564,"Hawaii",45473,1,5
374,"Washington",170470,0,0
214,"Washington",35593,0,0
637,"New York",144142,1,5
290,"Miami",27266,0,0
614,"New York",93629,1,2
557,"Chicago",94828,1,2
559,"Miami",111167,0,0
632,"Hawaii",50231,0,0
480,"Washington",163028,1,3
624,"Las Vegas",33127,1,3
462,"Washington",36040,0,0
623,"Las Vegas",161265,0,0
214,"Washington",134686,1,1
273,"Las Vegas",170340,0,0
229,"Miami",32280,1,2
574,"Chicago",175679,0,0
297,"Chicago",158833,0,0
422,"Las Vegas",154020,1,4
440,"Hawaii",74553,1,3
588,"Las Vegas",100792,0,0
603,"Miami",154632,1,5
447,"New York",135248,1,1
276,"New York",104319,1,3
290,"Miami",80552,1,2
479,"Chicago",176505,1,1
512,"Miami",123891,0,0
207,"Miami",198111,1,3
413,"Washington",37715,0,0
647,"Washington",37852,0,0
349,"Miami",155321,1,3
390,"Miami",100814,0,0
285,"New York",194876,1,5
213,"Hawaii",199618,1,4
556,"Miami",106124,0,0
583,"Miami",80543,1,5
550,"New York",123296,1,4
601,"New York",80759,1,1
355,"Washington",169117,0,0
551,"New York",91832,0,0
602,"Hawaii",129768,1,4
571,"Washington",186272,1,1
466,"Las Vegas",136440,1,3
387,"Las Vegas",48897,1,2
593,"Hawaii",112815,1,4
608,"Hawaii",63312,0,0
464,"Las Vegas",91177,1,4
383,"New York",64672,0,0
329,"Las Vegas",52173,1,5
213,"Washington",142483,0,0
300,"Miami",113344,1,5
637,"Las Vegas",45134,0,0
330,"Hawaii",91332,1,3
598,"New York",175070,1,1
542,"Miami",148388,1,3
546,"Las Vegas",72823,0,0
222,"New York",77575,0,0
246,"Hawaii",49541,1,3
627,"Las Vegas",91539,1,2
570,"Las Vegas",47624,0,0
312,"Miami",192146,1,2
401,"Hawaii",48317,0,0
356,"Hawaii",35533,0,0
596,"Hawaii",27265,0,0
436,"Washington",46350,1,5
639,"New York",139766,0,0
555,"Miami",64953,0,0
338,"New York",106616,1,3
575,"New York",76667,0,0
516,"New York",162050,1,2
324,"New York",124878,1,4
611,"New York",88221,0,0
314,"Washington",107192,1,1
589,"Miami",63971,0,0
239,"New York",176183,1,3
434,"Washington",153568,1,1
201,"Washington",58378,0,0
328,"Las Vegas",146504,1,3
429,"Las Vegas",126849,1,1
531,"Chicago",78316,1,2
257,"Washington",30523,0,0
539,"Washington",32057,1,1
292,"Chicago",90408,1,5
292,"Miami",36197,1,2
222,"New York",76636,1,1
226,"New York",93823,1,3
459,"Hawaii",184100,1,2
520,"Las Vegas",194889,1,3
587,"Chicago",105303,0,0
421,"Chicago",125389,0,0
577,"Miami",165928,1,2
302,"Chicago",30136,0,0
488,"Hawaii",169594,1,5
426,"Miami",67666,0,0
312,"Chicago",62416,0,0
579,"Miami",40048,0,0
394,"Chicago",61521,1,1
476,"Las Vegas",144557,1,1
228,"Miami",113794,1,4
389,"Washington",45871,0,0
202,"New York",195561,1,3
308,"Las Vegas",177666,1,1
551,"Miami",97681,0,0
434,"Las Vegas",134996,1,3
428,"Hawaii",125540,1,5
381,"Washington",199999,1,2
590,"Washington",56998,0,0
431,"Miami",74554,0,0
573,"Miami",32943,0,0
557,"Las Vegas",96486,1,1
283,"Hawaii",69262,1,1
582,"Hawaii",163040,1,3
261,"Chicago",37316,1,2
236,"Chicago",137638,1,3
563,"New York",123700,1,4
518,"Chicago",63032,0,0
206,"Miami",78214,1,4
359,"New York",152821,1,5
537,"Miami",134654,1,3
528,"Las Vegas",96876,1,4
211,"Las Vegas",67456,1,5
207,"Miami",89350,0,0
221,"Chicago",53723,1,5
648,"New York",42379,0,0
480,"Washington",42663,0,0
418,"Washington",67151,1,1
328,"Las Vegas",100532,1,1
388,"New York",195207,1,3
451,"Las Vegas",149170,1,1
473,"Washington",58047,1,3
484,"Las Vegas",39951,0,0
284,"Chicago",108133,0,0
273,"Miami",41577,0,0
430,"Las Vegas",43350,0,0
334,"New York",89544,1,5
500,"Washington",65028,0,0
459,"Miami",64472,1,1
366,"Las Vegas",190068,1,2
481,"New York",138354,0,0
570,"Washington",166967,1,5
453,"Miami",179305,1,2
344,"Miami",120494,1,5
323,"Miami",182273,1,3
524,"Miami",107012,1,3
274,"Miami",49111,0,0
378,"Miami",38702,1,3
520,"New York",92187,1,5
217,"Washington",142634,1,1
399,"Las Vegas",54586,1,5
480,"Chicago",190079,0,0
380,"Miami",42877,1,2
446,"Washington",121069,1,2
394,"Las Vegas",146831,1,2
548,"Miami",86463,1,3
205,"Las Vegas",41939,1,4
626,"Las Vegas",58731,0,0
473,"Las Vegas",167649,1,5
431,"New York",133202,1,5
200,"Hawaii",66547,1,5
601,"New York",122848,0,0
235,"New York",149272,1,4
432,"New York",51836,1,2
337,"Miami",48433,1,1
337,"Chicago",197488,0,0
481,"New York",143655,1,5
342,"Las Vegas",63291,0,0
603,"Washington",90853,1,4
575,"Washington",71120,0,0
248,"Las Vegas",46657,0,0
432,"Washington",45916,1,3
626,"Chicago",197864,1,1
550,"Washington",63181,0,0
245,"Las Vegas",141853,1,3
445,"Miami",129566,1,2
346,"Las Vegas",121379,0,0
278,"Washington",113570,1,4
390,"Washington",158278,1,2
447,"Miami",32005,1,3
546,"Washington",175433,0,0
281,"Washington",184103,1,4
562,"Chicago",79695,0,0
210,"Washington",117819,1,1
475,"Washington",68933,1,4
284,"Miami",75480,1,3
375,"Miami",50001,0,0
232,"New York",101187,0,0
578,"Hawaii",31860,1,3
252,"New York",164650,1,3
393,"New York",90759,0,0
305,"Las Vegas",79757,1,1
368,"New York",145467,0,0
554,"Washington",134735,1,5
633,"Hawaii",43610,0,0
352,"Hawaii",139672,1,5
585,"Las Vegas",69618,0,0
344,"New York",152716,1,5
498,"New York",121966,0,0
259,"New York",134598,1,5
575,"Hawaii",74295,1,2
398,"Miami",131856,1,1
571,"Hawaii",129278,1,1
574,"Washington",178032,1,2
285,"Hawaii",46236,0,0
552,"Las Vegas",143497,0,0
595,"Las Vegas",62744,0,0
549,"Miami",120040,1,4
572,"Chicago",53062,0,0
504,"New York",165264,1,5
641,"New York",146842,1,5
253,"New York",123189,1,2
575,"Chicago",35353,1,2
472,"Washington",66058,0,0
569,"New York",40108,0,0
322,"New York",138124,1,4
237,"Chicago",162293,1,2
392,"Chicago",160472,1,5
572,"Washington",136655,0,0
595,"Las Vegas",76664,0,0
440,"Miami",117390,0,0
439,"Las Vegas",138918,1,4
379,"Miami",70224,0,0
494,"Washington",29474,0,0
546,"New York",147265,1,5
504,"Washington",164412,0,0
593,"Miami",140509,0,0
516,"New York",148699,0,0
536,"Las Vegas",134751,0,0
264,"Miami",127368,1,4
330,"Las Vegas",166256,1,5
492,"Hawaii",80652,0,0
505,"Miami",49522,0,0
560,"Miami",35106,0,0
419,"Hawaii",147317,1,5
275,"Washington",163056,1,3
335,"Washington",169233,1,4
336,"Hawaii",63393,1,5
375,"Washington",192919,0,0
209,"Washington",190046,1,3
609,"Las Vegas",137066,0,0
474,"Las Vegas",104501,0,0
491,"Chicago",105632,0,0
402,"New York",84146,0,0
368,"Hawaii",76084,1,2
258,"Chicago",117475,0,0
491,"Las Vegas",25911,0,0
345,"Miami",29383,0,0
496,"Chicago",181994,1,5
234,"Washington",52534,0,0
344,"Chicago",76378,1,2
566,"Miami",161978,0,0
306,"Miami",156900,1,5
300,"New York",169915,1,5
448,"New York",51289,0,0
516,"New York",128753,1,5
315,"Miami",102922,0,0
378,"New York",160552,1,4
535,"New York",50626,1,5
501,"New York",128464,0,0
356,"Hawaii",54229,1,5
317,"Las Vegas",101986,1,2
496,"New York",109730,1,2
566,"Washington",100068,1,2
442,"Miami",89833,1,1
409,"Washington",75084,1,4
446,"Miami",164286,1,5
505,"Miami",130804,1,1
507,"Las Vegas",166233,1,3
507,"Miami",129393,1,3
612,"Las Vegas",169403,1,1
548,"Miami",33533,0,0
487,"Hawaii",191869,0,0
438,"Miami",40410,1,4
561,"New York",98523,0,0
500,"Hawaii",136862,1,5
304,"Las Vegas",98798,1,4
330,"Las Vegas",112874,1,4
351,"New York",38828,1,1
207,"Chicago",192634,1,1
590,"Las Vegas",88468,0,0
571,"Hawaii",97274,0,0
555,"New York",138882,0,0
438,"Hawaii",52336,0,0
473,"Washington",167627,1,3
294,"Las Vegas",170529,1,3
274,"Miami",94609,1,1
281,"Miami",190531,1,4
564,"Miami",109086,1,2
414,"New York",194680,1,5
400,"Las Vegas",129672,1,4
213,"Miami",164947,1,4
539,"Hawaii",29239,1,4
604,"Miami",50799,0,0
334,"Miami",195812,1,3
384,"Miami",54782,0,0
222,"Las Vegas",32466,1,4
440,"New York",45260,0,0
246,"New York",63107,1,2
500,"Miami",152290,1,4
291,"Hawaii",174751,1,1
222,"Las Vegas",99131,1,1
312,"Washington",132090,1,5
627,"Miami",191738,1,5
298,"Washington",40817,1,4
631,"Las Vegas",50187,0,0
210,"Las Vegas",165822,1,2
226,"Miami",146636,0,0
646,"Hawaii",105446,0,0
246,"Las Vegas",165424,1,2
277,"Hawaii",166083,1,3
480,"Hawaii",163808,1,4
618,"Miami",38716,0,0
546,"Chicago",118871,1,1
291,"Hawaii",114420,1,3
202,"New York",33403,1,5
447,"Hawaii",32195,1,1
648,"New York",53740,1,5
478,"Hawaii",163556,1,1
277,"New York",170536,1,4
286,"Las Vegas",105606,1,2
381,"Washington",61860,0,0
322,"New York",176856,0,0
418,"Las Vegas",176636,1,2
392,"Miami",108460,1,1
355,"New York",40957,1,1
648,"Chicago",33908,0,0
319,"New York",89319,1,4
219,"Hawaii",85478,1,3
435,"Miami",161872,0,0
498,"Miami",148623,1,3
615,"Miami",146636,1,5
597,"New York",191964,1,3
609,"Miami",129569,1,1
412,"New York",34238,1,2
239,"New York",80592,1,2
594,"Hawaii",115324,1,3
341,"Washington",75295,0,0
294,"Chicago",39051,1,2
632,"New York",132271,0,0
262,"Chicago",115342,0,0
623,"Hawaii",64139,0,0
319,"Miami",135592,0,0
269,"New York",140888,1,2
336,"Chicago",97731,1,1
636,"Miami",45024,1,2
251,"Las Vegas",153167,1,4
273,"Hawaii",164229,1,3
584,"Las Vegas",197595,0,0
319,"Chicago",151242,1,1
640,"Washington",67714,0,0
461,"Washington",137596,0,0
345,"Chicago",53936,0,0
391,"Las Vegas",74997,1,3
582,"Chicago",142605,0,0
214,"Chicago",182875,1,3
235,"Chicago",121952,1,2
249,"Chicago",180751,1,5
414,"New York",57899,0,0
557,"Las Vegas",155508,1,4
453,"Chicago",147086,1,3
203,"Las Vegas",112457,1,3
230,"New York",36879,1,1
503,"New York",197361,1,3
243,"Miami",97415,1,3
235,"Hawaii",74424,1,1
557,"Miami",43523,1,3
397,"Washington",85371,1,2
261,"Miami",197017,1,4
418,"Chicago",29461,0,0
567,"Las Vegas",63207,0,0
603,"Miami",164822,0,0
279,"Miami",63946,0,0
343,"Miami",137262,1,2
534,"Las Vegas",124981,1,2
332,"New York",88343,0,0
363,"Las Vegas",195445,1,2
560,"Las Vegas",137851,1,5
524,"Miami",147142,0,0
355,"Chicago",154539,1,2
337,"Washington",54760,1,3
510,"Miami",139394,0,0
236,"Las Vegas",193622,1,5
582,"Miami",72231,0,0
336,"Hawaii",130400,1,1
303,"Hawaii",73293,0,0
473,"Hawaii",89897,0,0
548,"Washington",130978,1,3
606,"Las Vegas",92318,1,2
360,"Las Vegas",36664,0,0
580,"Miami",90940,0,0
507,"New York",44487,0,0
497,"Miami",187779,1,2
351,"Chicago",144482,1,5
313,"Miami",128769,1,2
627,"New York",52259,0,0
331,"Hawaii",86124,1,3
579,"Miami",77077,1,5
530,"New York",154284,1,4
390,"Hawaii",190496,0,0
461,"Hawaii",190151,1,4
202,"Chicago",127135,1,1
289,"Miami",40898,1,5
606,"Las Vegas",146056,0,0
489,"New York",94318,1,3
393,"Washington",194187,1,4
440,"Washington",92519,1,3
241,"Las Vegas",123904,0,0
614,"New York",128075,1,5
446,"New York",64967,0,0
325,"Miami",68180,0,0
429,"New York",160813,1,5
280,"New York",52486,1,3
345,"New York",56351,1,1
304,"Washington",198597,1,1
582,"Las Vegas",79190,1,1
490,"Miami",154084,0,0
290,"New York",108284,1,3
479,"Las Vegas",50729,1,3
458,"New York",109387,1,1
332,"Miami",25146,0,0
247,"New York",157530,1,2
289,"Las Vegas",177791,1,5
491,"New York",58180,1,2
270,"New York",152556,1,5
481,"Hawaii",132703,1,4
385,"Miami",70700,1,3
231,"Miami",199604,1,3
412,"Hawaii",148362,1,4
360,"Washington",53830,0,0
589,"New York",177403,0,0
540,"Miami",156766,1,4
628,"Las Vegas",108631,0,0
598,"New York",70016,1,1
371,"Chicago",31629,0,0
519,"Miami",160922,0,0
528,"Washington",44765,1,3
363,"Washington",189806,1,2
429,"Hawaii",114012,1,5
644,"Washington",69611,0,0
217,"Miami",135102,1,5
344,"New York",47222,0,0
459,"Washington",138769,1,1
256,"Miami",77419,1,5
394,"New York",160719,1,5
313,"Chicago",113086,0,0
593,"Las Vegas",53231,0,0
610,"Washington",158101,1,2
447,"Hawaii",82586,0,0
355,"Hawaii",64508,0,0
512,"New York",67020,1,4
515,"New York",106260,0,0
576,"Las Vegas",154522,1,4
627,"New York",166696,1,3
634,"Washington",124509,0,0
365,"Miami",63383,1,5
303,"Miami",51319,0,0
316,"New York",68590,1,2
469,"Washington",86472,1,5
340,"New York",114812,1,4
286,"Las Vegas",137821,1,2
649,"Hawaii",41970,0,0
201,"Washington",69945,1,5
298,"Miami",154939,1,1
231,"Chicago",166703,0,0
481,"Las Vegas",127687,0,0
541,"New York",64285,0,0
565,"New York",93622,0,0
608,"Miami",35096,0,0
258,"Las Vegas",166810,1,1
306,"Hawaii",93603,1,1
499,"Las Vegas",188471,1,1
481,"Las Vegas",50088,0,0
574,"Chicago",35616,1,5
343,"Las Vegas",182375,1,1
422,"Las Vegas",101376,1,1
464,"Miami",136423,1,2
296,"New York",93683,1,3
337,"Washington",126325,1,3
390,"Washington",164832,1,4
513,"Miami",35725,1,2
490,"New York",164993,1,3
536,"Washington",172083,1,4
338,"Las Vegas",113099,1,3
635,"Hawaii",182398,1,3
540,"New York",71670,0,0
591,"Hawaii",140910,1,1
381,"Miami",56625,1,3
259,"Chicago",83440,1,5
315,"Hawaii",195163,1,4
262,"New York",53968,0,0
620,"Washington",112846,1,3
343,"Miami",32851,1,1
233,"Las Vegas",114350,1,3
408,"Chicago",29230,0,0
482,"Miami",29307,0,0
433,"New York",61490,1,2
378,"Washington",96207,1,5
294,"New York",71972,0,0
406,"New York",185763,1,3
226,"Hawaii",77549,1,5
407,"New York",99344,1,1
638,"Miami",150940,0,0
293,"Miami",71555,1,5
584,"Hawaii",32543,0,0
318,"Hawaii",97002,1,4
217,"Chicago",78835,1,1
337,"Miami",153451,1,5
502,"New York",93869,0,0
572,"New York",44587,0,0
519,"Hawaii",103601,0,0
575,"Miami",27422,0,0
273,"Washington",198756,1,4
551,"Washington",113879,1,4
399,"Washington",193671,1,5
570,"Hawaii",132247,1,2
344,"New York",192636,1,5
644,"Miami",92194,1,2
444,"Washington",66387,0,0
649,"New York",159671,0,0
529,"Hawaii",44998,0,0
347,"Washington",153442,1,3
247,"Las Vegas",85717,1,4
219,"Washington",82143,0,0
427,"Washington",112117,0,0
518,"Miami",133983,1,3
461,"Chicago",179314,1,5
305,"Hawaii",151200,1,3
554,"Las Vegas",46972,1,5
490,"Miami",105676,1,4
297,"Miami",186226,1,1
257,"New York",130294,1,2
218,"Hawaii",98863,1,2
512,"Washington",169696,1,1
300,"Chicago",84328,1,3
250,"Washington",172800,1,4
582,"Hawaii",69437,0,0
638,"Miami",154389,0,0
555,"Miami",100041,1,3
281,"Las Vegas",158549,1,5
418,"New York",64322,0,0
591,"Miami",185976,1,1
364,"Miami",196142,0,0
279,"New York",175389,1,5
464,"Hawaii",130796,1,2
495,"Washington",56451,0,0
205,"Hawaii",183574,1,3
347,"Washington",46694,0,0
373,"New York",126041,1,4
538,"Las Vegas",123860,1,3
468,"Miami",117559,0,0
609,"Miami",116343,1,3
239,"Washington",173282,1,2
631,"Miami",120796,1,1
480,"Las Vegas",187425,1,2
466,"Miami",114828,1,3
570,"Miami",68582,0,0
261,"Miami",43188,1,2
513,"New York",32552,1,2
303,"Washington",195270,1,3
206,"Washington",92224,1,4
639,"New York",188051,1,4
413,"Chicago",40208,1,1
448,"New York",199698,1,3
549,"Chicago",137800,1,2
350,"Hawaii",179417,1,2
504,"Hawaii",161127,1,3
513,"Miami",131332,1,3
339,"Miami",28208,0,0
235,"Washington",81369,1,3
564,"Miami",122731,1,3
352,"Hawaii",61926,0,0
583,"New York",71368,0,0
292,"Miami",98046,0,0
576,"Chicago",69731,0,0
203,"Miami",61677,1,4
294,"Miami",87099,1,1
507,"Las Vegas",129064,1,4
537,"Las Vegas",155043,0,0
333,"New York",139683,1,2
511,"Washington",41875,0,0
465,"Chicago",27298,0,0
456,"Chicago",167932,1,1
562,"Hawaii",91223,0,0
500,"New York",182180,1,4
417,"New York",178871,1,2
470,"Washington",194806,1,5
580,"Washington",179836,1,5
647,"Washington",154099,1,2
280,"Las Vegas",88757,1,5
506,"Miami",157465,1,1
430,"Miami",145958,1,4
311,"Hawaii",171830,1,2
271,"New York",129114,1,5
582,"Hawaii",67878,0,0
606,"Hawaii",169139,1,5
517,"Miami",80788,0,0
554,"Las Vegas",190987,1,1
399,"Miami",198596,1,5
250,"Hawaii",115554,1,2
468,"Washington",71964,1,3
533,"Miami",190321,1,3
269,"Las Vegas",103515,0,0
498,"Hawaii",173474,1,2
278,"Washington",62527,1,1
534,"Miami",104894,0,0
650,"Miami",80759,1,3
643,"Chicago",169934,0,0
443,"Chicago",77401,1,5
295,"Washington",34840,1,3
513,"Las Vegas",61960,1,5
473,"New York",187977,1,5
396,"Washington",36395,1,3
556,"Miami",112796,1,5
276,"Hawaii",178146,1,2
398,"Las Vegas",74396,1,4
240,"Chicago",168885,1,4
358,"Miami",152787,1,5
334,"Hawaii",70950,0,0
486,"New York",123845,1,3
351,"Miami",71710,1,1
558,"New York",125807,1,3
478,"Miami",70837,1,3
253,"Las Vegas",61682,0,0
588,"Chicago",188976,1,1
395,"New York",94318,1,2
389,"New York",118141,1,5
378,"New York",155964,1,3
637,"Miami",196038,1,4
434,"New York",182584,1,2
385,"Washington",49593,0,0
624,"Hawaii",39350,0,0
553,"Washington",34933,0,0
291,"New York",151180,1,1
285,"Miami",166867,1,5
401,"Miami",34706,0,0
325,"Chicago",183155,1,3
228,"New York",148477,1,4
339,"Miami",194857,1,3
318,"New York",166759,1,2
436,"Miami",61975,0,0
397,"Washington",113157,1,3
238,"New York",29866,0,0
353,"Chicago",113702,1,1
214,"Las Vegas",80957,1,2
324,"New York",118919,1,3
618,"Las Vegas",173791,0,0
487,"Washington",90680,0,0
621,"New York",47273,0,0
414,"Las Vegas",176485,1,1
565,"Miami",116834,1,3
309,"Las Vegas",46598,1,1
450,"New York",132808,1,3
258,"Miami",147012,1,2
239,"Washington",195610,1,2
541,"Miami",110758,1,4
207,"Miami",175049,1,1
259,"Miami",45995,0,0
345,"Miami",116183,1,2
560,"Hawaii",194640,1,3
609,"Hawaii",131860,0,0
408,"New York",61091,1,4
242,"Hawaii",108572,1,3
496,"Washington",42048,0,0
553,"Hawaii",169268,1,5
226,"Miami",67115,1,2
590,"Miami",119913,1,3
419,"Miami",127419,1,3
257,"Miami",151362,1,4
460,"Miami",47238,1,1
627,"Miami",185546,1,5
634,"Hawaii",141467,0,0
550,"Miami",194337,1,1
581,"Miami",78764,1,1
610,"New York",193017,1,2
353,"Chicago",57776,0,0
529,"Las Vegas",48149,0,0
643,"Washington",141006,1,3
415,"Hawaii",115463,0,0
242,"Hawaii",60634,1,2
589,"Miami",196319,1,4
495,"New York",71012,0,0
408,"Washington",38564,0,0
484,"Hawaii",58326,1,1
535,"Washington",197054,1,4
585,"Chicago",125771,1,2
418,"Hawaii",57749,1,4
514,"New York",194429,1,1
632,"Hawaii",160865,1,5
413,"Miami",140410,0,0
365,"Washington",54428,0,0
348,"Washington",196864,1,3
320,"Hawaii",35421,0,0
241,"Chicago",97489,1,4
482,"Washington",71119,0,0
597,"Miami",185548,1,4
554,"Miami",116766,1,3
421,"Las Vegas",56934,0,0
440,"Miami",69764,1,5
322,"Washington",34287,1,1
597,"Chicago",159754,0,0
570,"New York",115216,0,0
249,"Hawaii",141825,1,5
555,"Miami",156065,1,4
474,"Las Vegas",111340,1,1
475,"New York",74028,0,0
319,"New York",130832,0,0
222,"New York",61315,1,3
327,"Washington",91890,1,2
508,"Las Vegas",110257,1,5
219,"New York",81319,0,0
648,"Las Vegas",60880,0,0
389,"Miami",121702,1,5
231,"Miami",74327,1,4
361,"Miami",44878,0,0
325,"Hawaii",143688,1,3
529,"Miami",162899,1,2
593,"Las Vegas",52920,0,0
556,"Las Vegas",62600,0,0
454,"Washington",179034,1,4
638,"Hawaii",189623,1,5
503,"Chicago",179909,1,4
476,"Hawaii",127344,1,4
484,"New York",33394,1,4
467,"New York",139276,1,1
360,"Miami",104959,0,0
604,"Las Vegas",92031,0,0
525,"New York",84481,1,1
365,"Miami",94891,1,1
468,"New York",194769,1,3
299,"New York",137564,1,1
265,"Las Vegas",160985,1,5
597,"New York",36671,0,0
219,"Miami",110128,1,4
477,"Hawaii",80432,1,4
420,"Washington",67459,1,4
223,"Miami",66452,0,0
206,"Washington",90874,1,5
533,"Chicago",46180,1,4
333,"Hawaii",100855,1,5
455,"Las Vegas",35321,0,0
408,"Washington",172252,0,0
270,"Hawaii",99920,0,0
647,"Miami",108242,0,0
492,"Washington",74920,0,0
202,"Las Vegas",98593,1,4
256,"New York",191400,1,2
577,"Hawaii",193919,1,4
217,"Miami",185080,1,5
307,"Las Vegas",108265,0,0
231,"Miami",135820,1,5
211,"Las Vegas",27107,1,2
643,"Miami",141062,1,2
247,"Hawaii",115097,1,5
506,"Miami",73901,0,0
524,"Hawaii",198626,1,1
262,"Miami",73822,1,2
389,"Miami",150494,1,4
260,"Las Vegas",30351,1,5
434,"Las Vegas",133538,1,2
416,"Miami",90595,0,0
355,"Las Vegas",178954,1,4
643,"Miami",107658,1,3
401,"Hawaii",78500,0,0
553,"New York",102314,0,0
231,"Las Vegas",136290,1,2
514,"New York",139532,1,2
565,"Washington",69904,0,0
371,"New York",33238,0,0
598,"New York",149119,1,1
293,"Las Vegas",53231,1,5
540,"Hawaii",154932,1,5
412,"Las Vegas",112281,1,2
248,"Miami",193352,1,5
620,"Las Vegas",147774,0,0
368,"Hawaii",109235,0,0
484,"New York",148378,1,2
526,"Washington",75813,1,4
224,"Washington",49148,1,1
514,"Las Vegas",191195,1,2
326,"New York",170945,1,1
206,"Miami",148254,1,2
443,"New York",135805,1,2
229,"Las Vegas",64498,1,4
313,"Chicago",93295,1,1
301,"New York",165938,1,5
229,"New York",46225,1,3
214,"Las Vegas",44747,0,0
562,"Miami",107400,0,0
561,"Washington",46316,0,0
479,"Chicago",47310,1,1
357,"Miami",41183,1,5
326,"Hawaii",49030,0,0
572,"Washington",32584,0,0
628,"Las Vegas",92871,1,3
396,"Hawaii",116008,1,4
370,"Chicago",172757,1,2
607,"Miami",44461,0,0
323,"Miami",163712,1,3
201,"Las Vegas",144282,1,5
208,"New York",115041,1,4
304,"Miami",183281,1,2
376,"Miami",77775,0,0
569,"Las Vegas",74808,0,0
423,"Las Vegas",142877,0,0
480,"Las Vegas",46394,0,0
231,"Miami",115203,1,2
379,"Las Vegas",140323,1,1
348,"Washington",135031,1,5
620,"Las Vegas",62646,1,5
617,"Hawaii",127621,0,0
358,"New York",185605,1,3
628,"Hawaii",142593,1,4
648,"Las Vegas",40171,1,3
436,"New York",53690,0,0
420,"New York",131850,1,5
638,"Miami",153292,1,5
292,"Las Vegas",140208,1,2
421,"New York",181743,1,3
397,"Las Vegas",70494,0,0
570,"Hawaii",104231,1,2
542,"Washington",84315,0,0
616,"New York",63962,0,0
605,"Hawaii",161889,1,1
217,"New York",107859,0,0
576,"Miami",57755,0,0
241,"New York",104859,1,1
284,"Miami",63086,0,0
359,"Miami",92365,0,0
212,"Hawaii",77601,1,3
306,"Washington",152807,1,5
521,"Miami",40264,1,2
506,"Washington",165699,1,1
446,"New York",99296,0,0
567,"Las Vegas",128396,1,5
631,"Washington",132876,1,2
225,"Las Vegas",62081,0,0
487,"Las Vegas",67077,1,3
525,"Hawaii",99054,1,5
615,"Miami",48281,1,1
627,"Miami",49237,1,5
384,"Las Vegas",141255,1,3
631,"Las Vegas",138059,1,5
418,"Miami",91744,1,4
544,"New York",27770,0,0
392,"New York",108649,0,0
584,"Hawaii",184940,1,2
622,"Las Vegas",118409,0,0
600,"Miami",175757,1,1
546,"Hawaii",101612,1,1
517,"Chicago",167277,1,3
315,"Chicago",129731,1,2
303,"New York",142015,1,4
443,"Chicago",32141,1,2
337,"Chicago",118665,1,1
288,"Las Vegas",30451,1,4
455,"Miami",161534,1,3
202,"Chicago",72655,1,2
372,"Las Vegas",84145,0,0
309,"Hawaii",68167,0,0
387,"Chicago",45599,1,3
346,"Miami",97283,1,2
227,"Miami",117116,0,0
328,"Miami",159925,1,3
362,"New York",164757,1,5
561,"New York",92429,1,5
508,"New York",158193,1,3
228,"Chicago",97612,1,5
509,"Chicago",93178,1,3
369,"Las Vegas",168242,1,5
220,"Las Vegas",70359,0,0
480,"Las Vegas",154571,1,1
295,"Chicago",76642,1,2
447,"Miami",125715,1,3
315,"Las Vegas",117776,0,0
321,"Las Vegas",99094,1,3
357,"Chicago",175264,1,3
600,"Las Vegas",174485,1,4
552,"Hawaii",104751,0,0
648,"Hawaii",104068,1,5
598,"New York",183717,1,5
430,"Las Vegas",198794,1,5
221,"New York",107703,1,5
451,"Hawaii",187649,1,2
409,"New York",178150,1,1
611,"Miami",96667,0,0
296,"Las Vegas",191301,1,3
548,"Miami",75449,0,0
626,"Las Vegas",56087,1,5
519,"Las Vegas",177196,1,4
564,"Las Vegas",93935,0,0
248,"New York",90600,0,0
220,"Chicago",191728,1,4
351,"Hawaii",33748,1,2
613,"Miami",39513,0,0
244,"Washington",68768,0,0
527,"Hawaii",101671,1,5
275,"New York",197248,1,3
228,"Washington",149769,1,1
267,"Miami",186585,1,5
600,"Miami",93406,0,0
567,"New York",60175,1,1
526,"Las Vegas",97131,1,4
226,"New York",78107,1,5
594,"Miami",60621,1,5
473,"Washington",109251,1,2
259,"Miami",67768,1,4
355,"Washington",163214,1,3
455,"Chicago",97208,1,5
474,"Las Vegas",108420,0,0
467,"Chicago",141779,1,2
249,"Washington",156744,0,0
579,"Washington",49973,0,0
549,"Washington",105728,1,2
571,"New York",103901,0,0
476,"Washington",146722,0,0
489,"Miami",29078,1,4
538,"Las Vegas",150921,1,4
488,"Miami",48723,0,0
299,"New York",148124,1,4
370,"Miami",28066,1,2
270,"Las Vegas",155430,0,0
605,"New York",184195,1,3
223,"Chicago",102686,1,2
514,"Chicago",48681,1,4
324,"Las Vegas",35859,1,1
648,"Chicago",120382,1,3
292,"Hawaii",161026,1,2
497,"Miami",191646,1,1
444,"Chicago",147661,1,5
409,"New York",50641,1,3
386,"Miami",55239,1,1
499,"Miami",130706,0,0
510,"Las Vegas",124223,1,1
218,"Miami",147955,1,3
527,"Miami",114738,0,0
561,"Hawaii",87496,1,3
426,"Washington",114665,1,3
451,"Hawaii",68539,0,0
545,"New York",126422,1,4
207,"Washington",68872,1,3
608,"Las Vegas",139014,0,0
357,"New York",178447,1,4
529,"Hawaii",65821,1,3
490,"Chicago",42580,1,4
578,"New York",173577,1,3
545,"New York",199528,1,3
618,"Washington",90215,0,0
553,"Miami",58162,0,0
485,"New York",121834,0,0
233,"Miami",177251,1,5
417,"New York",53086,1,3
373,"Miami",27547,0,0
516,"Las Vegas",42625,1,5
594,"Miami",47226,0,0
506,"Miami",126733,1,4
269,"New York",158577,1,3
448,"Las Vegas",44884,1,3
534,"Miami",34609,0,0
323,"New York",46465,1,2
351,"Hawaii",165872,1,1
526,"Miami",39804,0,0
366,"Hawaii",184583,1,3
292,"Miami",107452,0,0
534,"New York",140294,0,0
324,"Las Vegas",111858,1,3
494,"Hawaii",114133,0,0
377,"Hawaii",122651,1,4
320,"Hawaii",47489,0,0
305,"New York",102117,1,5
510,"Washington",26112,0,0
380,"Washington",28310,0,0
605,"New York",28846,0,0
646,"Las Vegas",116019,0,0
469,"New York",156225,1,5
573,"Chicago",183918,1,5
648,"Washington",116186,0,0
300,"Las Vegas",157192,1,5
579,"Las Vegas",48471,0,0
648,"Chicago",69108,1,3
487,"New York",109941,1,1
322,"Las Vegas",69780,1,4
224,"Hawaii",157730,1,5
464,"New York",175767,1,1
314,"New York",77164,1,3
603,"New York",42749,0,0
526,"Miami",197903,1,2
595,"Washington",193040,1,1
393,"Hawaii",25732,0,0
583,"Hawaii",42750,0,0
464,"Miami",124574,1,3
289,"Miami",78815,1,3
385,"New York",146458,1,5
240,"Chicago",44586,1,4
253,"New York",92608,0,0
614,"Chicago",35160,1,4
597,"Hawaii",52026,1,2
415,"New York",99238,1,4
505,"Hawaii",37608,1,4
470,"Hawaii",129254,1,2
275,"Miami",131251,1,2
504,"Miami",52320,0,0
446,"Chicago",47476,0,0
218,"Las Vegas",195093,1,2
222,"Washington",154316,1,5
403,"Las Vegas",194357,1,3
455,"Las Vegas",92681,0,0
566,"Miami",79904,0,0
526,"Las Vegas",92444,1,1
517,"Hawaii",135679,0,0
513,"Washington",119831,1,4
603,"New York",172127,1,4
322,"Washington",59671,0,0
349,"Miami",44608,0,0
231,"Las Vegas",36573,1,4
411,"Chicago",161460,1,5
633,"New York",166344,1,2
432,"Las Vegas",60331,1,1
342,"Hawaii",59755,1,4
379,"New York",33910,1,1
609,"Las Vegas",168240,1,1
345,"Hawaii",137046,1,4
518,"Miami",90806,0,0
276,"Las Vegas",169333,1,1
606,"Miami",65064,0,0
380,"New York",191021,1,3
589,"Hawaii",171373,1,5
242,"New York",168595,1,2
297,"Washington",167978,1,3
232,"New York",193431,1,2
379,"Washington",26932,0,0
333,"New York",25333,0,0
274,"Las Vegas",41987,0,0
242,"Las Vegas",189039,1,2
249,"Chicago",74533,1,2
645,"Hawaii",178534,1,3
338,"New York",32577,0,0
486,"Miami",83093,1,2
280,"Las Vegas",75631,1,4
568,"New York",164184,1,3
574,"Hawaii",91281,0,0
336,"Hawaii",100560,1,3
515,"Hawaii",45873,1,4
230,"Miami",109575,1,5
566,"New York",85846,0,0
342,"Washington",160371,1,1
550,"New York",45709,0,0
596,"Chicago",76542,0,0
445,"Chicago",129795,1,5
587,"Las Vegas",153288,1,4
331,"Chicago",162172,0,0
291,"Las Vegas",47394,0,0
246,"Las Vegas",111391,1,2
211,"New York",172181,1,5
321,"Hawaii",110736,1,3
363,"Hawaii",193088,1,1
473,"Las Vegas",98570,0,0
373,"New York",117785,1,3
301,"Chicago",129181,1,1
559,"Las Vegas",117568,1,2
308,"Washington",159192,1,5
320,"Miami",66372,1,4
293,"New York",134467,0,0
226,"Chicago",180205,0,0
343,"Las Vegas",147183,1,3
538,"Miami",50056,0,0
553,"Hawaii",104458,1,2
302,"Las Vegas",108776,1,1
286,"New York",174583,1,1
481,"Las Vegas",99830,1,1
279,"Hawaii",45378,0,0
392,"Las Vegas",167937,1,3
427,"Miami",186196,1,1
348,"Miami",88760,1,1
570,"Miami",50968,0,0
479,"Las Vegas",117328,0,0
337,"Miami",74099,1,3
511,"New York",46484,0,0
527,"New York",109742,1,4
279,"Las Vegas",102262,1,5
618,"Las Vegas",105696,0,0
373,"Las Vegas",67847,1,4
297,"New York",140866,1,2
587,"New York",84605,1,4
462,"Miami",36793,0,0
377,"New York",96448,0,0
510,"Hawaii",152821,0,0
230,"New York",165678,1,3
396,"Hawaii",98307,1,5
254,"Hawaii",149619,1,1
327,"Washington",48416,0,0
548,"Washington",93541,1,1
278,"Miami",163859,0,0
346,"Hawaii",41643,0,0
584,"Chicago",192267,1,4
459,"Las Vegas",113415,1,3
560,"New York",113287,0,0
620,"Hawaii",158885,0,0
607,"Las Vegas",40752,0,0
595,"New York",135446,1,2
546,"Chicago",129994,1,2
447,"Washington",174392,1,3
603,"Chicago",199929,0,0
374,"New York",125350,1,2
303,"New York",156728,1,2
480,"Las Vegas",85787,0,0
609,"Hawaii",130286,1,1
323,"Las Vegas",128933,1,2
387,"Chicago",188089,1,4
456,"Las Vegas",39634,1,5
396,"New York",103838,0,0
583,"New York",35562,0,0
494,"Las Vegas",29369,0,0
320,"Las Vegas",142584,1,5
242,"Miami",71711,0,0
574,"Las Vegas",174358,1,5
304,"New York",118438,1,4
565,"Hawaii",55638,0,0
570,"Chicago",128278,1,1
544,"New York",161257,0,0
213,"Las Vegas",185648,1,1
534,"Washington",130691,0,0
349,"New York",106152,0,0
345,"Miami",97578,1,5
508,"Washington",160489,1,3
570,"New York",193812,1,3
250,"New York",157958,1,1
513,"Miami",136874,0,0
360,"Las Vegas",104314,1,2
203,"Las Vegas",36992,1,2
607,"New York",141529,0,0
483,"Hawaii",172049,0,0
214,"Las Vegas",112044,1,5
517,"Hawaii",121701,1,5
372,"Las Vegas",114643,1,4
482,"Washington",187459,1,3
469,"New York",110966,1,5
413,"Las Vegas",123276,1,2
565,"Washington",180285,0,0
528,"Chicago",53691,0,0
550,"New York",198221,0,0
332,"Las Vegas",70762,1,5
448,"New York",62285,1,2
607,"Chicago",188950,1,1
382,"Hawaii",163613,1,1
502,"Washington",115344,0,0
585,"Las Vegas",83011,0,0
345,"Las Vegas",61616,0,0
394,"New York",69437,0,0
562,"Washington",192879,1,4
614,"Hawaii",38535,0,0
609,"Chicago",72351,0,0
637,"Las Vegas",57074,1,4
298,"Chicago",108645,0,0
343,"Miami",79190,1,4
283,"Washington",117691,0,0
345,"New York",74516,0,0
297,"New York",118920,0,0
424,"Chicago",177183,1,2
213,"Chicago",94926,1,3
202,"New York",130052,1,4
384,"Miami",131152,1,2
444,"Las Vegas",96222,0,0
222,"Las Vegas",156668,1,4
306,"Las Vegas",139710,1,5
599,"New York",55369,0,0
402,"Hawaii",137142,1,2
500,"Las Vegas",116086,1,1
528,"Miami",198509,1,5
364,"Miami",168898,0,0
529,"Las Vegas",25746,0,0
271,"Las Vegas",129668,1,5
318,"Washington",158844,1,2
538,"Las Vegas",81479,1,2
595,"New York",76701,0,0
511,"New York",64794,1,4
578,"Las Vegas",189501,0,0
378,"Las Vegas",191961,1,5
555,"New York",199085,0,0
624,"Las Vegas",141461,0,0
636,"New York",118923,0,0
217,"Miami",97354,1,2
404,"New York",59261,0,0
422,"Hawaii",46839,1,1
521,"Miami",176829,0,0
462,"Las Vegas",48965,0,0
535,"Hawaii",124923,1,3
528,"New York",173912,1,5
367,"New York",88168,0,0
266,"Hawaii",170212,1,4
516,"New York",46899,0,0
571,"Washington",47835,1,4
420,"New York",194176,1,3
348,"New York",126143,1,5
509,"Hawaii",76614,0,0
551,"Miami",138552,1,2
361,"New York",107416,1,5
342,"Miami",183949,1,2
331,"Hawaii",117192,1,3
261,"Hawaii",102369,1,5
622,"New York",76772,0,0
246,"Las Vegas",139337,1,3
259,"Las Vegas",141721,1,1
595,"Washington",184659,1,5
325,"Chicago",169187,1,3
431,"Washington",89321,1,3
265,"Miami",153572,1,4
246,"Miami",163865,0,0
284,"New York",30793,1,5
402,"Chicago",197318,1,1
299,"Miami",185233,1,4
299,"New York",107042,1,2
375,"Miami",145799,1,2
240,"Las Vegas",119203,0,0
296,"Las Vegas",182893,0,0
478,"Chicago",62002,1,4
388,"Chicago",39143,0,0
321,"Miami",106145,0,0
562,"Chicago",87814,1,3
288,"Chicago",111354,1,5
415,"Miami",183556,1,3
598,"Las Vegas",112138,1,5
549,"Las Vegas",192631,1,5
458,"Miami",63095,0,0
380,"Miami",156201,1,1
496,"Miami",59794,1,2
205,"Hawaii",52894,1,1
624,"Hawaii",184759,1,1
277,"Hawaii",152135,1,1
463,"Washington",30500,1,5
275,"Las Vegas",109816,1,2
230,"New York",96336,1,2
208,"Chicago",133615,1,5
502,"Hawaii",61864,0,0
539,"Las Vegas",46822,0,0
621,"Miami",26932,0,0
522,"Hawaii",54084,1,1
336,"Miami",148461,0,0
650,"Las Vegas",144860,1,5
648,"New York",149592,1,4
227,"Las Vegas",187361,1,3
468,"Las Vegas",164049,0,0
624,"Miami",40140,0,0
470,"Las Vegas",167728,1,3
578,"New York",176382,1,1
499,"Miami",167987,1,2
515,"Hawaii",154265,0,0
587,"New York",168860,0,0
285,"Hawaii",73150,1,1
271,"New York",175183,1,5
327,"Las Vegas",88437,1,3
615,"Hawaii",91608,0,0
346,"Miami",114972,1,4
622,"Las Vegas",44141,0,0
211,"Las Vegas",90888,1,2
617,"Washington",173365,1,1
534,"Miami",194243,0,0
490,"Miami",125679,1,3
274,"Washington",87987,1,4
203,"New York",63485,0,0
298,"Las Vegas",179832,1,1
425,"Las Vegas",133714,1,5
603,"Las Vegas",118180,0,0
529,"Miami",137953,1,2
260,"Las Vegas",56202,0,0
555,"Hawaii",111369,1,1
607,"New York",197076,1,1
473,"Miami",194571,1,2
604,"New York",132952,0,0
615,"Miami",139511,1,1
613,"Hawaii",53592,0,0
560,"Las Vegas",58195,1,5
553,"Miami",198368,0,0
425,"Chicago",156422,1,4
397,"Las Vegas",145861,1,5
321,"Washington",86978,0,0
550,"Miami",111356,0,0
284,"Chicago",48431,1,4
537,"Las Vegas",54494,0,0
614,"Miami",55584,0,0
264,"New York",127318,0,0
475,"Washington",119916,1,2
309,"Chicago",140884,1,5
611,"New York",37659,0,0
460,"Miami",141785,1,1
212,"Hawaii",76632,1,2
362,"Las Vegas",192485,1,1
313,"Washington",127380,1,5
506,"Washington",196224,1,1
209,"Miami",76007,0,0
399,"Chicago",185610,1,5
522,"Hawaii",198002,1,3
276,"Las Vegas",166491,1,2
555,"New York",153700,1,3
625,"Chicago",85007,0,0
294,"Las Vegas",47363,1,3
614,"New York",112638,0,0
575,"Miami",58627,0,0
298,"Hawaii",152234,1,3
597,"Las Vegas",141624,1,3
292,"Hawaii",197449,0,0
598,"New York",107633,0,0
493,"Washington",64817,0,0
293,"Chicago",147591,1,3
387,"Hawaii",83404,1,3
375,"Chicago",84605,1,1
204,"Las Vegas",46760,0,0
601,"Chicago",25147,1,3
521,"Chicago",118899,0,0
432,"New York",59207,1,1
283,"Miami",49430,0,0
628,"Las Vegas",34495,0,0
391,"Las Vegas",139887,1,1
601,"Chicago",112534,0,0
313,"Miami",112695,1,1
586,"Hawaii",183622,1,2
489,"New York",118044,1,1
267,"Miami",80819,0,0
245,"Washington",119820,0,0
555,"Las Vegas",101524,1,1
506,"Miami",168985,1,3
442,"New York",56801,1,5
208,"Washington",80334,1,3
613,"Miami",148009,0,0
412,"New York",57793,1,4
279,"Las Vegas",114813,1,1
556,"Las Vegas",180067,0,0
437,"Chicago",122094,0,0
227,"Chicago",143868,0,0
490,"Hawaii",87833,1,2
549,"Las Vegas",48850,1,2
510,"New York",60886,0,0
497,"Las Vegas",81674,0,0
364,"Washington",195738,1,4
225,"Chicago",92365,1,4
639,"New York",163626,1,1
217,"New York",38631,0,0
507,"New York",66641,1,2
254,"Miami",54136,0,0
258,"Miami",61008,0,0
497,"Washington",192070,1,5
203,"Las Vegas",187502,1,2
443,"Miami",171255,1,4
443,"Hawaii",164711,1,3
420,"Washington",81840,1,2
554,"New York",48564,0,0
515,"New York",144422,1,5
541,"Las Vegas",64735,0,0
337,"New York",59805,1,5
430,"Hawaii",64290,1,5
241,"Miami",64324,0,0
359,"Miami",132500,1,1
556,"Miami",27004,0,0
368,"New York",117055,1,2
392,"Las Vegas",56009,1,2
554,"New York",68602,0,0
525,"New York",36684,0,0
365,"Chicago",127419,1,1
217,"Chicago",82383,1,5
625,"Washington",44014,0,0
568,"Washington",136443,0,0
334,"Miami",142284,1,4
502,"Hawaii",125793,1,4
638,"Las Vegas",152654,1,5
487,"Miami",127456,0,0
489,"Miami",165536,1,3
285,"Hawaii",126422,1,2
438,"Hawaii",152893,1,2
232,"Chicago",161094,1,1
236,"Hawaii",136448,1,3
476,"Miami",135602,1,1
590,"New York",157228,1,1
624,"Miami",155837,1,5
404,"Las Vegas",45827,0,0
320,"Las Vegas",134176,1,2
306,"Hawaii",119750,1,4
209,"Miami",160268,1,2
261,"New York",194984,1,5
541,"Miami",134489,0,0
424,"New York",139713,1,3
628,"Miami",49584,1,4
345,"Miami",42096,1,3
576,"Miami",46675,0,0
576,"Washington",86222,0,0
346,"New York",64397,0,0
492,"Washington",185390,1,3
422,"Las Vegas",172233,1,2
269,"Chicago",81579,1,3
551,"Miami",113140,0,0
343,"Chicago",181117,1,4
623,"Las Vegas",55846,0,0
418,"Las Vegas",84698,1,5
527,"Washington",172556,1,1
474,"New York",146762,1,3
470,"Miami",164407,1,2
316,"Washington",119698,0,0
648,"Miami",190104,0,0
603,"Las Vegas",87295,1,4
595,"Chicago",134722,1,5
340,"Washington",64297,1,1
335,"Washington",156281,0,0
401,"Miami",71484,0,0
496,"New York",65465,0,0
482,"Chicago",86572,0,0
488,"Hawaii",175700,1,5
460,"Washington",61358,1,3
545,"Hawaii",126117,1,5
299,"Washington",161115,1,5
473,"Miami",191080,1,5
435,"New York",109142,1,1
246,"Las Vegas",30937,1,4
581,"Washington",182108,0,0
232,"Miami",74963,0,0
238,"Las Vegas",123951,0,0
269,"Washington",143723,1,1
305,"New York",45981,1,4
611,"Las Vegas",104998,0,0
612,"Miami",127399,0,0
379,"Chicago",95535,0,0
633,"Chicago",93288,0,0
445,"Hawaii",104879,1,4
506,"Las Vegas",152134,0,0
543,"Las Vegas",25631,1,3
202,"Chicago",187407,1,2
432,"Hawaii",167455,1,4
526,"Hawaii",58397,1,3
450,"Washington",127470,0,0
412,"New York",72213,1,5
212,"Chicago",35067,1,5
556,"Miami",57430,1,1
553,"Chicago",54394,0,0
382,"Miami",171473,1,1
503,"New York",47048,0,0
254,"Hawaii",150244,1,5
511,"Hawaii",86638,0,0
344,"Washington",196973,0,0
327,"New York",169554,1,2
387,"Las Vegas",173769,1,4
211,"Chicago",45764,0,0
299,"Miami",155853,1,3
561,"Washington",182538,1,3
561,"Washington",124307,0,0
203,"Washington",32041,1,3
421,"New York",190408,1,2
278,"Las Vegas",189669,1,2
440,"Chicago",185735,1,4
523,"Washington",83970,0,0
304,"Miami",107497,1,5
281,"Miami",199643,1,3
534,"Miami",27572,1,5
271,"New York",65664,1,3
405,"Hawaii",39573,0,0
363,"Miami",71323,1,3
578,"New York",49143,0,0
516,"Las Vegas",81667,1,4
353,"Las Vegas",99022,1,3
564,"Las Vegas",54259,1,5
359,"Hawaii",168679,1,2
592,"Washington",95112,1,3
402,"Hawaii",123961,1,1
482,"Las Vegas",62001,1,5
258,"Washington",37226,1,4
357,"Las Vegas",145312,0,0
615,"Washington",127380,1,3
523,"Miami",96809,1,2
630,"Washington",161509,1,1
636,"Hawaii",84606,0,0
330,"Las Vegas",96859,1,2
498,"Las Vegas",125772,1,4
487,"Hawaii",138294,1,5
563,"Miami",71000,0,0
465,"Chicago",147281,1,2
429,"Hawaii",25127,1,2
398,"Miami",59539,1,1
590,"Miami",73243,0,0
485,"New York",106987,0,0
628,"Chicago",58775,0,0
481,"Las Vegas",44531,1,1
391,"Hawaii",65112,1,2
340,"Washington",117328,1,1
334,"Las Vegas",128057,1,4
397,"Las Vegas",107629,1,1
483,"Miami",45571,0,0
521,"Miami",103079,1,4
538,"New York",191205,1,2
508,"Miami",179857,1,4
612,"Hawaii",157240,1,4
276,"Miami",197181,1,4
212,"New York",103916,1,2
619,"New York",107838,0,0
541,"Las Vegas",71147,1,2
445,"New York",129941,1,2
491,"New York",162709,0,0
579,"New York",180278,1,5
627,"Las Vegas",137469,1,4
318,"Miami",52832,1,2
574,"Washington",52951,0,0
349,"Hawaii",76498,1,2
509,"New York",180992,1,3
454,"Miami",71256,1,3
212,"Miami",163080,0,0
486,"Las Vegas",71981,0,0
507,"Hawaii",95932,0,0
511,"Washington",163863,1,4
389,"Las Vegas",125095,1,3
517,"Miami",82782,1,3
408,"New York",104423,1,4
288,"New York",39849,1,3
359,"New York",100424,0,0
556,"Miami",76390,0,0
472,"Miami",110595,0,0
383,"Miami",194098,1,1
354,"Las Vegas",79827,1,2
484,"Las Vegas",156713,1,4
226,"Washington",42311,1,4
211,"New York",35536,1,5
338,"Las Vegas",148655,1,3
439,"Miami",103902,1,5
605,"Miami",150636,0,0
428,"Miami",91493,1,3
627,"Las Vegas",59038,0,0
355,"Miami",148427,1,5
371,"New York",177964,1,1
575,"Hawaii",98292,1,2
567,"New York",36174,0,0
348,"Washington",49797,0,0
570,"Washington",44246,0,0
613,"New York",135771,1,2
385,"New York",185520,1,3
357,"Las Vegas",192654,1,3
587,"Washington",109376,0,0
431,"Hawaii",125983,1,1
306,"Hawaii",197354,1,3
326,"Washington",174383,1,4
385,"New York",29441,1,4
529,"Miami",127737,1,2
370,"New York",77963,1,5
540,"Las Vegas",68425,1,4
213,"Washington",155961,1,4
491,"Washington",48696,1,4
291,"New York",163772,1,5
300,"Hawaii",30805,1,1
265,"New York",90718,1,3
276,"Las Vegas",160445,1,3
314,"Las Vegas",161919,1,2
428,"Miami",196174,0,0
347,"New York",178938,0,0
315,"Chicago",141058,1,1
557,"Las Vegas",128068,0,0
333,"Miami",167628,1,4
360,"Washington",190269,1,4
589,"Hawaii",196463,1,1
403,"Miami",107708,0,0
525,"Washington",146853,1,5
504,"Las Vegas",97149,0,0
636,"Chicago",93929,0,0
559,"New York",193919,1,4
530,"Miami",197078,1,1
616,"Las Vegas",94981,1,4
419,"New York",34828,1,2
580,"Hawaii",64229,1,5
245,"Las Vegas",161439,1,3
271,"Washington",113116,1,1
562,"New York",78083,1,4
312,"Chicago",30092,1,2
291,"Hawaii",68114,1,2
602,"New York",105555,1,1
607,"Washington",78659,1,3
437,"Miami",61814,0,0
641,"Hawaii",80665,0,0
401,"Miami",179443,0,0
279,"Washington",96583,1,5
588,"New York",175221,0,0
284,"Miami",143371,1,4
631,"Hawaii",173960,1,3
561,"Miami",101198,1,5
383,"New York",67437,0,0
404,"Hawaii",79565,1,2
496,"Miami",140665,0,0
573,"New York",137447,0,0
573,"New York",64686,1,1
555,"Hawaii",25721,0,0
641,"Washington",49711,0,0
422,"Washington",47421,0,0
610,"Las Vegas",71941,0,0
291,"Hawaii",139955,0,0
556,"Washington",193706,1,5
603,"Washington",78506,0,0
440,"Chicago",189292,1,2
313,"Miami",120006,1,3
258,"Miami",136598,1,3
574,"Hawaii",80188,0,0
338,"New York",182989,1,4
552,"Washington",134369,0,0
648,"Las Vegas",101044,0,0
209,"Chicago",190385,1,3
526,"Miami",171080,1,4
212,"Washington",51982,1,1
346,"Chicago",88621,1,2
292,"Hawaii",57011,1,1
493,"Las Vegas",138153,0,0
627,"New York",40154,0,0
329,"Las Vegas",86349,1,4
335,"Las Vegas",53772,1,3
599,"Las Vegas",91378,1,2
380,"Washington",167614,0,0
468,"Miami",190632,1,1
345,"Las Vegas",158041,1,4
264,"Miami",167918,1,5
202,"Washington",110254,0,0
328,"Miami",103137,1,1
608,"New York",168523,1,5
480,"Chicago",135856,1,3
562,"Las Vegas",69368,1,5
450,"Chicago",146620,0,0
468,"Hawaii",79823,0,0
404,"Washington",175899,1,2
245,"Washington",60335,1,3
414,"New York",166362,1,2
610,"Hawaii",70312,0,0
237,"New York",91844,1,3
533,"Miami",169890,1,5
395,"Hawaii",161736,0,0
530,"New York",162592,1,3
306,"Miami",192839,1,1
555,"Washington",87481,0,0
362,"New York",104097,1,4
445,"Hawaii",116798,1,2
543,"Las Vegas",155477,0,0
535,"Chicago",196548,1,2
589,"Hawaii",57852,1,2
442,"Miami",73265,0,0
648,"New York",155775,1,3
589,"Chicago",143336,1,4
318,"New York",128844,1,5
530,"New York",168220,1,1
529,"Miami",104408,1,3
536,"Hawaii",58753,1,3
400,"Washington",99792,1,5
543,"New York",110551,1,2
425,"New York",102252,0,0
366,"Washington",146899,1,5
368,"Las Vegas",51462,0,0
532,"Miami",36128,0,0
351,"Las Vegas",149920,1,1
585,"Miami",145986,0,0
392,"Miami",122486,1,2
494,"Miami",186357,1,1
302,"Chicago",94439,1,5
279,"Miami",60635,0,0
460,"Washington",105252,1,3
333,"Miami",124217,1,4
486,"Washington",80383,0,0
317,"Hawaii",141100,1,5
439,"Miami",172250,1,2
569,"Washington",190429,0,0
619,"Washington",74223,0,0
496,"Washington",155330,1,3
635,"New York",147943,1,3
341,"Miami",178861,1,5
648,"Hawaii",70521,0,0
594,"Washington",161741,0,0
536,"Las Vegas",142861,1,2
487,"Chicago",188930,1,2
533,"Chicago",47674,0,0
462,"Miami",72793,1,4
456,"Chicago",25813,0,0
413,"Miami",198992,1,3
438,"Las Vegas",156554,1,4
222,"New York",180136,1,3
496,"Las Vegas",54894,0,0
649,"Hawaii",88013,0,0
363,"Washington",129677,0,0
314,"Hawaii",161087,1,5
321,"New York",169763,1,1
396,"Miami",153808,1,1
253,"Washington",73702,1,3
313,"Miami",84177,0,0
385,"Washington",34456,0,0
541,"New York",158157,1,5
481,"Hawaii",147919,1,5
513,"Chicago",58173,0,0
555,"Chicago",98291,1,2
359,"Miami",148232,1,3
251,"Miami",164422,1,1
372,"Las Vegas",86253,1,1
243,"Washington",41173,0,0
217,"Miami",161519,1,4
346,"Miami",81757,0,0
611,"Miami",149984,1,3
398,"Hawaii",69400,1,5
322,"Chicago",63248,1,4
610,"New York",185989,1,5
365,"Miami",42141,1,2
585,"Hawaii",80272,0,0
529,"New York",44462,0,0
556,"Washington",173694,1,4
328,"Las Vegas",163282,0,0
638,"New York",97394,0,0
340,"Washington",101597,0,0
633,"Las Vegas",112674,1,5
214,"New York",171470,1,3
372,"Washington",150520,0,0
368,"Miami",83936,0,0
265,"Chicago",146660,1,5
239,"New York",171610,1,1
245,"Las Vegas",42501,0,0
555,"Washington",108164,1,5
459,"Miami",94684,0,0
406,"Miami",131462,0,0
588,"Las Vegas",146331,0,0
434,"New York",57906,1,4
357,"Miami",90829,0,0
628,"New York",42657,0,0
595,"Hawaii",37274,1,2
202,"Las Vegas",195046,1,5
580,"Las Vegas",114913,0,0
376,"Hawaii",180531,1,4
455,"Miami",100251,1,2
390,"Chicago",183676,1,3
219,"Washington",52459,1,3
552,"Miami",49711,0,0
503,"Chicago",94932,1,4
274,"Washington",66889,0,0
591,"Miami",113954,1,3
351,"New York",33030,0,0
229,"New York",67040,1,4
321,"Las Vegas",183276,1,4
536,"Las Vegas",35746,0,0
480,"New York",117793,0,0
630,"Miami",56649,0,0
420,"Miami",66076,1,5
480,"Las Vegas",185383,1,1
505,"Las Vegas",166506,1,1
583,"Hawaii",178986,1,3
331,"Las Vegas",65967,1,2
370,"New York",66412,1,3
373,"Chicago",143991,1,3
569,"Miami",36375,0,0
397,"Chicago",50091,0,0
343,"Miami",103984,1,2
383,"Miami",121692,1,3
259,"Washington",192289,1,3
249,"New York",188212,1,1
574,"Miami",39139,0,0
632,"Hawaii",36534,1,1
616,"Hawaii",82799,0,0
607,"Las Vegas",158502,1,4
557,"Miami",131238,1,1
400,"New York",195846,1,1
463,"New York",168890,1,4
434,"New York",178010,1,4
475,"Washington",47484,1,2
306,"New York",165578,1,2
357,"Miami",45218,1,4
480,"Las Vegas",60180,0,0
562,"New York",89552,1,3
234,"Hawaii",66876,1,2
285,"Washington",60777,1,3
512,"Washington",175854,1,4
301,"New York",33561,0,0
210,"Miami",178974,1,4
221,"New York",83247,1,2
267,"Miami",69857,0,0
567,"Miami",165541,1,4
639,"Chicago",84617,0,0
536,"Las Vegas",72432,0,0
411,"Hawaii",156658,1,1
569,"New York",157050,1,5
379,"Washington",63830,1,3
405,"New York",133205,1,4
404,"Miami",197769,1,1
579,"Hawaii",84384,1,4
336,"Miami",77231,1,4
579,"Las Vegas",142955,1,5
573,"Miami",78225,1,2
493,"Miami",175009,0,0
383,"Las Vegas",72225,0,0
241,"Miami",61814,0,0
543,"Las Vegas",85327,0,0
620,"Hawaii",67230,0,0
635,"Washington",178448,1,5
249,"Miami",54430,0,0
623,"Miami",196492,0,0
548,"New York",41952,0,0
344,"Miami",117928,1,5
596,"Chicago",131735,0,0
417,"New York",31392,0,0
225,"Las Vegas",144141,0,0
554,"Las Vegas",165309,1,1
534,"Miami",184708,1,1
296,"Miami",188599,1,4
511,"Washington",84103,1,5
274,"Washington",179766,1,1
461,"Hawaii",176562,1,1
482,"Washington",47428,0,0
538,"Hawaii",163639,1,4
613,"New York",55956,0,0
516,"Chicago",106796,0,0
372,"Hawaii",88581,0,0
356,"Hawaii",189821,1,5
454,"New York",68076,0,0
358,"Chicago",186414,1,3
221,"Washington",46693,1,2
445,"Hawaii",120211,1,5
584,"Hawaii",73057,0,0
411,"Chicago",168297,1,2
327,"Las Vegas",63307,1,1
357,"Las Vegas",35830,1,2
502,"Miami",27065,1,1
499,"Las Vegas",184681,1,5
275,"Chicago",72260,0,0
295,"Las Vegas",30275,1,1
318,"Chicago",166649,1,4
570,"New York",153429,1,5
644,"New York",113887,1,1
548,"Washington",30117,0,0
638,"Hawaii",35370,0,0
615,"Las Vegas",75384,1,2
298,"Washington",178610,1,1
566,"New York",37473,0,0
549,"Washington",29696,0,0
649,"Miami",159551,1,5
297,"Miami",66670,0,0
335,"New York",123997,1,4
354,"Las Vegas",168531,1,5
217,"Chicago",80246,1,3
565,"Hawaii",25442,0,0
519,"Chicago",101528,0,0
400,"Miami",154582,1,5
467,"Miami",139241,1,3
622,"Washington",163410,1,3
355,"New York",69430,0,0
589,"Chicago",167104,1,3
452,"Miami",116545,0,0
231,"Miami",89803,1,4
206,"Chicago",84761,0,0
298,"Miami",119058,1,1
632,"Chicago",154544,0,0
280,"Hawaii",104888,1,1
540,"Miami",26787,0,0
554,"Las Vegas",102858,1,4
505,"Miami",196381,0,0
310,"Hawaii",184633,1,5
329,"Miami",87736,1,4
274,"Chicago",185822,1,5
428,"Chicago",47017,0,0
376,"New York",179412,1,5
206,"Chicago",109587,1,2
291,"Las Vegas",44001,1,3
505,"Miami",170077,1,1
300,"Las Vegas",38693,1,1
309,"Las Vegas",148587,1,2
599,"Las Vegas",98039,0,0
334,"New York",56100,1,4
268,"Hawaii",105133,1,4
344,"New York",100039,1,5
220,"Las Vegas",190311,1,4
630,"Chicago",135579,0,0
598,"Miami",126463,0,0
563,"Chicago",146571,0,0
622,"New York",162252,1,4
493,"Chicago",47865,1,5
607,"Washington",184734,1,3
262,"Hawaii",86297,0,0
339,"Las Vegas",35200,1,3
507,"Miami",54893,1,1
597,"Chicago",125858,0,0
217,"Miami",60433,1,3
375,"Miami",136336,1,4
587,"Chicago",119280,1,4
480,"Washington",138384,1,1
389,"Washington",150278,1,2
265,"Hawaii",85150,1,2
421,"Miami",111267,0,0
549,"Miami",96363,1,3
636,"Miami",190747,1,1
232,"Las Vegas",49875,0,0
624,"Washington",182831,0,0
254,"Miami",141781,1,4
261,"Las Vegas",39726,0,0
235,"Miami",139852,1,4
503,"Miami",154554,1,1
603,"Washington",66276,0,0
639,"Miami",45532,0,0
218,"Hawaii",162555,1,4
521,"Las Vegas",69946,1,3
510,"Washington",89860,1,2
484,"Miami",103506,1,5
571,"Miami",143831,0,0
445,"Las Vegas",115810,0,0
617,"New York",137934,0,0
459,"Miami",170870,1,1
639,"Hawaii",177491,1,5
240,"Miami",67096,1,4
236,"Washington",118899,1,1
204,"New York",86290,0,0
582,"Hawaii",71281,0,0
220,"Miami",96606,1,4
236,"Miami",73150,1,2
403,"Las Vegas",121671,0,0
415,"New York",185104,1,4
410,"Washington",84764,0,0
574,"Hawaii",156681,1,4
247,"Miami",99308,1,1
330,"New York",61494,1,1
385,"Chicago",29543,0,0
447,"Miami",185632,1,1
398,"New York",67835,1,2
634,"Miami",111671,1,2
324,"Chicago",42729,0,0
454,"New York",57395,0,0
211,"Washington",25591,0,0
306,"New York",49207,1,2
361,"New York",127865,1,5
524,"Washington",189643,0,0
320,"Chicago",122432,0,0
294,"Washington",196962,1,5
565,"Miami",166916,1,4
395,"Washington",32888,0,0
367,"Las Vegas",79881,0,0
559,"Miami",137842,0,0
486,"Las Vegas",154665,0,0
291,"New York",172351,1,1
590,"Hawaii",135511,1,3
615,"Washington",134443,1,3
461,"New York",73013,0,0
586,"Washington",164094,1,1
571,"Las Vegas",148019,1,4
403,"Las Vegas",168522,1,1
276,"Las Vegas",175428,1,4
547,"Hawaii",180526,1,5
233,"Las Vegas",154415,1,3
609,"Las Vegas",57855,0,0
369,"Las Vegas",174769,1,2
237,"Chicago",188639,1,5
577,"New York",52792,1,5
531,"Hawaii",158748,0,0
587,"Miami",154194,1,4
238,"Hawaii",80794,1,4
484,"New York",36511,0,0
350,"Hawaii",176750,1,1
286,"Las Vegas",41387,1,4
620,"Las Vegas",78738,0,0
256,"New York",167400,1,3
541,"Washington",66881,0,0
583,"Miami",67378,1,1
633,"New York",114065,0,0
200,"Hawaii",41495,0,0
529,"Washington",97308,1,5
530,"New York",191546,1,4
573,"Chicago",193942,0,0
354,"Washington",72756,1,3
203,"New York",171799,1,5
249,"Las Vegas",153465,1,2
237,"Las Vegas",192147,0,0
553,"Hawaii",128482,1,3
474,"New York",183446,1,3
507,"Chicago",198531,1,2
206,"New York",71264,1,5
363,"New York",188264,1,2
365,"Miami",88123,0,0
428,"New York",43592,1,2
320,"Chicago",40129,0,0
370,"Washington",54085,1,1
505,"New York",138939,1,5
650,"New York",198169,1,5
430,"Las Vegas",140028,1,4
517,"Chicago",172415,1,1
572,"Miami",168878,0,0
592,"Miami",141763,1,1
315,"Las Vegas",53897,0,0
315,"Miami",71300,1,2
441,"Las Vegas",45383,1,5
411,"Chicago",98686,0,0
247,"Hawaii",81208,1,5
405,"Las Vegas",132319,1,1
532,"Washington",117829,0,0
523,"New York",113571,0,0
251,"Las Vegas",154145,1,3
392,"New York",79445,0,0
545,"New York",102811,0,0
507,"Las Vegas",130361,1,3
648,"Miami",136233,1,4
325,"Hawaii",144986,1,5
418,"Miami",175361,1,3
404,"Washington",72724,0,0
523,"New York",25475,0,0
580,"Miami",91822,0,0
598,"Washington",128469,1,2
236,"Las Vegas",88818,1,4
510,"New York",59888,1,2
517,"New York",25069,0,0
607,"Miami",168093,0,0
209,"Washington",112786,1,1
276,"Miami",44158,1,3
636,"New York",75083,0,0
215,"New York",63063,0,0
631,"Miami",100002,0,0
519,"New York",91267,1,2
262,"Las Vegas",91034,1,2
401,"Las Vegas",116610,1,4
505,"Hawaii",111013,1,4
349,"Washington",28635,0,0
431,"Hawaii",60139,1,2
457,"Miami",191740,1,2
641,"Hawaii",73986,0,0
264,"Las Vegas",176281,1,5
486,"Las Vegas",45489,0,0
257,"Miami",39508,1,3
485,"Hawaii",133061,1,5
589,"Las Vegas",109686,0,0
613,"Hawaii",135238,1,3
593,"New York",77150,1,2
596,"New York",95467,0,0
388,"Miami",198448,1,2
411,"New York",72654,1,5
604,"Hawaii",198787,1,5
534,"New York",118042,0,0
540,"Chicago",165488,1,5
536,"Las Vegas",141961,1,1
470,"New York",186364,1,4
535,"Chicago",171395,1,3
217,"Washington",130762,1,2
420,"New York",31848,1,2
593,"Miami",43137,1,4
316,"Washington",141677,1,2
628,"Las Vegas",192231,0,0
435,"Miami",166404,1,3
461,"Washington",90688,0,0
548,"Miami",161804,1,1
407,"Washington",93652,0,0
341,"New York",110759,1,1
449,"Washington",26876,1,4
495,"Chicago",146599,1,2
443,"Hawaii",168482,1,4
452,"New York",194274,1,4
237,"Chicago",182584,1,2
367,"Las Vegas",87844,1,1
296,"Miami",159894,1,1
571,"Miami",105111,1,5
600,"Miami",86468,0,0
643,"Hawaii",65847,0,0
410,"New York",46015,0,0
602,"Chicago",151270,1,3
372,"Washington",49989,1,5
341,"Las Vegas",121402,0,0
537,"Miami",150513,1,5
410,"Las Vegas",66781,0,0
602,"Hawaii",179869,1,1
383,"Chicago",82439,1,2
293,"New York",76378,0,0
330,"Miami",144260,1,1
436,"Miami",78349,0,0
570,"Washington",112179,1,1
324,"New York",193210,1,4
385,"Washington",44128,0,0
474,"New York",139932,0,0
546,"Washington",45757,1,2
620,"Washington",39251,0,0
200,"Miami",133532,0,0
601,"New York",112839,0,0
474,"Chicago",58582,1,1
471,"Chicago",76709,1,3
565,"Las Vegas",192540,1,4
404,"Miami",113768,1,2
310,"Washington",189365,1,1
330,"Washington",54282,1,1
246,"Miami",66191,1,5
211,"Chicago",34087,1,1
584,"Miami",83516,1,3
267,"New York",104158,1,2
229,"Las Vegas",104066,1,5
460,"Miami",124849,0,0
231,"New York",67222,0,0
233,"New York",144668,1,2
289,"New York",168138,1,2
504,"Washington",130718,1,5
250,"Hawaii",137464,1,5
510,"Miami",148652,1,3
462,"Hawaii",180735,1,5
297,"Washington",29207,1,2
566,"Miami",162270,1,2
468,"Washington",91647,1,3
594,"Miami",44608,0,0
529,"New York",196069,1,4
645,"New York",148340,0,0
256,"Miami",184627,1,4
255,"Washington",142192,0,0
212,"Hawaii",40852,1,2
624,"Washington",178848,1,3
539,"Miami",130558,1,5
412,"Chicago",156954,0,0
599,"Miami",63987,0,0
621,"Miami",51687,0,0
640,"Chicago",165816,0,0
205,"Las Vegas",124251,1,4
504,"Hawaii",48672,0,0
278,"Chicago",82355,1,1
229,"Las Vegas",174549,1,3
616,"New York",25893,0,0
261,"New York",112186,1,5
423,"Miami",90703,1,1
344,"Hawaii",38077,1,2
560,"Washington",49302,0,0
557,"New York",56278,0,0
299,"New York",131359,1,2
482,"Chicago",89129,1,2
291,"Washington",38286,1,3
392,"New York",64429,0,0
393,"Hawaii",67906,1,1
279,"New York",189330,1,5
357,"New York",191516,1,5
545,"Chicago",157119,0,0
503,"Hawaii",54192,0,0
565,"Hawaii",71454,0,0
441,"New York",185325,1,3
576,"New York",152903,1,4
513,"Hawaii",49373,0,0
240,"New York",73645,1,5
302,"Hawaii",167019,1,3
565,"Miami",89652,0,0
208,"Hawaii",181938,1,5
246,"Chicago",76966,0,0
376,"Chicago",93955,0,0
498,"New York",27090,0,0
506,"Washington",112798,1,1
596,"Hawaii",74966,1,3
469,"New York",76976,1,3
315,"Miami",54187,0,0
302,"New York",98460,1,4
567,"Hawaii",154345,0,0
315,"New York",62823,1,5
354,"New York",188515,1,4
471,"Miami",173503,1,4
480,"Hawaii",118989,1,3
298,"Las Vegas",168357,1,4
645,"New York",81089,1,5
331,"Chicago",48969,1,4
411,"Las Vegas",33624,1,3
416,"Chicago",93717,1,4
299,"Chicago",157352,0,0
609,"Chicago",120212,0,0
353,"Miami",57090,1,3
428,"Hawaii",119647,1,1
354,"Hawaii",178933,1,1
411,"Miami",150531,1,3
550,"New York",183409,1,1
358,"Hawaii",134554,1,2
253,"Las Vegas",185557,1,1
606,"New York",198765,1,1
319,"New York",122834,1,2
328,"New York",198512,1,4
556,"Hawaii",187231,1,2
274,"Las Vegas",112253,1,3
448,"Miami",64913,0,0
262,"Miami",34030,1,5
647,"Las Vegas",115049,1,3
542,"Las Vegas",190638,1,2
469,"Las Vegas",38199,1,4
243,"Las Vegas",46050,1,5
312,"Hawaii",130428,0,0
251,"Las Vegas",122227,1,4
274,"Miami",165934,1,2
263,"New York",41458,1,5
603,"Chicago",170411,1,3
627,"Las Vegas",83114,0,0
298,"Washington",88501,1,3
572,"New York",61847,1,2
452,"New York",26553,1,2
625,"Las Vegas",138887,0,0
318,"New York",108807,1,3
336,"New York",72686,1,5
597,"Chicago",120757,1,4
409,"Miami",114231,1,5
539,"Chicago",35036,1,3
376,"Hawaii",98066,1,1
443,"Hawaii",76755,0,0
483,"New York",82257,0,0
618,"Miami",180727,1,3
537,"Hawaii",30899,0,0
227,"Chicago",192667,1,4
579,"Miami",105853,0,0
402,"Hawaii",111052,1,5
638,"New York",38706,1,4
242,"Miami",146458,1,1
492,"Hawaii",59352,0,0
466,"Las Vegas",97084,1,1
341,"Miami",136733,1,2
564,"Miami",190042,0,0
300,"Hawaii",44810,1,5
488,"Hawaii",39106,0,0
425,"Las Vegas",192637,1,1
288,"Las Vegas",45602,0,0
637,"Hawaii",95638,0,0
366,"Hawaii",141628,1,1
511,"New York",171456,0,0
330,"Miami",175883,1,4
204,"Chicago",178589,1,1
348,"Washington",115902,1,4
268,"Washington",184552,1,4
388,"Washington",188013,1,5
233,"Washington",179195,1,4
545,"Chicago",120544,1,4
567,"Hawaii",81279,0,0
269,"New York",113530,0,0
335,"Miami",119065,0,0
346,"Miami",120817,1,4
310,"New York",55970,1,1
615,"New York",45678,0,0
590,"Chicago",143411,1,2
556,"Las Vegas",158997,0,0
251,"Las Vegas",74833,1,2
558,"Miami",76904,1,1
585,"Chicago",111436,0,0
608,"New York",166291,1,2
473,"Miami",150344,1,2
474,"New York",184135,0,0
433,"Washington",93721,0,0
571,"Chicago",162181,0,0
618,"Miami",66567,0,0
333,"New York",139032,1,4
292,"Las Vegas",105770,1,3
257,"Las Vegas",107220,1,4
264,"New York",180815,1,3
277,"New York",49451,1,1
533,"New York",74889,1,3
297,"Chicago",83850,0,0
611,"New York",119515,1,5
226,"Las Vegas",189514,1,4
537,"New York",34557,0,0
583,"Miami",99954,1,4
252,"Miami",172417,0,0
310,"New York",102891,1,2
330,"Las Vegas",141998,1,3
217,"Washington",181344,1,2
630,"Las Vegas",161287,1,4
263,"Las Vegas",184675,1,3
552,"Las Vegas",197919,1,3
255,"New York",66984,1,2
432,"Washington",142224,0,0
213,"Washington",36233,1,4
368,"New York",99384,0,0
500,"Washington",155545,1,1
434,"Miami",147417,0,0
466,"New York",161471,1,1
221,"Hawaii",170675,1,5
217,"Hawaii",82984,1,3
546,"Miami",162233,1,4
626,"Hawaii",92055,1,3
630,"Washington",138917,1,3
311,"Hawaii",121701,0,0
257,"Las Vegas",188899,1,4
339,"Miami",34689,0,0
499,"Miami",188350,1,2
343,"Miami",45639,1,5
531,"Las Vegas",185991,0,0
202,"New York",74541,1,4
265,"Las Vegas",37345,1,3
481,"Washington",188870,1,5
631,"Chicago",136749,0,0
389,"Hawaii",40518,0,0
451,"Las Vegas",108910,1,2
366,"New York",133286,1,5
490,"New York",109795,0,0
541,"Washington",113030,1,5
213,"Las Vegas",173033,1,3
481,"Las Vegas",196874,0,0
541,"Washington",146231,1,1
317,"Chicago",134021,1,3
609,"New York",197935,1,1
369,"New York",92702,0,0
493,"New York",134377,1,2
225,"Las Vegas",31752,1,4
242,"Las Vegas",124594,1,4
649,"Chicago",79864,1,3
358,"New York",156580,1,2
265,"Washington",80116,1,3
266,"Hawaii",167321,1,2
307,"Washington",100872,1,2
282,"Miami",162266,1,2
627,"Washington",71971,0,0
625,"Las Vegas",132562,0,0
484,"New York",100065,1,4
485,"Washington",85150,1,3
241,"Chicago",195796,1,5
480,"New York",122742,0,0
510,"Washington",147731,1,5
240,"Las Vegas",164840,1,1
318,"Chicago",112156,1,3
366,"Las Vegas",121786,1,2
381,"Las Vegas",35668,1,1
402,"Chicago",156486,1,5
568,"Hawaii",159551,0,0
252,"Las Vegas",171765,1,1
270,"Miami",117271,1,5
532,"Miami",167898,1,5
284,"Miami",136428,1,3
270,"Chicago",187499,1,4
435,"New York",149713,1,5
425,"Washington",110503,0,0
244,"New York",169295,1,4
280,"Chicago",153877,1,1
420,"Hawaii",114771,1,2
597,"New York",150991,1,1
227,"Miami",83397,1,3
388,"Miami",135915,1,5
299,"Las Vegas",130110,1,4
279,"New York",157181,1,5
639,"New York",59533,0,0
406,"Washington",122820,1,3
522,"Miami",28941,0,0
576,"New York",139837,0,0
398,"Las Vegas",182296,1,5
496,"Hawaii",92982,0,0
255,"New York",114825,1,3
387,"Hawaii",68501,0,0
554,"New York",93002,1,5
360,"Chicago",89934,0,0
264,"Hawaii",181095,1,2
432,"Hawaii",158385,1,1
337,"New York",199360,1,2
563,"Miami",136164,0,0
264,"Washington",41279,1,1
394,"Miami",182077,1,1
317,"Hawaii",50906,0,0
243,"New York",160496,1,2
557,"Las Vegas",81932,1,5
598,"Las Vegas",80105,0,0
319,"Las Vegas",124779,1,1
316,"Hawaii",93594,1,3
619,"Hawaii",145638,1,4
533,"Chicago",186280,0,0
467,"New York",44021,0,0
509,"Chicago",126486,1,3
424,"Las Vegas",99583,1,3
255,"Miami",141626,1,5
242,"Washington",149958,1,4
601,"Washington",142951,0,0
484,"Chicago",131893,0,0
422,"Miami",156870,0,0
408,"Chicago",43662,0,0
327,"Washington",75333,1,3
533,"Chicago",152032,1,4
359,"Chicago",86530,0,0
275,"New York",147829,1,4
290,"Hawaii",174323,1,4
629,"Chicago",54641,1,3
615,"Miami",127089,1,1
488,"New York",85912,1,2
409,"Washington",180937,1,2
278,"Miami",123920,1,1
495,"Miami",80579,0,0
436,"Miami",147215,0,0
569,"Hawaii",114127,0,0
443,"Washington",102095,1,3
487,"Chicago",104616,0,0
482,"New York",85073,0,0
212,"Miami",101369,1,1
235,"Miami",129100,0,0
519,"Las Vegas",123791,1,4
561,"New York",131864,1,5
326,"New York",152861,1,1
278,"Chicago",48703,0,0
244,"Las Vegas",156417,1,5
336,"Miami",78612,1,4
292,"New York",190438,0,0
515,"Washington",121359,0,0
342,"New York",35160,1,5
351,"Washington",119160,1,4
303,"Washington",173978,1,3
394,"Washington",48164,1,3
391,"New York",151766,1,4
289,"Hawaii",109760,0,0
618,"Washington",88524,0,0
291,"Miami",140366,1,3
635,"Miami",192850,0,0
527,"Washington",42168,0,0
228,"Miami",155674,1,4
576,"Hawaii",82469,0,0
355,"New York",120306,1,3
256,"Miami",25996,1,2
365,"Las Vegas",108214,1,1
307,"New York",179970,1,4
378,"Miami",77864,1,2
316,"New York",176349,1,1
489,"Hawaii",158362,0,0
220,"Chicago",118534,1,5
530,"Las Vegas",156899,0,0
386,"Washington",25093,0,0
338,"New York",40123,1,1
468,"Washington",129471,0,0
223,"New York",185811,0,0
417,"New York",127800,1,2
462,"New York",56045,0,0
368,"Las Vegas",181185,1,2
563,"New York",67505,1,3
533,"Las Vegas",42234,1,4
281,"New York",64848,0,0
649,"Hawaii",48028,0,0
548,"Chicago",119054,0,0
205,"Washington",165728,1,4
330,"Hawaii",102329,1,3
218,"New York",166188,1,5
276,"Miami",170785,1,2
472,"Las Vegas",158695,1,3
260,"Miami",106394,0,0
619,"Hawaii",25076,0,0
596,"Miami",188452,1,5
227,"Las Vegas",94573,1,2
537,"New York",199850,0,0
406,"Miami",31010,1,2
441,"New York",30991,0,0
601,"Las Vegas",190965,1,2
584,"Las Vegas",86013,1,3
565,"Las Vegas",119322,1,3
283,"Chicago",46243,1,2
445,"Las Vegas",85014,1,5
624,"New York",51307,0,0
432,"New York",72466,0,0
215,"New York",136040,1,4
529,"New York",105872,1,2
258,"New York",182026,1,1
387,"New York",189053,0,0
476,"Miami",51323,0,0
628,"Las Vegas",93821,1,5
234,"Chicago",28212,0,0
330,"Hawaii",142665,1,3
362,"New York",168312,1,4
312,"Miami",127020,0,0
558,"Washington",36639,0,0
573,"Miami",136301,1,5
379,"Miami",132249,0,0
497,"Chicago",74845,1,3
336,"Washington",60886,0,0
607,"Miami",125051,0,0
644,"Miami",156538,1,5
208,"Las Vegas",140143,1,1
584,"Chicago",33180,1,4
400,"Washington",124920,0,0
257,"Miami",160242,0,0
354,"Miami",33191,1,4
253,"Washington",75862,1,4
360,"Washington",50486,0,0
612,"Las Vegas",67189,0,0
582,"New York",34693,1,2
393,"Las Vegas",170596,1,4
236,"Las Vegas",141545,1,5
572,"New York",55460,1,5
448,"Chicago",75715,1,3
556,"Washington",153641,0,0
593,"Las Vegas",174271,1,1
614,"Miami",151383,0,0
541,"Washington",134876,0,0
428,"Washington",68424,1,2
215,"Hawaii",59071,1,4
395,"New York",93163,1,2
337,"Las Vegas",92628,1,1
425,"Miami",149498,0,0
274,"Washington",152307,1,1
548,"Hawaii",73702,0,0
280,"Washington",34723,1,2
585,"Las Vegas",185700,0,0
287,"Washington",92441,0,0
399,"New York",121714,1,5
543,"Chicago",138393,1,5
464,"Washington",126757,1,1
267,"Washington",172005,1,4
539,"Washington",183097,0,0
555,"Miami",47185,0,0
222,"Chicago",72283,1,5
430,"New York",114022,1,3
507,"New York",164729,1,4
252,"Washington",147227,1,4
455,"Hawaii",194172,1,4
469,"Las Vegas",82469,1,5
246,"Miami",152664,1,4
593,"Chicago",29769,0,0
591,"Washington",123654,0,0
488,"New York",181746,1,2
628,"Washington",180592,1,4
575,"Hawaii",132041,1,4
321,"Las Vegas",72654,0,0
491,"Las Vegas",160037,1,4
341,"Hawaii",84225,0,0
448,"Hawaii",41302,0,0
499,"Hawaii",78421,0,0
207,"Hawaii",106841,1,1
331,"Chicago",124921,1,5
579,"Washington",65828,0,0
344,"Miami",106323,0,0
227,"Miami",190786,1,2
415,"Chicago",106607,0,0
238,"New York",35170,0,0
534,"New York",190243,1,2
509,"Las Vegas",34867,0,0
314,"Washington",195085,1,2
498,"Miami",143105,0,0
292,"Hawaii",29052,1,4
483,"Washington",116628,1,5
431,"Miami",55232,1,2
629,"Las Vegas",41503,0,0
430,"Chicago",118080,1,3
574,"New York",143506,1,3
371,"Las Vegas",32433,0,0
323,"Las Vegas",105952,1,5
630,"New York",191706,1,5
262,"New York",188652,1,4
540,"New York",86712,1,4
622,"New York",156241,0,0
273,"Hawaii",90293,1,3
377,"Hawaii",64643,0,0
322,"New York",97913,1,3
421,"Washington",132746,1,2
402,"Washington",34075,0,0
600,"Chicago",126114,1,1
369,"Washington",136750,1,2
356,"New York",66147,1,4
574,"Las Vegas",37345,0,0
351,"Washington",140541,0,0
244,"Las Vegas",68629,0,0
299,"Las Vegas",140850,1,5
246,"Chicago",43168,1,5
549,"Hawaii",113198,1,4
619,"Miami",161059,0,0
288,"Miami",198382,1,4
637,"Las Vegas",175539,1,3
207,"Washington",156014,1,2
495,"Las Vegas",198951,1,2
264,"Miami",188334,1,1
333,"New York",124254,1,1
404,"Las Vegas",183333,1,4
292,"Miami",85507,1,5
278,"New York",42575,1,2
321,"Hawaii",75411,0,0
475,"Las Vegas",170458,1,5
504,"New York",195943,1,4
480,"Las Vegas",116196,0,0
620,"Miami",42726,0,0
224,"Washington",65456,0,0
471,"Hawaii",97355,0,0
379,"Hawaii",93208,1,1
425,"Las Vegas",76721,1,4
568,"Las Vegas",194199,1,5
213,"Las Vegas",134766,1,2
493,"Hawaii",189685,1,5
307,"Washington",96694,1,3
444,"New York",32920,1,3
263,"Hawaii",30113,1,4
217,"Hawaii",35886,1,2
597,"New York",65595,0,0
449,"Miami",42001,0,0
334,"Hawaii",162706,1,4
613,"New York",42861,1,5
367,"Washington",44699,1,4
603,"Washington",42905,0,0
437,"Miami",37511,0,0
344,"Chicago",190111,1,2
570,"Washington",195919,1,5
568,"Hawaii",87659,0,0
646,"New York",181220,1,1
565,"Miami",39785,0,0
308,"Las Vegas",62127,1,2
614,"New York",54606,0,0
585,"Miami",54259,0,0
557,"Miami",86302,0,0
424,"New York",116146,1,2
235,"Washington",45596,1,5
375,"Miami",147123,1,3
549,"Hawaii",172408,1,2
380,"Hawaii",179674,1,5
209,"Miami",54211,0,0
359,"Las Vegas",176590,1,5
591,"Las Vegas",68861,0,0
475,"New York",195096,1,2
605,"New York",175123,1,1
575,"Washington",123251,1,4
469,"Miami",26132,0,0
621,"Washington",60019,0,0
212,"Miami",51045,1,5
383,"Las Vegas",115821,0,0
586,"Las Vegas",91824,1,3
494,"Hawaii",104698,1,5
570,"New York",157075,1,3
220,"Washington",191688,1,5
606,"Las Vegas",132242,0,0
410,"Hawaii",86233,1,5
396,"Las Vegas",152526,1,2
492,"Chicago",179106,1,2
416,"Miami",54629,1,4
449,"Miami",159386,1,4
610,"Washington",62165,1,5
404,"New York",34800,1,5
524,"Miami",28981,0,0
626,"Miami",177993,0,0
263,"Chicago",41324,1,5
564,"Chicago",77426,1,2
531,"Washington",72776,1,4
616,"Washington",83316,1,4
499,"Hawaii",151540,1,4
214,"Miami",57057,1,3
540,"Miami",148417,0,0
408,"Hawaii",179091,1,5
515,"New York",94500,0,0
495,"Hawaii",147316,1,4
514,"Washington",63849,0,0
277,"Miami",190414,1,4
547,"Miami",62165,0,0
278,"Miami",102835,0,0
373,"Miami",119815,1,5
208,"Miami",86263,1,3
616,"Las Vegas",136821,1,3
358,"New York",133675,1,1
283,"Las Vegas",171540,0,0
647,"Washington",29488,1,3
515,"Chicago",144036,0,0
311,"Miami",29919,0,0
210,"New York",38383,0,0
277,"Hawaii",54151,1,5
439,"Chicago",182373,1,2
212,"New York",151619,1,3
417,"Miami",64406,0,0
520,"Washington",57514,1,4
336,"Washington",79366,0,0
213,"Hawaii",41899,0,0
226,"Hawaii",83524,1,4
465,"Miami",55872,0,0
212,"Las Vegas",99132,1,3
601,"Chicago",35810,1,4
400,"Chicago",190492,1,1
605,"Las Vegas",48770,0,0
216,"Hawaii",53220,0,0
286,"Hawaii",110593,1,5
405,"New York",81500,1,4
580,"Hawaii",149469,1,3
270,"Miami",192181,1,5
288,"Miami",141673,1,4
580,"Miami",87650,0,0
379,"Washington",135746,1,3
550,"Miami",76356,1,1
243,"Miami",121802,1,1
329,"New York",132406,1,2
206,"Miami",70237,0,0
573,"Hawaii",39294,0,0
545,"Washington",187700,0,0
641,"Miami",87218,0,0
595,"Las Vegas",101722,1,4
545,"Chicago",155157,0,0
496,"Las Vegas",135101,0,0
504,"Miami",169244,1,5
355,"Hawaii",153959,0,0
316,"Las Vegas",190914,1,2
590,"Chicago",43275,1,1
289,"Hawaii",55282,0,0
636,"Washington",108362,1,2
407,"Washington",174985,1,1
622,"Hawaii",80270,1,4
550,"Washington",144451,1,4
460,"Miami",182896,1,5
281,"Hawaii",186049,1,1
549,"New York",109709,0,0
293,"Washington",77067,1,1
465,"Miami",129558,0,0
339,"Las Vegas",95943,1,4
416,"Washington",174646,1,1
311,"Washington",31174,1,1
630,"New York",52661,0,0
401,"Miami",168472,0,0
544,"Washington",163064,1,4
254,"New York",61799,0,0
457,"Miami",156484,0,0
229,"Chicago",179338,1,1
330,"New York",47932,0,0
617,"Hawaii",57256,1,2
260,"New York",152579,1,4
525,"Washington",66957,0,0
321,"Washington",128886,1,4
487,"New York",176253,1,4
514,"Washington",102396,1,1
224,"Hawaii",147508,1,2
225,"New York",183729,1,3
201,"Miami",65588,0,0
365,"Las Vegas",116416,1,3
573,"Las Vegas",158572,1,1
303,"Miami",145317,1,4
539,"Washington",58441,0,0
206,"Hawaii",97471,1,4
519,"Las Vegas",30112,0,0
337,"Washington",137503,1,3
545,"Las Vegas",171914,1,3
415,"Chicago",45477,1,4
566,"Washington",62141,1,3
243,"Las Vegas",63666,1,2
434,"Miami",72681,0,0
538,"Las Vegas",143389,0,0
225,"New York",116894,1,2
299,"Washington",62228,1,2
398,"New York",155981,0,0
322,"Las Vegas",66998,1,4
625,"Las Vegas",159051,1,4
612,"New York",54139,0,0
326,"Las Vegas",30335,0,0
476,"Miami",44039,1,1
263,"Hawaii",184571,1,2
403,"Washington",191701,0,0
213,"Washington",138838,1,4
351,"Las Vegas",85572,1,4
482,"Washington",198063,1,4
383,"Washington",128545,1,1
544,"Las Vegas",185975,0,0
447,"Hawaii",27079,0,0
566,"New York",158741,1,1
332,"Miami",103883,1,5
527,"Hawaii",71213,1,2
437,"Miami",150086,1,4
579,"Las Vegas",97096,1,5
408,"Miami",43686,1,2
608,"Chicago",154103,0,0
383,"New York",97315,1,5
345,"Chicago",173886,1,5
636,"Hawaii",97074,0,0
296,"Hawaii",87871,1,3
621,"Las Vegas",165463,0,0
553,"Las Vegas",158001,0,0
406,"New York",158610,1,2
634,"Miami",172718,1,5
491,"New York",153853,0,0
442,"Hawaii",94406,1,2
320,"New York",82990,1,4
566,"Hawaii",127243,1,2
555,"Las Vegas",106865,1,4
578,"New York",81614,0,0
394,"Miami",88267,0,0
345,"Hawaii",92979,1,1
621,"New York",168139,1,2
451,"Las Vegas",157707,1,2
355,"Chicago",173814,1,5
501,"Hawaii",104618,1,1
269,"Hawaii",41375,1,5
541,"New York",58132,1,3
413,"Miami",50116,0,0
349,"Washington",141138,1,1
391,"Washington",176790,1,5
250,"New York",136874,1,1
456,"Chicago",39685,0,0
537,"Miami",111955,0,0
281,"Miami",115741,1,4
230,"Chicago",199595,1,1
420,"Miami",70928,1,3
343,"Las Vegas",194899,1,1
512,"Las Vegas",135230,1,4
580,"Las Vegas",130249,0,0
436,"New York",187701,0,0
342,"Las Vegas",128891,1,3
284,"Miami",177613,1,5
460,"New York",101148,0,0
515,"New York",121091,0,0
288,"Las Vegas",28018,0,0
339,"Las Vegas",72392,1,5
476,"Hawaii",95703,1,5
368,"Las Vegas",92169,1,1
546,"Las Vegas",68334,0,0
224,"Chicago",148249,1,2
593,"Hawaii",147157,1,5
634,"New York",138714,1,2
525,"Las Vegas",68589,0,0
366,"Las Vegas",179274,1,3
403,"Chicago",66435,1,3
618,"Las Vegas",46633,0,0
285,"New York",41287,1,5
349,"New York",168617,1,2
377,"Hawaii",46149,0,0
230,"Washington",52029,1,5
544,"New York",143231,0,0
361,"Miami",144526,1,2
631,"Washington",33578,0,0
638,"Las Vegas",185186,1,1
471,"New York",148211,0,0
277,"Las Vegas",113435,1,2
336,"Las Vegas",148686,1,2
409,"Chicago",40802,0,0
256,"Washington",186396,1,2
445,"Chicago",131480,1,2
366,"Miami",83195,1,2
438,"Miami",33282,1,3
624,"Las Vegas",184417,1,3
354,"Washington",175141,1,4
232,"Las Vegas",125681,1,4
626,"Miami",196239,1,5
271,"Hawaii",126040,1,5
595,"Chicago",79415,1,1
480,"Hawaii",88178,0,0
594,"Las Vegas",128347,1,5
200,"Hawaii",163979,1,5
385,"Las Vegas",196406,0,0
613,"Las Vegas",118413,0,0
325,"Miami",199645,1,3
378,"New York",26190,1,2
552,"Miami",96430,0,0
383,"Hawaii",187781,1,3
471,"Chicago",163362,1,3
522,"New York",197307,0,0
650,"New York",172353,0,0
649,"Miami",41030,0,0
452,"Las Vegas",85557,1,5
271,"Washington",95390,1,4
416,"Miami",139317,0,0
313,"Washington",93362,1,1
449,"Chicago",191296,1,1
521,"New York",58331,0,0
269,"Hawaii",104697,1,4
226,"Miami",35365,1,4
575,"Washington",138464,1,5
418,"Washington",91099,0,0
534,"New York",52352,0,0
465,"Hawaii",37942,1,4
472,"Las Vegas",144362,0,0
469,"Las Vegas",187735,1,4
240,"Las Vegas",196249,1,4
435,"Miami",38270,1,2
525,"Miami",103206,0,0
541,"Washington",69908,0,0
524,"Hawaii",173702,1,1
359,"Hawaii",110613,1,2
572,"Washington",40384,0,0
467,"Miami",187366,1,5
472,"New York",80329,0,0
572,"Miami",58760,0,0
250,"Miami",109407,1,1
524,"Miami",55844,0,0
533,"Las Vegas",50218,1,1
463,"Hawaii",94191,0,0
463,"Chicago",77170,0,0
443,"Miami",173380,1,1
347,"Chicago",158307,1,5
646,"Washington",51536,0,0
389,"Hawaii",164885,1,3
378,"Las Vegas",116400,1,5
284,"New York",61369,0,0
382,"Hawaii",61275,1,3
456,"Chicago",44962,1,5
468,"Washington",108521,0,0
560,"Washington",175398,1,1
576,"New York",116003,1,4
243,"Washington",162340,1,1
423,"New York",117342,0,0
313,"Washington",157100,1,1
432,"Miami",179522,1,2
440,"New York",171629,1,4
299,"Washington",141451,0,0
315,"Chicago",66409,1,2
613,"Hawaii",26380,0,0
560,"Las Vegas",106539,0,0
354,"Las Vegas",129390,1,2
221,"Miami",80892,1,5
480,"Hawaii",41026,0,0
266,"Hawaii",79947,0,0
598,"Miami",150790,0,0
405,"Hawaii",43739,1,5
222,"Miami",163344,1,4
482,"Las Vegas",111105,0,0
610,"New York",171079,1,3
362,"Miami",158506,1,5
520,"Chicago",32875,0,0
635,"Hawaii",139326,1,5
380,"Washington",94606,1,1
406,"New York",184591,1,2
532,"Las Vegas",176313,1,1
354,"Miami",120660,1,4
327,"Chicago",110866,1,2
608,"New York",194991,0,0
423,"Miami",186922,1,1
492,"Las Vegas",104424,0,0
293,"Chicago",190174,1,4
269,"New York",115313,1,2
508,"Las Vegas",166879,1,2
224,"Hawaii",177172,1,4
378,"Miami",163587,1,5
216,"New York",79944,1,1
384,"New York",90131,1,4
538,"Hawaii",85671,0,0
614,"Washington",151151,0,0
251,"Miami",141339,1,2
619,"Washington",149968,0,0
371,"Miami",195752,1,1
309,"Washington",98449,1,4
332,"Washington",45505,0,0
562,"Hawaii",70902,1,4
613,"Washington",44115,0,0
510,"Las Vegas",33316,1,5
416,"New York",43559,1,4
547,"Hawaii",64940,0,0
201,"Las Vegas",152909,1,4
531,"Hawaii",50459,0,0
564,"Miami",104154,1,2
324,"New York",32787,1,1
475,"Miami",103191,1,2
425,"New York",47917,1,5
406,"Las Vegas",151100,1,4
315,"Washington",87855,1,2
407,"Miami",100658,0,0
371,"Las Vegas",74929,1,4
554,"Las Vegas",159060,1,2
338,"Miami",167832,1,4
516,"Miami",169699,0,0
398,"Las Vegas",173273,0,0
379,"Miami",137087,1,3
555,"Washington",41840,1,4
437,"Hawaii",98886,1,3
253,"Las Vegas",89154,0,0
386,"Miami",94504,1,4
500,"Miami",144932,0,0
403,"Miami",139416,1,4
464,"Hawaii",180828,1,3
517,"Washington",107239,1,2
574,"Washington",67766,0,0
417,"Hawaii",109169,0,0
227,"Chicago",134283,1,4
565,"Hawaii",167060,0,0
518,"New York",85638,0,0
613,"Las Vegas",141508,1,2
483,"Hawaii",57224,0,0
497,"Miami",82031,1,3
341,"New York",129205,0,0
401,"Miami",133939,1,4
447,"Las Vegas",172655,1,4
340,"New York",166892,1,4
359,"Hawaii",58041,1,2
433,"Washington",168136,1,5
629,"Washington",138244,0,0
485,"Washington",102204,0,0
479,"New York",176345,0,0
433,"Hawaii",132017,1,5
402,"New York",43863,1,4
439,"Chicago",55519,0,0
414,"Miami",144985,1,1
299,"Washington",37707,0,0
323,"Las Vegas",69000,1,1
557,"Chicago",189479,1,2
473,"Miami",31504,0,0
524,"Miami",131765,0,0
275,"New York",160681,1,2
528,"Hawaii",151527,1,1
459,"Las Vegas",140747,0,0
212,"Las Vegas",141716,0,0
214,"Miami",52308,1,2
479,"New York",185875,1,3
373,"Chicago",101730,1,3
294,"Hawaii",135496,1,1
589,"Chicago",112083,0,0
272,"Las Vegas",185091,1,1
354,"Washington",50524,1,3
574,"Miami",189609,1,5
537,"Las Vegas",166428,1,1
397,"Miami",98183,1,1
641,"Las Vegas",61024,1,3
515,"Miami",59202,0,0
581,"Washington",168124,1,4
497,"Miami",137191,1,4
532,"Chicago",177510,1,4
264,"Miami",119966,1,2
552,"Las Vegas",31997,0,0
555,"Chicago",183706,1,5
239,"Las Vegas",125115,1,5
604,"Hawaii",160365,1,3
280,"Las Vegas",64323,1,1
512,"Hawaii",163505,1,1
641,"Hawaii",167348,0,0
234,"Miami",135093,0,0
335,"Hawaii",156585,1,3
425,"New York",135960,1,4
593,"Hawaii",138738,1,3
617,"Miami",26444,1,2
509,"Chicago",35833,0,0
208,"New York",86406,1,2
244,"Hawaii",181753,1,1
398,"Chicago",110725,1,2
546,"Las Vegas",99548,1,3
493,"Miami",101480,1,3
336,"Miami",173351,1,4
358,"Miami",62911,1,5
348,"New York",92098,1,2
595,"Hawaii",185565,1,5
330,"Las Vegas",106215,1,3
637,"New York",25302,0,0
580,"New York",52208,1,5
340,"Miami",169682,1,3
549,"New York",36231,0,0
354,"Hawaii",80248,0,0
514,"New York",52886,1,3
374,"New York",112684,1,4
542,"Miami",160967,1,2
499,"Miami",56971,0,0
214,"Washington",57131,1,2
208,"Las Vegas",137808,1,5
417,"New York",123132,1,5
283,"Hawaii",55023,0,0
326,"Miami",156043,1,5
470,"Miami",31118,0,0
300,"Washington",31051,1,5
258,"New York",150818,1,1
292,"Hawaii",41703,0,0
573,"Hawaii",170735,1,2
356,"Chicago",48455,1,4
587,"New York",199534,1,2
293,"Las Vegas",48505,1,4
454,"Las Vegas",76430,1,4
266,"Washington",181324,1,4
420,"Washington",141972,1,2
230,"Miami",83397,1,3
383,"Chicago",179265,1,1
636,"Washington",182485,1,2
227,"Las Vegas",195824,1,1
507,"Miami",42725,0,0
606,"New York",78223,1,2
443,"New York",32035,1,1
338,"Chicago",65300,1,2
613,"Las Vegas",141524,1,5
336,"Washington",174707,1,3
269,"New York",161513,1,2
640,"Hawaii",40642,0,0
431,"Miami",36261,1,3
624,"Miami",68316,1,5
578,"Hawaii",61177,1,5
376,"Miami",116574,1,4
347,"Miami",192843,1,5
610,"New York",88457,0,0
244,"Hawaii",75944,1,4
275,"Hawaii",151755,1,2
326,"New York",130118,0,0
257,"Hawaii",153068,1,4
303,"Hawaii",90177,1,4
574,"New York",82837,0,0
504,"Hawaii",27037,0,0
505,"Chicago",48174,1,5
566,"Miami",102281,0,0
208,"New York",167448,1,4
429,"New York",32150,1,4
310,"Washington",99467,1,3
360,"New York",73632,0,0
341,"Washington",111703,1,4
205,"Hawaii",146200,1,4
376,"New York",128339,0,0
382,"Hawaii",85275,1,1
542,"New York",25940,0,0
538,"Miami",155854,1,3
416,"Miami",185995,1,2
276,"New York",140072,1,1
544,"Washington",123867,1,4
471,"Miami",68574,0,0
318,"Hawaii",169765,0,0
464,"New York",180277,1,4
543,"Washington",56319,0,0
251,"New York",89693,0,0
337,"Hawaii",109970,1,3
619,"Hawaii",62183,0,0
588,"Miami",124518,0,0
516,"Chicago",62861,0,0
229,"Miami",33090,0,0
560,"Washington",179605,0,0
329,"Miami",143943,1,3
341,"Hawaii",174143,1,2
418,"Washington",125365,0,0
620,"Hawaii",115445,1,4
208,"Hawaii",176734,1,4
327,"Chicago",141879,1,2
559,"Miami",96691,0,0
460,"Washington",133793,1,3
338,"Las Vegas",176196,1,5
244,"Miami",40992,0,0
378,"New York",120293,1,2
297,"Washington",182960,1,4
389,"Chicago",148014,1,2
402,"Miami",195167,1,5
305,"Las Vegas",119693,0,0
546,"Miami",104764,0,0
251,"Miami",57226,1,3
340,"Miami",35196,1,4
222,"Las Vegas",160393,1,5
318,"New York",120365,1,1
423,"New York",61040,0,0
421,"Chicago",154176,1,2
569,"Washington",133239,1,2
217,"Miami",155996,1,1
407,"Miami",111338,1,3
264,"Washington",167976,1,3
520,"New York",173755,0,0
226,"Las Vegas",169372,1,5
391,"New York",128588,1,4
591,"New York",149430,1,1
422,"Las Vegas",181621,1,2
402,"Las Vegas",163910,1,5
492,"Miami",101337,1,5
434,"Miami",69019,0,0
498,"Las Vegas",153275,1,2
404,"Hawaii",132555,1,5
478,"New York",83728,1,2
237,"Las Vegas",116633,1,5
378,"Washington",105961,0,0
298,"Miami",146007,1,3
639,"Washington",192506,0,0
545,"Las Vegas",128522,1,4
555,"Las Vegas",175326,0,0
456,"New York",160751,1,3
463,"Washington",111633,0,0
562,"Washington",195765,1,3
614,"Hawaii",145358,0,0
484,"Miami",44262,0,0
551,"Miami",130911,0,0
406,"Las Vegas",25118,0,0
298,"New York",125992,1,5
347,"New York",64813,1,2
239,"Washington",150839,1,1
636,"Miami",199539,1,3
498,"Miami",156509,1,5
369,"Miami",80328,1,5
521,"New York",153840,0,0
382,"Washington",107394,0,0
420,"Miami",141026,1,4
484,"Washington",159208,1,2
557,"Washington",48327,0,0
463,"Miami",170232,0,0
626,"New York",94701,0,0
234,"Hawaii",84144,1,2
213,"Chicago",182256,1,1
390,"Hawaii",164123,0,0
303,"New York",36816,1,1
523,"Chicago",64979,0,0
601,"Las Vegas",154693,0,0
248,"Miami",181204,1,4
423,"Chicago",117441,0,0
597,"Hawaii",78670,1,4
615,"New York",82046,0,0
265,"Chicago",99617,1,1
368,"Washington",123916,0,0
213,"Miami",27778,1,1
507,"Las Vegas",84960,0,0
241,"Hawaii",65509,1,2
256,"Las Vegas",66947,1,2
599,"Miami",32421,0,0
496,"Miami",60727,0,0
580,"New York",198069,1,5
512,"Hawaii",83958,0,0
641,"Las Vegas",34389,0,0
450,"Chicago",143208,1,4
404,"New York",30833,1,5
447,"Miami",95940,1,5
347,"Chicago",26179,0,0
570,"Chicago",87042,1,4
580,"Washington",176226,1,1
574,"Washington",137832,0,0
576,"New York",77220,1,4
232,"Las Vegas",89870,1,5
218,"Hawaii",87511,1,5
245,"New York",152636,1,2
395,"New York",156909,1,1
634,"New York",113471,0,0
403,"Las Vegas",83472,1,3
361,"Las Vegas",33064,0,0
219,"Las Vegas",123751,1,3
398,"Chicago",66059,0,0
378,"Las Vegas",166723,1,4
362,"Miami",71984,1,3
281,"Las Vegas",196186,1,1
230,"New York",101914,1,5
467,"Washington",165290,1,1
602,"Miami",93718,0,0
558,"Miami",122663,1,1
642,"Las Vegas",195726,1,5
305,"New York",165180,1,2
492,"Hawaii",160589,1,4
468,"New York",122967,0,0
386,"Hawaii",38041,0,0
374,"New York",87990,1,2
511,"Las Vegas",75129,1,1
377,"Washington",100351,0,0
642,"Miami",71674,1,3
629,"Hawaii",97547,1,3
508,"Las Vegas",50925,1,3
346,"Chicago",197189,1,2
297,"Hawaii",126119,1,2
461,"Las Vegas",187525,1,5
341,"Las Vegas",49972,0,0
348,"Miami",119700,1,3
434,"Washington",175756,1,1
487,"Las Vegas",194742,1,5
349,"Hawaii",169388,0,0
646,"New York",134539,0,0
540,"Las Vegas",162191,0,0
287,"Chicago",78649,0,0
358,"Washington",155023,1,5
269,"New York",195462,1,2
553,"Washington",54460,0,0
364,"New York",183143,1,3
377,"Miami",170264,1,4
289,"New York",96675,1,4
631,"Chicago",110171,1,5
383,"Las Vegas",87672,0,0
594,"Las Vegas",151211,1,1
232,"New York",131366,1,2
546,"New York",51151,0,0
438,"Miami",31822,0,0
366,"New York",151768,1,3
212,"New York",172798,0,0
438,"Hawaii",67249,1,1
293,"Washington",91175,0,0
264,"Washington",152993,0,0
382,"Chicago",95576,1,2
361,"Chicago",31938,0,0
256,"New York",113940,1,5
406,"Washington",57769,0,0
477,"Las Vegas",43670,0,0
636,"Washington",140830,1,1
264,"Hawaii",193163,1,1
264,"New York",198188,1,4
408,"Hawaii",122676,0,0
355,"Washington",198147,1,2
473,"New York",149595,1,2
570,"Las Vegas",197875,1,4
290,"Washington",199843,1,2
234,"Washington",74026,1,1
294,"New York",82525,1,2
642,"Miami",33208,0,0
579,"New York",50706,0,0
344,"Las Vegas",84604,0,0
334,"Chicago",56715,0,0
436,"Hawaii",77425,1,2
584,"New York",29782,0,0
461,"New York",63147,0,0
274,"Hawaii",62536,1,3
607,"Miami",108656,1,5
237,"Hawaii",112567,1,3
333,"Las Vegas",128036,1,2
529,"Miami",132922,1,1
640,"New York",199474,1,5
435,"Las Vegas",170974,1,5
207,"Las Vegas",72572,1,5
439,"Miami",33566,0,0
618,"Miami",184837,1,1
243,"New York",123425,1,5
433,"New York",135476,1,2
613,"Chicago",43624,0,0
566,"Hawaii",196031,1,4
429,"Miami",43475,0,0
443,"Hawaii",133783,1,1
431,"Hawaii",112614,0,0
422,"Miami",68894,1,5
293,"New York",76698,1,2
360,"Hawaii",180161,1,3
203,"Las Vegas",185155,1,5
513,"Hawaii",159638,1,5
297,"New York",174872,1,2
601,"Washington",185261,1,4
334,"Miami",172562,1,5
460,"Washington",196424,1,5
487,"Miami",115138,0,0
272,"New York",77892,1,1
330,"Washington",180549,1,2
507,"New York",86617,1,4
597,"Washington",61202,1,4
580,"Hawaii",50155,0,0
413,"Hawaii",45612,0,0
609,"Las Vegas",194747,1,2
494,"Las Vegas",78409,1,5
502,"New York",181000,0,0
513,"Chicago",128795,1,1
329,"New York",28263,1,4
473,"Hawaii",54275,0,0
524,"New York",173767,1,3
465,"Las Vegas",152053,1,2
366,"Hawaii",118540,1,5
585,"Washington",104376,0,0
396,"Miami",43348,0,0
477,"Miami",114170,1,2
236,"Las Vegas",91934,1,4
343,"Chicago",103128,0,0
218,"Las Vegas",146730,1,5
645,"Miami",180678,1,5
359,"Miami",164473,1,1
582,"Miami",35341,0,0
620,"Hawaii",143176,1,2
386,"Miami",134014,0,0
439,"Miami",47349,0,0
498,"Las Vegas",44522,0,0
317,"Miami",45921,0,0
604,"Las Vegas",118493,1,5
612,"Hawaii",63313,0,0
380,"Miami",80081,0,0
340,"Chicago",62069,0,0
591,"Hawaii",55791,0,0
417,"Miami",120596,1,5
544,"Hawaii",37331,0,0
335,"Washington",164916,1,1
300,"Chicago",41881,0,0
416,"Hawaii",91451,1,5
221,"Washington",187848,1,2
289,"Chicago",63176,1,1
586,"Washington",160313,0,0
509,"Las Vegas",152374,1,2
649,"New York",139311,0,0
566,"Hawaii",69560,0,0
620,"New York",192308,1,3
538,"Hawaii",77571,0,0
452,"Washington",148207,1,4
595,"Hawaii",98982,0,0
496,"Miami",61428,0,0
387,"Miami",86584,1,4
649,"Miami",184161,1,2
535,"Miami",119364,1,2
635,"New York",197048,1,3
266,"New York",67413,1,1
505,"Hawaii",68590,0,0
584,"Chicago",63702,0,0
458,"Hawaii",65917,1,5
586,"Las Vegas",63080,0,0
589,"Hawaii",177618,1,2
245,"New York",42417,1,3
604,"Chicago",91075,0,0
432,"New York",100860,1,2
443,"Miami",113266,1,3
339,"Chicago",153878,1,2
250,"Hawaii",178601,1,1
416,"Miami",143095,1,3
378,"Washington",127998,1,1
258,"Miami",78451,0,0
201,"New York",104288,1,2
578,"Las Vegas",154397,0,0
349,"Miami",181328,1,2
388,"New York",156561,1,3
321,"Miami",67086,1,3
389,"Miami",85836,1,4
428,"Washington",103415,1,5
219,"New York",46419,1,3
213,"Washington",121462,1,2
534,"Washington",118289,1,1
221,"Las Vegas",90941,0,0
296,"New York",92033,0,0
572,"New York",70825,1,4
386,"Chicago",100627,1,2
359,"New York",114941,0,0
625,"New York",114191,1,3
525,"Chicago",33533,1,4
244,"Miami",152394,1,1
557,"Chicago",63201,0,0
364,"New York",139208,0,0
638,"Miami",35361,1,5
303,"New York",165119,1,1
320,"New York",184173,0,0
312,"Washington",25563,1,3
447,"Washington",160496,1,1
373,"Washington",156673,1,1
649,"New York",62470,1,4
640,"Miami",39031,1,3
505,"Miami",177859,1,3
240,"Washington",96638,1,3
626,"Miami",194457,1,4
309,"Miami",136380,1,3
585,"Las Vegas",171887,1,3
542,"New York",92502,0,0
295,"Hawaii",180408,0,0
467,"Washington",162550,1,1
519,"Chicago",98848,1,2
480,"Washington",117018,0,0
229,"Miami",78755,0,0
275,"Miami",38552,1,4
631,"New York",198250,1,2
481,"Washington",53403,0,0
466,"Las Vegas",78927,0,0
446,"Chicago",48592,0,0
320,"New York",191536,1,5
347,"Las Vegas",140939,1,2
346,"Las Vegas",172268,1,5
391,"Hawaii",168756,1,3
636,"Las Vegas",105357,0,0
220,"Miami",32544,1,2
482,"Miami",47565,0,0
359,"Washington",119854,1,2
643,"New York",25535,0,0
641,"New York",89783,0,0
298,"Las Vegas",152998,1,1
328,"Chicago",114321,1,3
581,"Chicago",66207,0,0
365,"Hawaii",132142,1,5
262,"Washington",142228,1,3
603,"Hawaii",101939,1,3
373,"New York",31511,1,4
318,"Washington",184338,1,5
611,"Washington",180116,0,0
477,"Miami",172682,0,0
539,"Miami",182583,1,2
232,"Miami",60093,0,0
496,"New York",35314,1,3
492,"Las Vegas",157192,0,0
614,"Hawaii",56768,1,2
329,"New York",67431,1,3
629,"Las Vegas",45227,0,0
318,"New York",60258,1,1
483,"Las Vegas",197567,1,2
530,"Hawaii",74514,1,5
440,"New York",41906,1,4
205,"Las Vegas",120632,1,4
380,"New York",108801,0,0
560,"Hawaii",106634,1,3
443,"New York",161272,1,5
431,"Las Vegas",121820,1,4
359,"Miami",89611,1,2
221,"New York",46420,1,5
237,"Miami",190574,0,0
202,"Miami",185856,1,3
365,"Las Vegas",114082,1,5
368,"Las Vegas",70820,1,5
312,"Washington",40784,1,1
364,"New York",133808,1,5
417,"New York",185798,0,0
499,"New York",182337,1,3
310,"Las Vegas",175619,1,5
377,"Washington",166472,1,2
269,"New York",96317,1,2
540,"New York",166924,1,2
353,"Hawaii",73177,1,2
288,"Hawaii",53595,0,0
493,"Washington",71041,1,4
494,"New York",87816,1,1
353,"New York",88936,1,3
561,"Chicago",67080,0,0
235,"New York",130562,1,1
251,"Chicago",133527,1,1
547,"Las Vegas",154213,0,0
445,"Miami",190767,1,1
274,"Las Vegas",130542,1,1
408,"Hawaii",109295,1,3
205,"Hawaii",61443,0,0
351,"Chicago",109054,0,0
402,"Las Vegas",91853,0,0
318,"Chicago",61931,1,2
383,"Chicago",49242,1,5
547,"Las Vegas",100827,0,0
424,"Las Vegas",93994,0,0
479,"Las Vegas",171913,1,1
200,"Las Vegas",112959,1,1
520,"Miami",77486,0,0
297,"Las Vegas",132180,1,2
567,"Chicago",75519,0,0
201,"Miami",123386,1,1
402,"Las Vegas",33636,1,5
276,"Las Vegas",187255,1,1
622,"Hawaii",30136,0,0
507,"New York",182317,1,3
594,"Washington",140812,1,4
595,"New York",95309,0,0
392,"New York",135815,1,3
471,"Washington",46687,1,3
222,"Washington",161954,1,4
295,"Washington",29283,0,0
450,"Miami",104403,1,4
486,"New York",123189,0,0
275,"New York",121557,1,2
460,"Washington",36128,1,5
290,"Hawaii",70139,1,5
477,"New York",195601,1,5
563,"Las Vegas",56913,1,3
242,"Las Vegas",142896,1,4
452,"Hawaii",64397,1,3
295,"Hawaii",32979,0,0
265,"Las Vegas",25814,1,3
382,"Miami",128857,0,0
335,"Washington",93377,0,0
497,"Las Vegas",199454,1,2
638,"New York",43229,0,0
564,"Washington",92195,0,0
294,"Washington",98492,1,2
204,"Miami",159466,1,5
453,"Miami",103008,1,1
492,"Hawaii",139646,0,0
572,"Hawaii",195809,0,0
350,"Hawaii",184755,0,0
632,"Hawaii",57930,1,3
326,"Chicago",61382,0,0
380,"New York",165092,1,5
339,"Miami",173178,1,3
646,"New York",72557,0,0
415,"Las Vegas",83626,1,2
628,"Miami",166442,1,3
397,"New York",160190,1,3
323,"Miami",77753,1,5
431,"Miami",193335,1,1
398,"Miami",46609,0,0
618,"Miami",189964,0,0
234,"Miami",186763,1,2
401,"Miami",145265,1,3
576,"Hawaii",159143,0,0
458,"Las Vegas",73731,1,3
443,"Washington",122087,1,4
312,"Hawaii",62952,0,0
538,"Chicago",178847,1,2
583,"Washington",98079,0,0
390,"Las Vegas",110309,1,4
302,"Las Vegas",165588,1,1
598,"Washington",114445,0,0
420,"Miami",57416,0,0
240,"Las Vegas",45052,0,0
311,"Chicago",42766,1,5
617,"Hawaii",138378,1,3
565,"Washington",173470,1,1
389,"Las Vegas",74806,0,0
471,"Las Vegas",143702,1,2
478,"New York",91804,1,5
644,"Hawaii",57946,0,0
204,"New York",180474,1,1
320,"Las Vegas",140094,1,2
229,"Miami",140414,1,1
592,"Las Vegas",194751,0,0
315,"New York",172581,1,2
321,"Hawaii",142259,1,3
290,"Chicago",133467,1,1
290,"Las Vegas",144912,1,5
529,"Miami",88468,0,0
311,"Washington",27188,0,0
494,"Chicago",49426,0,0
286,"Las Vegas",58704,1,4
263,"Chicago",122376,1,2
331,"Washington",121559,1,2
420,"New York",141388,1,5
497,"Miami",122036,1,2
427,"Las Vegas",164202,0,0
269,"Washington",112541,0,0
391,"Miami",159039,1,3
518,"Miami",66620,1,1
351,"New York",161522,1,5
295,"Chicago",156323,0,0
623,"New York",33130,0,0
593,"Washington",198034,1,2
241,"Hawaii",84338,1,1
371,"New York",159094,1,5
347,"Hawaii",61395,0,0
386,"Washington",148800,1,5
226,"Hawaii",88475,1,2
630,"Hawaii",190815,1,4
604,"Las Vegas",46131,0,0
591,"Hawaii",136259,1,2
280,"Miami",55325,1,4
557,"New York",62232,0,0
322,"New York",110776,1,2
244,"Hawaii",182047,1,3
447,"Las Vegas",91483,1,2
610,"Hawaii",45629,0,0
229,"Miami",157902,1,3
549,"Miami",104151,0,0
591,"Washington",105670,0,0
248,"Miami",143492,1,5
576,"Miami",140614,1,5
248,"Chicago",57695,0,0
245,"Chicago",159399,1,4
619,"Hawaii",36031,0,0
253,"New York",60385,1,2
612,"Hawaii",177891,1,5
509,"Washington",60511,0,0
491,"Miami",46061,1,4
624,"Hawaii",91727,0,0
489,"Las Vegas",110263,1,5
503,"New York",29891,0,0
626,"New York",117682,0,0
571,"Miami",97934,0,0
229,"New York",30673,1,4
621,"Washington",151575,0,0
426,"Washington",51362,1,5
225,"New York",171734,1,2
397,"Las Vegas",61371,1,4
497,"Las Vegas",124285,0,0
503,"Washington",56256,0,0
581,"Miami",49174,0,0
347,"Miami",132490,1,3
209,"Hawaii",32514,0,0
518,"Washington",48492,1,4
477,"Hawaii",96374,1,2
422,"New York",133632,0,0
525,"New York",66778,1,3
350,"New York",185924,1,5
431,"Miami",50281,0,0
632,"New York",46298,0,0
458,"New York",54814,1,1
223,"Miami",33135,1,1
469,"Hawaii",69569,0,0
421,"Chicago",101493,1,2
646,"Miami",188534,1,2
277,"New York",121337,1,1
374,"Hawaii",82213,1,5
335,"Miami",155772,0,0
203,"New York",163343,1,3
593,"Washington",108476,1,2
216,"Las Vegas",45937,1,1
622,"Chicago",25623,0,0
241,"Hawaii",80328,1,3
249,"Washington",32208,1,3
515,"Washington",181889,1,5
523,"Miami",93174,0,0
251,"Chicago",103819,1,2
207,"Washington",166803,1,4
535,"Miami",64489,0,0
201,"New York",162192,1,2
500,"Washington",92430,0,0
276,"New York",41574,1,3
556,"Las Vegas",75900,1,2
456,"Las Vegas",72539,1,1
582,"Washington",134042,1,3
259,"Las Vegas",115875,1,4
436,"Las Vegas",90069,1,1
390,"Las Vegas",96151,0,0
335,"Miami",128125,1,4
216,"Miami",181646,1,1
286,"Hawaii",60324,1,3
619,"Hawaii",93476,0,0
296,"Washington",42311,0,0
215,"Washington",75788,1,5
349,"Las Vegas",29811,1,5
307,"Miami",113782,0,0
283,"Chicago",55686,0,0
348,"Chicago",54127,1,1
461,"Las Vegas",44661,1,2
276,"Washington",25335,1,2
409,"Miami",87433,1,1
347,"Las Vegas",111489,1,1
328,"Washington",164287,0,0
321,"Hawaii",108888,1,1
641,"New York",105419,1,1
373,"Las Vegas",81990,0,0
555,"Hawaii",126659,1,2
222,"Las Vegas",129785,0,0
509,"Miami",31511,0,0
518,"Miami",44313,0,0
254,"Miami",45143,1,2
235,"Miami",102154,1,1
307,"Miami",88300,1,2
326,"Washington",129953,1,5
269,"New York",37402,0,0
581,"Miami",76451,0,0
631,"Hawaii",106613,1,3
356,"New York",72042,1,1
325,"Miami",83796,1,4
410,"Washington",110632,1,5
482,"Hawaii",102093,0,0
388,"New York",133341,0,0
603,"Washington",145169,0,0
392,"Hawaii",138342,1,5
616,"Miami",110299,0,0
615,"Las Vegas",163698,1,4
244,"Miami",168817,1,3
638,"Las Vegas",108185,0,0
534,"Las Vegas",109657,0,0
263,"Hawaii",35814,1,1
522,"Hawaii",152916,1,2
486,"Miami",160070,1,4
574,"Chicago",92762,0,0
327,"New York",180107,1,1
503,"New York",179212,1,2
344,"New York",103500,1,3
201,"New York",65082,1,4
354,"New York",174261,1,4
328,"Las Vegas",158712,1,3
246,"Las Vegas",192627,1,2
642,"Washington",110755,1,5
421,"Las Vegas",188646,1,2
374,"New York",167340,1,4
510,"Washington",67217,1,5
551,"New York",59189,0,0
514,"New York",40630,0,0
271,"Miami",181175,1,3
283,"Las Vegas",110362,1,2
553,"Washington",60680,0,0
547,"Miami",146717,1,3
262,"New York",80241,1,4
225,"Las Vegas",81472,1,1
565,"Washington",159824,0,0
231,"Las Vegas",63923,1,3
516,"Las Vegas",83066,1,2
576,"New York",28958,0,0
280,"Hawaii",126597,1,5
541,"Washington",164520,0,0
521,"Miami",53667,1,1
303,"Hawaii",78151,1,2
358,"New York",67664,1,1
343,"Miami",82323,1,3
609,"Miami",138589,0,0
398,"Las Vegas",59589,1,2
250,"Hawaii",110886,1,2
253,"New York",90292,1,3
478,"New York",44156,1,2
327,"Las Vegas",171828,1,4
294,"Washington",95673,1,2
343,"Miami",72933,0,0
295,"Hawaii",92708,1,5
282,"Hawaii",150976,1,4
589,"New York",60759,1,5
331,"Las Vegas",163429,1,4
447,"Washington",65752,1,1
277,"New York",127972,1,5
268,"Las Vegas",65262,1,3
349,"Hawaii",85853,0,0
217,"Chicago",131360,1,1
305,"Washington",176882,1,2
483,"Washington",188450,1,2
574,"Las Vegas",80478,1,1
533,"Washington",156950,1,2
631,"New York",55580,0,0
509,"Hawaii",174013,0,0
308,"Las Vegas",146583,1,2
416,"Chicago",127812,0,0
626,"Hawaii",81208,1,1
443,"Hawaii",90087,1,2
394,"Las Vegas",197350,0,0
233,"New York",144271,0,0
225,"Chicago",89723,0,0
574,"Washington",149655,1,1
316,"New York",91127,0,0
395,"Las Vegas",142177,1,3
525,"Miami",66330,1,1
446,"Las Vegas",84080,0,0
362,"New York",109892,1,5
626,"Hawaii",61882,0,0
566,"Hawaii",39356,1,1
317,"New York",53667,1,1
396,"Las Vegas",40726,0,0
360,"Miami",101554,0,0
210,"Las Vegas",39369,0,0
517,"Hawaii",87108,1,3
221,"New York",89423,1,4
628,"Washington",66300,0,0
636,"Chicago",38304,0,0
604,"Washington",137746,0,0
581,"New York",193962,1,3
343,"Miami",163368,0,0
473,"Washington",26612,1,5
387,"New York",158949,0,0
288,"Washington",69475,1,1
320,"New York",139113,1,4
528,"Hawaii",42701,0,0
440,"Hawaii",137118,1,1
223,"Chicago",135178,1,5
324,"Miami",67043,1,1
581,"Miami",97130,0,0
341,"Las Vegas",64018,0,0
493,"New York",148046,1,4
617,"New York",120017,1,4
325,"New York",130838,1,3
601,"New York",138943,1,5
356,"Hawaii",172819,1,2
480,"Miami",124725,1,4
279,"Washington",98293,1,3
633,"New York",140443,1,2
502,"New York",51533,1,2
389,"Hawaii",177617,1,2
283,"Washington",147912,1,2
328,"Washington",89706,1,1
239,"Miami",63359,0,0
568,"New York",157796,1,1
530,"Las Vegas",98724,0,0
265,"Las Vegas",106752,1,4
411,"Hawaii",113296,1,3
564,"New York",44769,1,2
485,"New York",178680,1,3
360,"Hawaii",42004,0,0
237,"Miami",189682,0,0
269,"New York",121277,1,1
501,"Las Vegas",102420,1,3
247,"Hawaii",195486,1,2
542,"Washington",40765,0,0
428,"Las Vegas",52083,1,5
463,"Las Vegas",44950,0,0
484,"Miami",185760,0,0
249,"Chicago",80786,1,4
389,"New York",96154,1,4
593,"Chicago",128283,0,0
368,"Miami",63448,1,4
357,"Hawaii",159101,0,0
381,"Hawaii",165046,1,1
590,"Washington",34958,1,2
312,"Miami",27868,1,2
625,"Hawaii",101714,0,0
585,"Las Vegas",111040,1,3
465,"Las Vegas",57301,0,0
203,"Washington",119593,1,1
443,"Hawaii",78644,1,4
447,"New York",77018,0,0
622,"Chicago",38603,0,0
307,"Miami",92420,1,4
292,"Las Vegas",86738,1,1
388,"New York",87467,1,5
553,"Chicago",148625,0,0
444,"Las Vegas",158396,1,5
491,"Miami",126771,0,0
426,"Miami",55712,0,0
372,"Hawaii",137838,1,3
283,"Miami",117816,0,0
223,"Las Vegas",71204,1,2
536,"Miami",78667,0,0
582,"Hawaii",72124,0,0
560,"Hawaii",57051,0,0
549,"Miami",106099,0,0
306,"Chicago",153191,1,5
393,"Hawaii",125032,1,3
448,"Las Vegas",30076,1,4
500,"Las Vegas",167446,1,5
378,"Las Vegas",140293,1,3
276,"Las Vegas",146784,0,0
529,"Chicago",59877,0,0
477,"Hawaii",173278,1,5
531,"New York",68183,1,2
357,"Miami",140828,1,2
461,"Chicago",165121,1,1
427,"Washington",83003,1,3
580,"Las Vegas",29859,0,0
417,"Las Vegas",89316,0,0
404,"Chicago",67167,1,2
287,"Chicago",191091,1,1
537,"New York",49008,1,2
487,"Miami",96723,0,0
237,"Las Vegas",104483,0,0
346,"Las Vegas",138922,1,5
278,"Hawaii",69594,0,0
562,"Washington",34812,0,0
534,"Miami",140414,1,3
639,"Miami",99700,0,0
298,"Washington",51759,1,2
388,"New York",30833,1,3
582,"Hawaii",163438,0,0
368,"Hawaii",121080,1,5
356,"Washington",117229,1,3
371,"New York",37189,1,4
351,"Hawaii",143340,1,5
543,"Las Vegas",149336,1,2
229,"Chicago",189531,1,4
378,"Washington",71236,1,4
254,"Miami",172834,1,4
477,"Miami",143194,0,0
214,"Las Vegas",110037,1,1
270,"Miami",36712,1,1
338,"Miami",80557,1,2
513,"Miami",130543,1,1
540,"Miami",157387,1,3
406,"Las Vegas",39076,1,2
501,"Miami",60656,1,4
275,"Hawaii",140918,1,4
307,"New York",100137,1,1
313,"Miami",138505,1,5
508,"Hawaii",184828,1,1
516,"Hawaii",139719,0,0
623,"New York",186795,1,1
256,"Las Vegas",92490,0,0
430,"Washington",86974,0,0
263,"Hawaii",194518,1,2
518,"New York",55675,1,3
517,"Washington",167495,1,3
290,"Washington",147740,1,3
349,"Las Vegas",142156,0,0
269,"Washington",126385,1,3
214,"Washington",114316,1,5
593,"Las Vegas",156537,1,1
568,"Hawaii",107689,1,3
311,"Miami",68993,0,0
351,"Miami",166270,1,5
483,"Miami",40736,1,3
271,"Miami",39982,0,0
240,"Las Vegas",152080,1,5
622,"Miami",104612,1,5
296,"Hawaii",182906,1,4
210,"Washington",143138,1,2
440,"Miami",105949,1,2
275,"New York",97809,1,3
389,"Las Vegas",114776,1,5
533,"Chicago",95359,0,0
615,"Las Vegas",50650,0,0
205,"New York",37911,1,3
331,"Las Vegas",36086,0,0
579,"Las Vegas",173926,1,4
496,"Las Vegas",182329,1,3
402,"Chicago",25034,1,4
649,"Washington",135663,0,0
366,"Chicago",105938,0,0
543,"Washington",188884,1,2
414,"Washington",183868,1,3
417,"Miami",110504,1,1
243,"New York",82970,1,3
585,"Las Vegas",127808,1,2
315,"Chicago",67154,0,0
425,"New York",33950,0,0
254,"New York",107367,1,5
503,"Hawaii",186484,1,1
404,"Hawaii",119327,1,1
464,"Miami",53273,0,0
336,"Hawaii",31190,1,4
646,"Hawaii",70727,0,0
402,"Las Vegas",106716,0,0
613,"Las Vegas",29510,0,0
410,"Miami",199926,1,1
471,"New York",196468,1,2
285,"Miami",164141,1,2
500,"Miami",104570,1,4
202,"Chicago",77341,1,3
640,"Chicago",139552,0,0
550,"Chicago",177306,1,2
421,"Chicago",176161,0,0
646,"New York",147997,1,5
645,"Las Vegas",187966,1,2
505,"Las Vegas",110782,0,0
276,"Washington",169329,1,4
